"","taxonomic_id","level","kingdom","subkingdom","phylum_division","subphylum_subdivision","class","subclass","order","family","subfamily","tribe","genus","species","infrakingdom","superorder","phylum","subphylum","superclass","infraclass","suborder","infraorder","superfamily","parvorder","subterclass","section","subsection","infraphylum","parvphylum","gigaclass","subgenus","forma","megaclass"
"1",-6,NA,NA,NA,NA,NA,NA,NA,NA,NA,NA,NA,NA,NA,NA,NA,NA,NA,NA,NA,NA,NA,NA,NA,NA,NA,NA,NA,NA,NA,NA,NA,NA
"2",-5,NA,NA,NA,NA,NA,NA,NA,NA,NA,NA,NA,NA,NA,NA,NA,NA,NA,NA,NA,NA,NA,NA,NA,NA,NA,NA,NA,NA,NA,NA,NA,NA
"3",-4,NA,NA,NA,NA,NA,NA,NA,NA,NA,NA,NA,NA,NA,NA,NA,NA,NA,NA,NA,NA,NA,NA,NA,NA,NA,NA,NA,NA,NA,NA,NA,NA
"4",-3,NA,NA,NA,NA,NA,NA,NA,NA,NA,NA,NA,NA,NA,NA,NA,NA,NA,NA,NA,NA,NA,NA,NA,NA,NA,NA,NA,NA,NA,NA,NA,NA
"5",-2,NA,NA,NA,NA,NA,NA,NA,NA,NA,NA,NA,NA,NA,NA,NA,NA,NA,NA,NA,NA,NA,NA,NA,NA,NA,NA,NA,NA,NA,NA,NA,NA
"6",-1,NA,NA,NA,NA,NA,NA,NA,NA,NA,NA,NA,NA,NA,NA,NA,NA,NA,NA,NA,NA,NA,NA,NA,NA,NA,NA,NA,NA,NA,NA,NA,NA
"7",0,NA,NA,NA,NA,NA,NA,NA,NA,NA,NA,NA,NA,NA,NA,NA,NA,NA,NA,NA,NA,NA,NA,NA,NA,NA,NA,NA,NA,NA,NA,NA,NA
"8",51,"Phylum","Animalia",NA,NA,NA,NA,NA,NA,NA,NA,NA,NA,NA,NA,NA,"Mollusca",NA,NA,NA,NA,NA,NA,NA,NA,NA,NA,NA,NA,NA,NA,NA,NA
"9",55,"Class","Animalia",NA,NA,NA,"Polyplacophora",NA,NA,NA,NA,NA,NA,NA,NA,NA,"Mollusca",NA,NA,NA,NA,NA,NA,NA,NA,NA,NA,NA,NA,NA,NA,NA,NA
"10",101,"Class","Animalia",NA,NA,NA,"Gastropoda",NA,NA,NA,NA,NA,NA,NA,NA,NA,"Mollusca",NA,NA,NA,NA,NA,NA,NA,NA,NA,NA,NA,NA,NA,NA,NA,NA
"11",105,"Class","Animalia",NA,NA,NA,"Bivalvia",NA,NA,NA,NA,NA,NA,NA,NA,NA,"Mollusca",NA,NA,NA,NA,NA,NA,NA,NA,NA,NA,NA,NA,NA,NA,NA,NA
"12",111,"Family","Animalia",NA,NA,NA,"Gastropoda","Vetigastropoda","Lepetellida","Fissurellidae",NA,NA,NA,NA,NA,NA,"Mollusca",NA,NA,NA,NA,NA,"Fissurelloidea",NA,NA,NA,NA,NA,NA,NA,NA,NA,NA
"13",120,"Family","Animalia",NA,NA,NA,"Gastropoda","Caenogastropoda","Littorinimorpha","Hydrobiidae",NA,NA,NA,NA,NA,NA,"Mollusca",NA,NA,NA,NA,NA,"Truncatelloidea",NA,NA,NA,NA,NA,NA,NA,NA,NA,NA
"14",123,"Family","Animalia",NA,NA,NA,"Gastropoda","Caenogastropoda","Littorinimorpha","Rissoidae",NA,NA,NA,NA,NA,NA,"Mollusca",NA,NA,NA,NA,NA,"Rissooidea",NA,NA,NA,NA,NA,NA,NA,NA,NA,NA
"15",126,"Family","Animalia",NA,NA,NA,"Gastropoda","Caenogastropoda","Littorinimorpha","Caecidae",NA,NA,NA,NA,NA,NA,"Mollusca",NA,NA,NA,NA,NA,"Truncatelloidea",NA,NA,NA,NA,NA,NA,NA,NA,NA,NA
"16",127,"family","Animalia",NA,NA,NA,"Gastropoda","Caenogastropoda","Caenogastropoda incertae sedis","Turritellidae",NA,NA,NA,NA,NA,NA,"Mollusca",NA,NA,NA,NA,NA,"Cerithioidea",NA,NA,NA,NA,NA,NA,NA,NA,NA,NA
"17",128,"Family","Animalia",NA,NA,NA,"Gastropoda","Caenogastropoda","Caenogastropoda incertae sedis","Cerithiidae",NA,NA,NA,NA,NA,NA,"Mollusca",NA,NA,NA,NA,NA,"Cerithioidea",NA,NA,NA,NA,NA,NA,NA,NA,NA,NA
"18",130,"Family","Animalia",NA,NA,NA,"Gastropoda","Caenogastropoda","Caenogastropoda incertae sedis","Cerithiopsidae",NA,NA,NA,NA,NA,NA,"Mollusca",NA,NA,NA,NA,NA,"Triphoroidea",NA,NA,NA,NA,NA,NA,NA,NA,NA,NA
"19",135,"Family","Animalia",NA,NA,NA,"Gastropoda","Caenogastropoda","Littorinimorpha","Eulimidae",NA,NA,NA,NA,NA,NA,"Mollusca",NA,NA,NA,NA,NA,"Vanikoroidea",NA,NA,NA,NA,NA,NA,NA,NA,NA,NA
"20",141,"Family","Animalia",NA,NA,NA,"Gastropoda","Caenogastropoda","Littorinimorpha","Calyptraeidae",NA,NA,NA,NA,NA,NA,"Mollusca",NA,NA,NA,NA,NA,"Calyptraeoidea",NA,NA,NA,NA,NA,NA,NA,NA,NA,NA
"21",143,"Family","Animalia",NA,NA,NA,"Gastropoda","Caenogastropoda","Littorinimorpha","Velutinidae",NA,NA,NA,NA,NA,NA,"Mollusca",NA,NA,NA,NA,NA,"Velutinoidea",NA,NA,NA,NA,NA,NA,NA,NA,NA,NA
"22",148,"family","Animalia",NA,NA,NA,"Gastropoda","Caenogastropoda","Neogastropoda","Muricidae",NA,NA,NA,NA,NA,NA,"Mollusca",NA,NA,NA,NA,NA,"Muricoidea",NA,NA,NA,NA,NA,NA,NA,NA,NA,NA
"23",152,"Family","Animalia",NA,NA,NA,"Gastropoda","Caenogastropoda","Neogastropoda","Turridae",NA,NA,NA,NA,NA,NA,"Mollusca",NA,NA,NA,NA,NA,"Conoidea",NA,NA,NA,NA,NA,NA,NA,NA,NA,NA
"24",154,"Order","Animalia",NA,NA,NA,"Gastropoda","Heterobranchia","Cephalaspidea",NA,NA,NA,NA,NA,NA,NA,"Mollusca",NA,NA,"Euthyneura",NA,NA,NA,NA,"Tectipleura",NA,NA,NA,NA,NA,NA,NA,NA
"25",205,"Family","Animalia",NA,NA,NA,"Bivalvia","Protobranchia","Nuculanida","Nuculanidae",NA,NA,NA,NA,NA,NA,"Mollusca",NA,NA,NA,NA,NA,"Nuculanoidea",NA,NA,NA,NA,NA,NA,NA,NA,NA,NA
"26",211,"Family","Animalia",NA,NA,NA,"Bivalvia","Autobranchia","Mytilida","Mytilidae",NA,NA,NA,NA,NA,NA,"Mollusca",NA,NA,"Pteriomorphia",NA,NA,"Mytiloidea",NA,NA,NA,NA,NA,NA,NA,NA,NA,NA
"27",213,"Family","Animalia",NA,NA,NA,"Bivalvia","Autobranchia","Pectinida","Pectinidae",NA,NA,NA,NA,NA,NA,"Mollusca",NA,NA,"Pteriomorphia",NA,NA,"Pectinoidea",NA,NA,NA,NA,NA,NA,NA,NA,NA,NA
"28",214,"Family","Animalia",NA,NA,NA,"Bivalvia","Autobranchia","Pectinida","Anomiidae",NA,NA,NA,NA,NA,NA,"Mollusca",NA,NA,"Pteriomorphia",NA,NA,"Anomioidea",NA,NA,NA,NA,NA,NA,NA,NA,NA,NA
"29",222,"Family","Animalia",NA,NA,NA,"Bivalvia","Autobranchia","Galeommatida","Lasaeidae",NA,NA,NA,NA,NA,"Imparidentia","Mollusca",NA,NA,"Heteroconchia",NA,NA,"Galeommatoidea",NA,"Euheterodonta",NA,NA,NA,NA,NA,NA,NA,NA
"30",229,"Family","Animalia",NA,NA,NA,"Bivalvia","Autobranchia","Cardiida","Cardiidae",NA,NA,NA,NA,NA,"Imparidentia","Mollusca",NA,NA,"Heteroconchia",NA,NA,"Cardioidea",NA,"Euheterodonta",NA,NA,NA,NA,NA,NA,NA,NA
"31",243,"Family","Animalia",NA,NA,NA,"Bivalvia","Autobranchia","Venerida","Veneridae",NA,NA,NA,NA,NA,"Imparidentia","Mollusca",NA,NA,"Heteroconchia",NA,NA,"Veneroidea",NA,"Euheterodonta",NA,NA,NA,NA,NA,NA,NA,NA
"32",443,"Family","Animalia",NA,NA,NA,"Gastropoda","Vetigastropoda","Trochida","Trochidae",NA,NA,NA,NA,NA,NA,"Mollusca",NA,NA,NA,NA,NA,"Trochoidea",NA,NA,NA,NA,NA,NA,NA,NA,NA,NA
"33",558,"Phylum","Animalia",NA,NA,NA,NA,NA,NA,NA,NA,NA,NA,NA,NA,NA,"Porifera",NA,NA,NA,NA,NA,NA,NA,NA,NA,NA,NA,NA,NA,NA,NA,NA
"34",793,"Phylum","Animalia",NA,NA,NA,NA,NA,NA,NA,NA,NA,NA,NA,NA,NA,"Platyhelminthes",NA,NA,NA,NA,NA,NA,NA,NA,NA,NA,NA,NA,NA,NA,NA,NA
"35",799,"Phylum","Animalia",NA,NA,NA,NA,NA,NA,NA,NA,NA,NA,NA,NA,NA,"Nematoda",NA,NA,NA,NA,NA,NA,NA,NA,NA,NA,NA,NA,NA,NA,NA,NA
"36",801,"Phylum (Division)","Plantae","Viridiplantae","Chlorophyta",NA,NA,NA,NA,NA,NA,NA,NA,NA,NA,NA,NA,NA,NA,NA,NA,NA,NA,NA,NA,NA,NA,NA,NA,NA,NA,NA,NA
"37",830,"Class","Chromista","Harosa",NA,NA,"Phaeophyceae",NA,NA,NA,NA,NA,NA,NA,"Heterokonta",NA,"Ochrophyta",NA,NA,NA,NA,NA,NA,NA,NA,NA,NA,NA,NA,NA,NA,NA,NA
"38",852,"Phylum (Division)","Plantae","Biliphyta","Rhodophyta",NA,NA,NA,NA,NA,NA,NA,NA,NA,NA,NA,NA,NA,NA,NA,NA,NA,NA,NA,NA,NA,NA,NA,NA,NA,NA,NA,NA
"39",882,"Phylum","Animalia",NA,NA,NA,NA,NA,NA,NA,NA,NA,NA,NA,NA,NA,"Annelida",NA,NA,NA,NA,NA,NA,NA,NA,NA,NA,NA,NA,NA,NA,NA,NA
"40",883,"Class","Animalia",NA,NA,NA,"Polychaeta",NA,NA,NA,NA,NA,NA,NA,NA,NA,"Annelida",NA,NA,NA,NA,NA,NA,NA,NA,NA,NA,NA,NA,NA,NA,NA,NA
"41",895,"Order","Animalia",NA,NA,NA,"Polychaeta","Errantia","Eunicida",NA,NA,NA,NA,NA,NA,NA,"Annelida",NA,NA,NA,NA,NA,NA,NA,NA,NA,NA,NA,NA,NA,NA,NA,NA
"42",902,"Family","Animalia",NA,NA,NA,"Polychaeta","Sedentaria",NA,"Orbiniidae",NA,NA,NA,NA,NA,NA,"Annelida",NA,NA,"Scolecida",NA,NA,NA,NA,NA,NA,NA,NA,NA,NA,NA,NA,NA
"43",913,"Family","Animalia",NA,NA,NA,"Polychaeta","Sedentaria","Spionida","Spionidae",NA,NA,NA,NA,NA,NA,"Annelida",NA,NA,"Canalipalpata","Spioniformia",NA,NA,NA,NA,NA,NA,NA,NA,NA,NA,NA,NA
"44",919,"Family","Animalia",NA,NA,NA,"Polychaeta","Sedentaria","Terebellida","Cirratulidae",NA,NA,NA,NA,NA,NA,"Annelida",NA,NA,"Canalipalpata","Cirratuliformia",NA,NA,NA,NA,NA,NA,NA,NA,NA,NA,NA,NA
"45",924,"Family","Animalia",NA,NA,NA,"Polychaeta","Sedentaria",NA,"Opheliidae",NA,NA,NA,NA,NA,NA,"Annelida",NA,NA,"Scolecida",NA,NA,NA,NA,NA,NA,NA,NA,NA,NA,NA,NA,NA
"46",939,"Family","Animalia",NA,NA,NA,"Polychaeta","Errantia","Phyllodocida","Polynoidae",NA,NA,NA,NA,NA,NA,"Annelida",NA,NA,NA,"Aphroditiformia",NA,NA,NA,NA,NA,NA,NA,NA,NA,NA,NA,NA
"47",944,"Family","Animalia",NA,NA,NA,"Polychaeta","Errantia","Phyllodocida","Chrysopetalidae",NA,NA,NA,NA,NA,NA,"Annelida",NA,NA,NA,"Nereidiformia",NA,NA,NA,NA,NA,NA,NA,NA,NA,NA,NA,NA
"48",948,"Family","Animalia",NA,NA,NA,"Polychaeta","Errantia","Phyllodocida","Syllidae",NA,NA,NA,NA,NA,NA,"Annelida",NA,NA,NA,"Nereidiformia",NA,NA,NA,NA,NA,NA,NA,NA,NA,NA,NA,NA
"49",967,"Family","Animalia",NA,NA,NA,"Polychaeta","Errantia","Eunicida","Lumbrineridae",NA,NA,NA,NA,NA,NA,"Annelida",NA,NA,NA,NA,NA,NA,NA,NA,NA,NA,NA,NA,NA,NA,NA,NA
"50",985,"Family","Animalia",NA,NA,NA,"Polychaeta","Sedentaria","Sabellida","Sabellidae",NA,NA,NA,NA,NA,NA,"Annelida",NA,NA,"Canalipalpata",NA,NA,NA,NA,NA,NA,NA,NA,NA,NA,NA,NA,NA
"51",988,"Family","Animalia",NA,NA,NA,"Polychaeta","Sedentaria","Sabellida","Serpulidae",NA,NA,NA,NA,NA,NA,"Annelida",NA,NA,"Canalipalpata",NA,NA,NA,NA,NA,NA,NA,NA,NA,NA,NA,NA,NA
"52",989,"Subfamily","Animalia",NA,NA,NA,"Polychaeta","Sedentaria","Sabellida","Serpulidae","Spirorbinae",NA,NA,NA,NA,NA,"Annelida",NA,NA,"Canalipalpata",NA,NA,NA,NA,NA,NA,NA,NA,NA,NA,NA,NA,NA
"53",1065,"Phylum","Animalia",NA,NA,NA,NA,NA,NA,NA,NA,NA,NA,NA,NA,NA,"Arthropoda",NA,NA,NA,NA,NA,NA,NA,NA,NA,NA,NA,NA,NA,NA,NA,NA
"54",1066,"Subphylum","Animalia",NA,NA,NA,NA,NA,NA,NA,NA,NA,NA,NA,NA,NA,"Arthropoda","Crustacea",NA,NA,NA,NA,NA,NA,NA,NA,NA,NA,NA,NA,NA,NA,NA
"55",1078,"Class","Animalia",NA,NA,NA,"Ostracoda",NA,NA,NA,NA,NA,NA,NA,NA,NA,"Arthropoda","Crustacea","Oligostraca",NA,NA,NA,NA,NA,NA,NA,NA,NA,NA,NA,NA,NA,NA
"56",1080,"Class","Animalia",NA,NA,NA,"Copepoda",NA,NA,NA,NA,NA,NA,NA,NA,NA,"Arthropoda","Crustacea","Multicrustacea",NA,NA,NA,NA,NA,NA,NA,NA,NA,NA,NA,NA,NA,NA
"57",1082,"Subclass","Animalia",NA,NA,NA,"Thecostraca","Cirripedia",NA,NA,NA,NA,NA,NA,NA,NA,"Arthropoda","Crustacea","Multicrustacea",NA,NA,NA,NA,NA,NA,NA,NA,NA,NA,NA,NA,NA,NA
"58",1100,"Order","Animalia",NA,NA,NA,"Copepoda",NA,"Calanoida",NA,NA,NA,NA,NA,NA,"Gymnoplea","Arthropoda","Crustacea","Multicrustacea","Neocopepoda",NA,NA,NA,NA,NA,NA,NA,NA,NA,NA,NA,NA,NA
"59",1101,"Order","Animalia",NA,NA,NA,"Copepoda",NA,"Cyclopoida",NA,NA,NA,NA,NA,NA,"Podoplea","Arthropoda","Crustacea","Multicrustacea","Neocopepoda",NA,NA,NA,NA,NA,NA,NA,NA,NA,NA,NA,NA,NA
"60",1102,"Order","Animalia",NA,NA,NA,"Copepoda",NA,"Harpacticoida",NA,NA,NA,NA,NA,NA,"Podoplea","Arthropoda","Crustacea","Multicrustacea","Neocopepoda",NA,NA,NA,NA,NA,NA,NA,NA,NA,NA,NA,NA,NA
"61",1128,"Order","Animalia",NA,NA,NA,"Malacostraca","Eumalacostraca","Euphausiacea",NA,NA,NA,NA,NA,NA,"Eucarida","Arthropoda","Crustacea","Multicrustacea",NA,NA,NA,NA,NA,NA,NA,NA,NA,NA,NA,NA,NA,NA
"62",1130,"Order","Animalia",NA,NA,NA,"Malacostraca","Eumalacostraca","Decapoda",NA,NA,NA,NA,NA,NA,"Eucarida","Arthropoda","Crustacea","Multicrustacea",NA,NA,NA,NA,NA,NA,NA,NA,NA,NA,NA,NA,NA,NA
"63",1131,"Order","Animalia",NA,NA,NA,"Malacostraca","Eumalacostraca","Isopoda",NA,NA,NA,NA,NA,NA,"Peracarida","Arthropoda","Crustacea","Multicrustacea",NA,NA,NA,NA,NA,NA,NA,NA,NA,NA,NA,NA,NA,NA
"64",1133,"Order","Animalia",NA,NA,NA,"Malacostraca","Eumalacostraca","Tanaidacea",NA,NA,NA,NA,NA,NA,"Peracarida","Arthropoda","Crustacea","Multicrustacea",NA,NA,NA,NA,NA,NA,NA,NA,NA,NA,NA,NA,NA,NA
"65",1135,"Order","Animalia",NA,NA,NA,"Malacostraca","Eumalacostraca","Amphipoda",NA,NA,NA,NA,NA,NA,"Peracarida","Arthropoda","Crustacea","Multicrustacea",NA,NA,NA,NA,NA,NA,NA,NA,NA,NA,NA,NA,NA,NA
"66",1137,"Order","Animalia",NA,NA,NA,"Malacostraca","Eumalacostraca","Cumacea",NA,NA,NA,NA,NA,NA,"Peracarida","Arthropoda","Crustacea","Multicrustacea",NA,NA,NA,NA,NA,NA,NA,NA,NA,NA,NA,NA,NA,NA
"67",1268,"Order","Animalia",NA,NA,NA,NA,NA,"Sipuncula",NA,NA,NA,NA,NA,NA,NA,"Annelida",NA,NA,NA,NA,NA,NA,NA,NA,NA,NA,NA,NA,NA,NA,NA,NA
"68",1302,"Class","Animalia",NA,NA,NA,"Pycnogonida",NA,NA,NA,NA,NA,NA,NA,NA,NA,"Arthropoda","Chelicerata",NA,NA,NA,NA,NA,NA,NA,NA,NA,NA,NA,NA,NA,NA,NA
"69",1337,"Class","Animalia",NA,NA,NA,"Hydrozoa",NA,NA,NA,NA,NA,NA,NA,NA,NA,"Cnidaria","Medusozoa",NA,NA,NA,NA,NA,NA,NA,NA,NA,NA,NA,NA,NA,NA,NA
"70",1341,"Class","Animalia",NA,NA,NA,"Octocorallia",NA,NA,NA,NA,NA,NA,NA,NA,NA,"Cnidaria","Anthozoa",NA,NA,NA,NA,NA,NA,NA,NA,NA,NA,NA,NA,NA,NA,NA
"71",1360,"Order","Animalia",NA,NA,NA,"Hexacorallia",NA,"Actiniaria",NA,NA,NA,NA,NA,NA,NA,"Cnidaria","Anthozoa",NA,NA,NA,NA,NA,NA,NA,NA,NA,NA,NA,NA,NA,NA,NA
"72",1363,"Order","Animalia",NA,NA,NA,"Hexacorallia",NA,"Scleractinia",NA,NA,NA,NA,NA,NA,NA,"Cnidaria","Anthozoa",NA,NA,NA,NA,NA,NA,NA,NA,NA,NA,NA,NA,NA,NA,NA
"73",1410,"Phylum","Chromista","Harosa",NA,NA,NA,NA,NA,NA,NA,NA,NA,NA,"Rhizaria",NA,"Foraminifera",NA,NA,NA,NA,NA,NA,NA,NA,NA,NA,NA,NA,NA,NA,NA,NA
"74",1484,"Family","Animalia",NA,NA,NA,"Arachnida","Acari","Trombidiformes","Halacaridae",NA,NA,NA,NA,NA,"Acariformes","Arthropoda","Chelicerata",NA,NA,"Prostigmata",NA,"Halacaroidea",NA,NA,NA,NA,NA,NA,NA,NA,NA,NA
"75",1762,"Order","Animalia",NA,NA,NA,"Gastropoda","Heterobranchia","Nudibranchia",NA,NA,NA,NA,NA,NA,"Nudipleura","Mollusca",NA,NA,"Euthyneura",NA,NA,NA,NA,"Ringipleura",NA,NA,NA,NA,NA,NA,NA,NA
"76",1821,"Phylum","Animalia",NA,NA,NA,NA,NA,NA,NA,NA,NA,NA,NA,NA,NA,"Chordata",NA,NA,NA,NA,NA,NA,NA,NA,NA,NA,NA,NA,NA,NA,NA,NA
"77",1839,"Class","Animalia",NA,NA,NA,"Ascidiacea",NA,NA,NA,NA,NA,NA,NA,NA,NA,"Chordata","Tunicata",NA,NA,NA,NA,NA,NA,NA,NA,NA,NA,NA,NA,NA,NA,NA
"78",2036,"Subclass","Animalia",NA,NA,NA,"Clitellata","Oligochaeta",NA,NA,NA,NA,NA,NA,NA,NA,"Annelida",NA,NA,NA,NA,NA,NA,NA,NA,NA,NA,NA,NA,NA,NA,NA,NA
"79",2041,"Subclass","Animalia",NA,NA,NA,"Clitellata","Hirudinea",NA,NA,NA,NA,NA,NA,NA,NA,"Annelida",NA,NA,NA,NA,NA,NA,NA,NA,NA,NA,NA,NA,NA,NA,NA,NA
"80",11676,"Superclass","Animalia",NA,NA,NA,NA,NA,NA,NA,NA,NA,NA,NA,NA,NA,"Chordata","Vertebrata","Pisces",NA,NA,NA,NA,NA,NA,NA,NA,"Gnathostomata",NA,NA,NA,NA,NA
"81",14629,"Superfamily","Animalia",NA,NA,NA,"Bivalvia","Autobranchia","Galeommatida",NA,NA,NA,NA,NA,NA,"Imparidentia","Mollusca",NA,NA,"Heteroconchia",NA,NA,"Galeommatoidea",NA,"Euheterodonta",NA,NA,NA,NA,NA,NA,NA,NA
"82",14767,"Superfamily","Animalia",NA,NA,NA,"Gastropoda","Caenogastropoda","Littorinimorpha",NA,NA,NA,NA,NA,NA,NA,"Mollusca",NA,NA,NA,NA,NA,"Rissooidea",NA,NA,NA,NA,NA,NA,NA,NA,NA,NA
"83",15308,"Order","Plantae","Biliphyta","Rhodophyta","Eurhodophytina","Florideophyceae","Corallinophycidae","Corallinales",NA,NA,NA,NA,NA,NA,NA,NA,NA,NA,NA,NA,NA,NA,NA,NA,NA,NA,NA,NA,NA,NA,NA,NA
"84",22496,"Family","Animalia",NA,NA,NA,"Polychaeta","Errantia","Phyllodocida","Nereididae",NA,NA,NA,NA,NA,NA,"Annelida",NA,NA,NA,"Nereidiformia",NA,NA,NA,NA,NA,NA,NA,NA,NA,NA,NA,NA
"85",22989,"Family","Animalia",NA,NA,NA,"Gastropoda","Heterobranchia",NA,"Architectonicidae",NA,NA,NA,NA,NA,NA,"Mollusca",NA,NA,"""Lower Heterobranchia""",NA,NA,"Architectonicoidea",NA,NA,NA,NA,NA,NA,NA,NA,NA,NA
"86",23009,"Family","Animalia",NA,NA,NA,"Gastropoda","Caenogastropoda","Neogastropoda","Columbellidae",NA,NA,NA,NA,NA,NA,"Mollusca",NA,NA,NA,NA,NA,"Buccinoidea",NA,NA,NA,NA,NA,NA,NA,NA,NA,NA
"87",23022,"Family","Animalia",NA,NA,NA,"Gastropoda","Caenogastropoda","Littorinimorpha","Cypraeidae",NA,NA,NA,NA,NA,NA,"Mollusca",NA,NA,NA,NA,NA,"Cypraeoidea",NA,NA,NA,NA,NA,NA,NA,NA,NA,NA
"88",23023,"Family","Animalia",NA,NA,NA,"Gastropoda","Caenogastropoda","Neogastropoda","Cystiscidae",NA,NA,NA,NA,NA,NA,"Mollusca",NA,NA,NA,NA,NA,"Volutoidea",NA,NA,NA,NA,NA,NA,NA,NA,NA,NA
"89",23038,"family","Animalia",NA,NA,NA,"Gastropoda","Caenogastropoda","Neogastropoda","Fasciolariidae",NA,NA,NA,NA,NA,NA,"Mollusca",NA,NA,NA,NA,NA,"Buccinoidea",NA,NA,NA,NA,NA,NA,NA,NA,NA,NA
"90",23075,"Family","Animalia",NA,NA,NA,"Gastropoda","Patellogastropoda",NA,"Nacellidae",NA,NA,NA,NA,NA,NA,"Mollusca",NA,NA,NA,NA,NA,"Patelloidea",NA,NA,NA,NA,NA,NA,NA,NA,NA,NA
"91",23082,"Family","Animalia",NA,NA,NA,"Gastropoda","Caenogastropoda","Neogastropoda","Olividae",NA,NA,NA,NA,NA,NA,"Mollusca",NA,NA,NA,NA,NA,"Olivoidea",NA,NA,NA,NA,NA,NA,NA,NA,NA,NA
"92",23100,"Family","Animalia",NA,NA,NA,"Gastropoda","Caenogastropoda","Caenogastropoda incertae sedis","Potamididae",NA,NA,NA,NA,NA,NA,"Mollusca",NA,NA,NA,NA,NA,"Cerithioidea",NA,NA,NA,NA,NA,NA,NA,NA,NA,NA
"93",100701,"Genus","Animalia",NA,NA,NA,"Hexacorallia",NA,"Actiniaria","Actiniidae",NA,NA,"Condylactis",NA,NA,NA,"Cnidaria","Anthozoa",NA,NA,"Enthemonae",NA,"Actinioidea",NA,NA,NA,NA,NA,NA,NA,NA,NA,NA
"94",101361,"Family","Animalia",NA,NA,NA,"Malacostraca","Eumalacostraca","Amphipoda","Caprellidae",NA,NA,NA,NA,NA,"Peracarida","Arthropoda","Crustacea","Multicrustacea",NA,"Senticaudata","Corophiida","Caprelloidea","Caprellidira",NA,NA,NA,NA,NA,NA,NA,NA,NA
"95",101368,"Family","Animalia",NA,NA,NA,"Malacostraca","Eumalacostraca","Amphipoda","Aoridae",NA,NA,NA,NA,NA,"Peracarida","Arthropoda","Crustacea","Multicrustacea",NA,"Senticaudata","Corophiida","Aoroidea","Corophiidira",NA,NA,NA,NA,NA,NA,NA,NA,NA
"96",101376,"Family","Animalia",NA,NA,NA,"Malacostraca","Eumalacostraca","Amphipoda","Corophiidae",NA,NA,NA,NA,NA,"Peracarida","Arthropoda","Crustacea","Multicrustacea",NA,"Senticaudata","Corophiida","Corophioidea","Corophiidira",NA,NA,NA,NA,NA,NA,NA,NA,NA
"97",101380,"Family","Animalia",NA,NA,NA,"Malacostraca","Eumalacostraca","Amphipoda","Eusiridae",NA,NA,NA,NA,NA,"Peracarida","Arthropoda","Crustacea","Multicrustacea",NA,"Amphilochidea","Amphilochida","Eusiroidea","Eusiridira",NA,NA,NA,NA,NA,NA,NA,NA,NA
"98",101383,"Family","Animalia",NA,NA,NA,"Malacostraca","Eumalacostraca","Amphipoda","Gammaridae",NA,NA,NA,NA,NA,"Peracarida","Arthropoda","Crustacea","Multicrustacea",NA,"Senticaudata","Gammarida","Gammaroidea","Gammaridira",NA,NA,NA,NA,NA,NA,NA,NA,NA
"99",101388,"Family","Animalia",NA,NA,NA,"Malacostraca","Eumalacostraca","Amphipoda","Isaeidae",NA,NA,NA,NA,NA,"Peracarida","Arthropoda","Crustacea","Multicrustacea",NA,"Senticaudata","Corophiida","Isaeoidea","Caprellidira",NA,NA,NA,NA,NA,NA,NA,NA,NA
"100",101395,"Family","Animalia",NA,NA,NA,"Malacostraca","Eumalacostraca","Amphipoda","Lysianassidae",NA,NA,NA,NA,NA,"Peracarida","Arthropoda","Crustacea","Multicrustacea",NA,"Amphilochidea","Lysianassida","Lysianassoidea","Lysianassidira",NA,NA,NA,NA,NA,NA,NA,NA,NA
"101",101398,"Family","Animalia",NA,NA,NA,"Malacostraca","Eumalacostraca","Amphipoda","Melphidippidae",NA,NA,NA,NA,NA,"Peracarida","Arthropoda","Crustacea","Multicrustacea",NA,"Amphilochidea","Lysianassida","Dexaminoidea","Synopiidira",NA,NA,NA,NA,NA,NA,NA,NA,NA
"102",101403,"Family","Animalia",NA,NA,NA,"Malacostraca","Eumalacostraca","Amphipoda","Phoxocephalidae",NA,NA,NA,NA,NA,"Peracarida","Arthropoda","Crustacea","Multicrustacea",NA,"Amphilochidea","Lysianassida","Haustorioidea","Haustoriidira",NA,NA,NA,NA,NA,NA,NA,NA,NA
"103",101430,"Genus","Animalia",NA,NA,NA,"Malacostraca","Eumalacostraca","Amphipoda","Caprellidae","Caprellinae",NA,"Caprella",NA,NA,"Peracarida","Arthropoda","Crustacea","Multicrustacea",NA,"Senticaudata","Corophiida","Caprelloidea","Caprellidira",NA,NA,NA,NA,NA,NA,NA,NA,NA
"104",101436,"Genus","Animalia",NA,NA,NA,"Malacostraca","Eumalacostraca","Amphipoda","Caprellidae","Phtisicinae",NA,"Phtisica",NA,NA,"Peracarida","Arthropoda","Crustacea","Multicrustacea",NA,"Senticaudata","Corophiida","Caprelloidea","Caprellidira",NA,NA,NA,NA,NA,NA,NA,NA,NA
"105",101445,"Genus","Animalia",NA,NA,NA,"Malacostraca","Eumalacostraca","Amphipoda","Ampeliscidae",NA,NA,"Ampelisca",NA,NA,"Peracarida","Arthropoda","Crustacea","Multicrustacea",NA,"Amphilochidea","Lysianassida","Synopioidea","Synopiidira",NA,NA,NA,NA,NA,NA,NA,NA,NA
"106",101459,"Genus","Animalia",NA,NA,NA,"Malacostraca","Eumalacostraca","Amphipoda","Ampithoidae",NA,NA,"Ampithoe",NA,NA,"Peracarida","Arthropoda","Crustacea","Multicrustacea",NA,"Senticaudata","Corophiida","Corophioidea","Corophiidira",NA,NA,NA,NA,NA,NA,NA,NA,NA
"107",101460,"Genus","Animalia",NA,NA,NA,"Malacostraca","Eumalacostraca","Amphipoda","Ampithoidae",NA,NA,"Cymadusa",NA,NA,"Peracarida","Arthropoda","Crustacea","Multicrustacea",NA,"Senticaudata","Corophiida","Corophioidea","Corophiidira",NA,NA,NA,NA,NA,NA,NA,NA,NA
"108",101467,"Genus","Animalia",NA,NA,NA,"Malacostraca","Eumalacostraca","Amphipoda","Aoridae",NA,NA,"Bemlos",NA,NA,"Peracarida","Arthropoda","Crustacea","Multicrustacea",NA,"Senticaudata","Corophiida","Aoroidea","Corophiidira",NA,NA,NA,NA,NA,NA,NA,NA,NA
"109",101469,"Genus","Animalia",NA,NA,NA,"Malacostraca","Eumalacostraca","Amphipoda","Aoridae",NA,NA,"Lembos",NA,NA,"Peracarida","Arthropoda","Crustacea","Multicrustacea",NA,"Senticaudata","Corophiida","Aoroidea","Corophiidira",NA,NA,NA,NA,NA,NA,NA,NA,NA
"110",101474,"Genus","Animalia",NA,NA,NA,"Malacostraca","Eumalacostraca","Amphipoda","Unciolidae","Unciolinae",NA,"Unciola",NA,NA,"Peracarida","Arthropoda","Crustacea","Multicrustacea",NA,"Senticaudata","Corophiida","Aoroidea","Corophiidira",NA,NA,NA,NA,NA,NA,NA,NA,NA
"111",101489,"Genus","Animalia",NA,NA,NA,"Malacostraca","Eumalacostraca","Amphipoda","Corophiidae","Corophiinae","Corophiini","Corophium",NA,NA,"Peracarida","Arthropoda","Crustacea","Multicrustacea",NA,"Senticaudata","Corophiida","Corophioidea","Corophiidira",NA,NA,NA,NA,NA,NA,NA,NA,NA
"112",101537,"Genus","Animalia",NA,NA,NA,"Malacostraca","Eumalacostraca","Amphipoda","Gammaridae",NA,NA,"Gammarus",NA,NA,"Peracarida","Arthropoda","Crustacea","Multicrustacea",NA,"Senticaudata","Gammarida","Gammaroidea","Gammaridira",NA,NA,NA,NA,NA,NA,NA,NA,NA
"113",101554,"Genus","Animalia",NA,NA,NA,"Malacostraca","Eumalacostraca","Amphipoda","Iphimediidae",NA,NA,"Iphimedia",NA,NA,"Peracarida","Arthropoda","Crustacea","Multicrustacea",NA,"Amphilochidea","Amphilochida","Iphimedioidea","Amphilochidira",NA,NA,NA,NA,NA,NA,NA,NA,NA
"114",101558,"Genus","Animalia",NA,NA,NA,"Malacostraca","Eumalacostraca","Amphipoda","Photidae",NA,NA,"Gammaropsis",NA,NA,"Peracarida","Arthropoda","Crustacea","Multicrustacea",NA,"Senticaudata","Corophiida","Photoidea","Caprellidira",NA,NA,NA,NA,NA,NA,NA,NA,NA
"115",101563,"Genus","Animalia",NA,NA,NA,"Malacostraca","Eumalacostraca","Amphipoda","Photidae",NA,NA,"Photis",NA,NA,"Peracarida","Arthropoda","Crustacea","Multicrustacea",NA,"Senticaudata","Corophiida","Photoidea","Caprellidira",NA,NA,NA,NA,NA,NA,NA,NA,NA
"116",101571,"Genus","Animalia",NA,NA,NA,"Malacostraca","Eumalacostraca","Amphipoda","Ischyroceridae","Ischyrocerinae","Ischyrocerini","Jassa",NA,NA,"Peracarida","Arthropoda","Crustacea","Multicrustacea",NA,"Senticaudata","Corophiida","Photoidea","Caprellidira",NA,NA,NA,NA,NA,NA,NA,NA,NA
"117",101580,"Genus","Animalia",NA,NA,NA,"Malacostraca","Eumalacostraca","Amphipoda","Leucothoidae",NA,NA,"Leucothoe",NA,NA,"Peracarida","Arthropoda","Crustacea","Multicrustacea",NA,"Amphilochidea","Amphilochida","Leucothoidea","Amphilochidira",NA,NA,NA,NA,NA,NA,NA,NA,NA
"118",101614,"Genus","Animalia",NA,NA,NA,"Malacostraca","Eumalacostraca","Amphipoda","Uristidae",NA,NA,"Ichnopus",NA,NA,"Peracarida","Arthropoda","Crustacea","Multicrustacea",NA,"Amphilochidea","Lysianassida","Lysianassoidea","Lysianassidira",NA,NA,NA,NA,NA,NA,NA,NA,NA
"119",101671,"Genus","Animalia",NA,NA,NA,"Malacostraca","Eumalacostraca","Amphipoda","Maeridae",NA,NA,"Elasmopus",NA,NA,"Peracarida","Arthropoda","Crustacea","Multicrustacea",NA,"Senticaudata","Hadziida","Hadzioidea","Hadziidira",NA,NA,NA,NA,NA,NA,NA,NA,NA
"120",101770,"Genus","Animalia",NA,NA,NA,"Malacostraca","Eumalacostraca","Amphipoda","Stenothoidae","Stenothoinae",NA,"Stenothoe",NA,NA,"Peracarida","Arthropoda","Crustacea","Multicrustacea",NA,"Amphilochidea","Amphilochida","Amphilochoidea","Amphilochidira",NA,NA,NA,NA,NA,NA,NA,NA,NA
"121",101830,"Species","Animalia",NA,NA,NA,"Malacostraca","Eumalacostraca","Amphipoda","Caprellidae","Caprellinae",NA,"Caprella","Caprella equilibra",NA,"Peracarida","Arthropoda","Crustacea","Multicrustacea",NA,"Senticaudata","Corophiida","Caprelloidea","Caprellidira",NA,NA,NA,NA,NA,NA,NA,NA,NA
"122",101846,"Species","Animalia",NA,NA,NA,"Malacostraca","Eumalacostraca","Amphipoda","Caprellidae","Caprellinae",NA,"Caprella","Caprella penantis",NA,"Peracarida","Arthropoda","Crustacea","Multicrustacea",NA,"Senticaudata","Corophiida","Caprelloidea","Caprellidira",NA,NA,NA,NA,NA,NA,NA,NA,NA
"123",102000,"Species","Animalia",NA,NA,NA,"Malacostraca","Eumalacostraca","Amphipoda","Ampithoidae",NA,NA,"Ampithoe","Ampithoe ramondi",NA,"Peracarida","Arthropoda","Crustacea","Multicrustacea",NA,"Senticaudata","Corophiida","Corophioidea","Corophiidira",NA,NA,NA,NA,NA,NA,NA,NA,NA
"124",102005,"Species","Animalia",NA,NA,NA,"Malacostraca","Eumalacostraca","Amphipoda","Ampithoidae",NA,NA,"Ampithoe","Ampithoe valida",NA,"Peracarida","Arthropoda","Crustacea","Multicrustacea",NA,"Senticaudata","Corophiida","Corophioidea","Corophiidira",NA,NA,NA,NA,NA,NA,NA,NA,NA
"125",102033,"Species","Animalia",NA,NA,NA,"Malacostraca","Eumalacostraca","Amphipoda","Aoridae",NA,NA,"Lembos","Lembos websteri",NA,"Peracarida","Arthropoda","Crustacea","Multicrustacea",NA,"Senticaudata","Corophiida","Aoroidea","Corophiidira",NA,NA,NA,NA,NA,NA,NA,NA,NA
"126",102040,"Species","Animalia",NA,NA,NA,"Malacostraca","Eumalacostraca","Amphipoda","Corophiidae","Corophiinae","Haplocheirini","Leptocheirus","Leptocheirus pilosus",NA,"Peracarida","Arthropoda","Crustacea","Multicrustacea",NA,"Senticaudata","Corophiida","Corophioidea","Corophiidira",NA,NA,NA,NA,NA,NA,NA,NA,NA
"127",102048,"Species","Animalia",NA,NA,NA,"Malacostraca","Eumalacostraca","Amphipoda","Aoridae",NA,NA,"Microdeutopus","Microdeutopus gryllotalpa",NA,"Peracarida","Arthropoda","Crustacea","Multicrustacea",NA,"Senticaudata","Corophiida","Aoroidea","Corophiidira",NA,NA,NA,NA,NA,NA,NA,NA,NA
"128",102101,"Species","Animalia",NA,NA,NA,"Malacostraca","Eumalacostraca","Amphipoda","Corophiidae","Corophiinae","Corophiini","Corophium","Corophium volutator",NA,"Peracarida","Arthropoda","Crustacea","Multicrustacea",NA,"Senticaudata","Corophiida","Corophioidea","Corophiidira",NA,NA,NA,NA,NA,NA,NA,NA,NA
"129",102276,"Species","Animalia",NA,NA,NA,"Malacostraca","Eumalacostraca","Amphipoda","Gammaridae",NA,NA,"Gammarus","Gammarus duebeni",NA,"Peracarida","Arthropoda","Crustacea","Multicrustacea",NA,"Senticaudata","Gammarida","Gammaroidea","Gammaridira",NA,NA,NA,NA,NA,NA,NA,NA,NA
"130",102296,"Species","Animalia",NA,NA,NA,"Malacostraca","Eumalacostraca","Amphipoda","Gammaridae",NA,NA,"Gammarus","Gammarus tigrinus",NA,"Peracarida","Arthropoda","Crustacea","Multicrustacea",NA,"Senticaudata","Gammarida","Gammaroidea","Gammaridira",NA,NA,NA,NA,NA,NA,NA,NA,NA
"131",102385,"Species","Animalia",NA,NA,NA,"Malacostraca","Eumalacostraca","Amphipoda","Photidae",NA,NA,"Photis","Photis pollex",NA,"Peracarida","Arthropoda","Crustacea","Multicrustacea",NA,"Senticaudata","Corophiida","Photoidea","Caprellidira",NA,NA,NA,NA,NA,NA,NA,NA,NA
"132",102401,"Species","Animalia",NA,NA,NA,"Malacostraca","Eumalacostraca","Amphipoda","Ischyroceridae","Ischyrocerinae","Ericthonini","Ericthonius","Ericthonius brasiliensis",NA,"Peracarida","Arthropoda","Crustacea","Multicrustacea",NA,"Senticaudata","Corophiida","Photoidea","Caprellidira",NA,NA,NA,NA,NA,NA,NA,NA,NA
"133",102409,"Species","Animalia",NA,NA,NA,"Malacostraca","Eumalacostraca","Amphipoda","Ischyroceridae","Ischyrocerinae","Ericthonini","Ericthonius","Ericthonius rubricornis",NA,"Peracarida","Arthropoda","Crustacea","Multicrustacea",NA,"Senticaudata","Corophiida","Photoidea","Caprellidira",NA,NA,NA,NA,NA,NA,NA,NA,NA
"134",102805,"Species","Animalia",NA,NA,NA,"Malacostraca","Eumalacostraca","Amphipoda","Maeridae",NA,NA,"Elasmopus","Elasmopus rapax",NA,"Peracarida","Arthropoda","Crustacea","Multicrustacea",NA,"Senticaudata","Hadziida","Hadzioidea","Hadziidira",NA,NA,NA,NA,NA,NA,NA,NA,NA
"135",103936,"Species","Animalia",NA,NA,NA,"Ascidiacea",NA,"Stolidobranchia","Styelidae",NA,NA,"Styela","Styela plicata",NA,NA,"Chordata","Tunicata",NA,NA,NA,NA,NA,NA,NA,NA,NA,NA,NA,NA,NA,NA,NA
"136",105689,"family","Animalia",NA,NA,NA,"Elasmobranchii","Neoselachii","Carcharhiniformes","Carcharhinidae",NA,NA,NA,NA,NA,"Galeomorphi","Chordata","Vertebrata",NA,"Selachii",NA,NA,NA,NA,NA,NA,NA,"Gnathostomata","Chondrichthyes",NA,NA,NA,NA
"137",105797,"species","Animalia",NA,NA,NA,"Elasmobranchii","Neoselachii","Carcharhiniformes","Carcharhinidae",NA,NA,"Carcharhinus","Carcharhinus plumbeus",NA,"Galeomorphi","Chordata","Vertebrata",NA,"Selachii",NA,NA,NA,NA,NA,NA,NA,"Gnathostomata","Chondrichthyes",NA,NA,NA,NA
"138",105800,"species","Animalia",NA,NA,NA,"Elasmobranchii","Neoselachii","Carcharhiniformes","Carcharhinidae",NA,NA,"Negaprion","Negaprion brevirostris",NA,"Galeomorphi","Chordata","Vertebrata",NA,"Selachii",NA,NA,NA,NA,NA,NA,NA,"Gnathostomata","Chondrichthyes",NA,NA,NA,NA
"139",105817,"species","Animalia",NA,NA,NA,"Elasmobranchii","Neoselachii","Carcharhiniformes","Sphyrnidae",NA,NA,"Sphyrna","Sphyrna mokarran",NA,"Galeomorphi","Chordata","Vertebrata",NA,"Selachii",NA,NA,NA,NA,NA,NA,NA,"Gnathostomata","Chondrichthyes",NA,NA,NA,NA
"140",105846,"species","Animalia",NA,NA,NA,"Elasmobranchii","Neoselachii","Orectolobiformes","Ginglymostomatidae",NA,NA,"Ginglymostoma","Ginglymostoma cirratum",NA,"Galeomorphi","Chordata","Vertebrata",NA,"Selachii",NA,NA,NA,NA,NA,NA,NA,"Gnathostomata","Chondrichthyes",NA,NA,NA,NA
"141",106122,"Genus","Animalia",NA,NA,NA,"Thecostraca","Cirripedia","Balanomorpha","Balanidae","Balaninae",NA,"Balanus",NA,NA,"Thoracicalcarea","Arthropoda","Crustacea","Multicrustacea","Thoracica",NA,NA,"Balanoidea",NA,NA,NA,NA,NA,NA,NA,NA,NA,NA
"142",106673,"Infraorder","Animalia",NA,NA,NA,"Malacostraca","Eumalacostraca","Decapoda",NA,NA,NA,NA,NA,NA,"Eucarida","Arthropoda","Crustacea","Multicrustacea",NA,"Pleocyemata","Brachyura",NA,NA,NA,NA,NA,NA,NA,NA,NA,NA,NA
"143",106674,"Infraorder","Animalia",NA,NA,NA,"Malacostraca","Eumalacostraca","Decapoda",NA,NA,NA,NA,NA,NA,"Eucarida","Arthropoda","Crustacea","Multicrustacea",NA,"Pleocyemata","Caridea",NA,NA,NA,NA,NA,NA,NA,NA,NA,NA,NA
"144",106687,"Superfamily","Animalia",NA,NA,NA,"Malacostraca","Eumalacostraca","Decapoda",NA,NA,NA,NA,NA,NA,"Eucarida","Arthropoda","Crustacea","Multicrustacea",NA,"Pleocyemata","Anomura","Paguroidea",NA,NA,NA,NA,NA,NA,NA,NA,NA,NA
"145",106734,"family","Animalia",NA,NA,NA,"Malacostraca","Eumalacostraca","Decapoda","Porcellanidae",NA,NA,NA,NA,NA,"Eucarida","Arthropoda","Crustacea","Multicrustacea",NA,"Pleocyemata","Anomura","Galatheoidea",NA,NA,NA,NA,NA,NA,NA,NA,NA,NA
"146",106736,"family","Animalia",NA,NA,NA,"Malacostraca","Eumalacostraca","Decapoda","Diogenidae",NA,NA,NA,NA,NA,"Eucarida","Arthropoda","Crustacea","Multicrustacea",NA,"Pleocyemata","Anomura","Paguroidea",NA,NA,NA,NA,NA,NA,NA,NA,NA,NA
"147",106763,"family","Animalia",NA,NA,NA,"Malacostraca","Eumalacostraca","Decapoda","Portunidae",NA,NA,NA,NA,NA,"Eucarida","Arthropoda","Crustacea","Multicrustacea",NA,"Pleocyemata","Brachyura","Portunoidea",NA,NA,"Eubrachyura","Heterotremata",NA,NA,NA,NA,NA,NA
"148",106765,"Family","Animalia",NA,NA,NA,"Malacostraca","Eumalacostraca","Decapoda","Panopeidae",NA,NA,NA,NA,NA,"Eucarida","Arthropoda","Crustacea","Multicrustacea",NA,"Pleocyemata","Brachyura","Xanthoidea",NA,NA,"Eubrachyura","Heterotremata",NA,NA,NA,NA,NA,NA
"149",106777,"Family","Animalia",NA,NA,NA,"Malacostraca","Eumalacostraca","Decapoda","Hippolytidae",NA,NA,NA,NA,NA,"Eucarida","Arthropoda","Crustacea","Multicrustacea",NA,"Pleocyemata","Caridea","Alpheoidea",NA,NA,NA,NA,NA,NA,NA,NA,NA,NA
"150",106798,"family","Animalia",NA,NA,NA,"Malacostraca","Eumalacostraca","Decapoda","Axiidae",NA,NA,NA,NA,NA,"Eucarida","Arthropoda","Crustacea","Multicrustacea",NA,"Pleocyemata","Axiidea",NA,NA,NA,NA,NA,NA,NA,NA,NA,NA,NA
"151",106800,"family","Animalia",NA,NA,NA,"Malacostraca","Eumalacostraca","Decapoda","Callianassidae",NA,NA,NA,NA,NA,"Eucarida","Arthropoda","Crustacea","Multicrustacea",NA,"Pleocyemata","Axiidea",NA,NA,NA,NA,NA,NA,NA,NA,NA,NA,NA
"152",106822,"Genus","Animalia",NA,NA,NA,"Malacostraca","Eumalacostraca","Decapoda","Penaeidae",NA,NA,"Penaeus",NA,NA,"Eucarida","Arthropoda","Crustacea","Multicrustacea",NA,"Dendrobranchiata",NA,"Penaeoidea",NA,NA,NA,NA,NA,NA,NA,NA,NA,NA
"153",106844,"Genus","Animalia",NA,NA,NA,"Malacostraca","Eumalacostraca","Decapoda","Diogenidae",NA,NA,"Paguristes",NA,NA,"Eucarida","Arthropoda","Crustacea","Multicrustacea",NA,"Pleocyemata","Anomura","Paguroidea",NA,NA,NA,NA,NA,NA,NA,NA,NA,NA
"154",106906,"Genus","Animalia",NA,NA,NA,"Malacostraca","Eumalacostraca","Decapoda","Epialtidae","Pisinae",NA,"Libinia",NA,NA,"Eucarida","Arthropoda","Crustacea","Multicrustacea",NA,"Pleocyemata","Brachyura","Majoidea",NA,NA,"Eubrachyura","Heterotremata",NA,NA,NA,NA,NA,NA
"155",106921,"Genus","Animalia",NA,NA,NA,"Malacostraca","Eumalacostraca","Decapoda","Portunidae","Portuninae",NA,"Callinectes",NA,NA,"Eucarida","Arthropoda","Crustacea","Multicrustacea",NA,"Pleocyemata","Brachyura","Portunoidea",NA,NA,"Eubrachyura","Heterotremata",NA,NA,NA,NA,NA,NA
"156",106978,"Genus","Animalia",NA,NA,NA,"Malacostraca","Eumalacostraca","Decapoda","Alpheidae",NA,NA,"Alpheus",NA,NA,"Eucarida","Arthropoda","Crustacea","Multicrustacea",NA,"Pleocyemata","Caridea","Alpheoidea",NA,NA,NA,NA,NA,NA,NA,NA,NA,NA
"157",106987,"Genus","Animalia",NA,NA,NA,"Malacostraca","Eumalacostraca","Decapoda","Hippolytidae",NA,NA,"Hippolyte",NA,NA,"Eucarida","Arthropoda","Crustacea","Multicrustacea",NA,"Pleocyemata","Caridea","Alpheoidea",NA,NA,NA,NA,NA,NA,NA,NA,NA,NA
"158",106992,"genus","Animalia",NA,NA,NA,"Malacostraca","Eumalacostraca","Decapoda","Lysmatidae",NA,NA,"Lysmata",NA,NA,"Eucarida","Arthropoda","Crustacea","Multicrustacea",NA,"Pleocyemata","Caridea","Alpheoidea",NA,NA,NA,NA,NA,NA,NA,NA,NA,NA
"159",106995,"genus","Animalia",NA,NA,NA,"Malacostraca","Eumalacostraca","Decapoda","Thoridae",NA,NA,"Thor",NA,NA,"Eucarida","Arthropoda","Crustacea","Multicrustacea",NA,"Pleocyemata","Caridea","Alpheoidea",NA,NA,NA,NA,NA,NA,NA,NA,NA,NA
"160",107032,"Genus","Animalia",NA,NA,NA,"Malacostraca","Eumalacostraca","Decapoda","Palaemonidae",NA,NA,"Palaemon",NA,NA,"Eucarida","Arthropoda","Crustacea","Multicrustacea",NA,"Pleocyemata","Caridea","Palaemonoidea",NA,NA,NA,NA,NA,NA,NA,NA,NA,NA
"161",107035,"Genus","Animalia",NA,NA,NA,"Malacostraca","Eumalacostraca","Decapoda","Palaemonidae",NA,NA,"Periclimenes",NA,NA,"Eucarida","Arthropoda","Crustacea","Multicrustacea",NA,"Pleocyemata","Caridea","Palaemonoidea",NA,NA,NA,NA,NA,NA,NA,NA,NA,NA
"162",107044,"Genus","Animalia",NA,NA,NA,"Malacostraca","Eumalacostraca","Decapoda","Pandalidae",NA,NA,"Pandalus",NA,NA,"Eucarida","Arthropoda","Crustacea","Multicrustacea",NA,"Pleocyemata","Caridea","Pandaloidea",NA,NA,NA,NA,NA,NA,NA,NA,NA,NA
"163",107060,"genus","Animalia",NA,NA,NA,"Malacostraca","Eumalacostraca","Decapoda","Palinuridae",NA,NA,"Panulirus",NA,NA,"Eucarida","Arthropoda","Crustacea","Multicrustacea",NA,"Pleocyemata","Achelata",NA,NA,NA,NA,NA,NA,NA,NA,NA,NA,NA
"164",107335,"Species","Animalia",NA,NA,NA,"Malacostraca","Eumalacostraca","Decapoda","Epialtidae","Pisinae",NA,"Libinia","Libinia dubia",NA,"Eucarida","Arthropoda","Crustacea","Multicrustacea",NA,"Pleocyemata","Brachyura","Majoidea",NA,NA,"Eubrachyura","Heterotremata",NA,NA,NA,NA,NA,NA
"165",107379,"Species","Animalia",NA,NA,NA,"Malacostraca","Eumalacostraca","Decapoda","Portunidae","Portuninae",NA,"Callinectes","Callinectes sapidus",NA,"Eucarida","Arthropoda","Crustacea","Multicrustacea",NA,"Pleocyemata","Brachyura","Portunoidea",NA,NA,"Eubrachyura","Heterotremata",NA,NA,NA,NA,NA,NA
"166",107381,"Species","Animalia",NA,NA,NA,"Malacostraca","Eumalacostraca","Decapoda","Carcinidae","Carcininae",NA,"Carcinus","Carcinus maenas",NA,"Eucarida","Arthropoda","Crustacea","Multicrustacea",NA,"Pleocyemata","Brachyura","Portunoidea",NA,NA,"Eubrachyura","Heterotremata",NA,NA,NA,NA,NA,NA
"167",107382,"species","Animalia",NA,NA,NA,"Malacostraca","Eumalacostraca","Decapoda","Portunidae","Thalamitinae",NA,"Charybdis","Charybdis (Charybdis) hellerii",NA,"Eucarida","Arthropoda","Crustacea","Multicrustacea",NA,"Pleocyemata","Brachyura","Portunoidea",NA,NA,"Eubrachyura","Heterotremata",NA,NA,NA,"Charybdis (Charybdis)",NA,NA
"168",107412,"Species","Animalia",NA,NA,NA,"Malacostraca","Eumalacostraca","Decapoda","Panopeidae",NA,NA,"Dyspanopeus","Dyspanopeus sayi",NA,"Eucarida","Arthropoda","Crustacea","Multicrustacea",NA,"Pleocyemata","Brachyura","Xanthoidea",NA,NA,"Eubrachyura","Heterotremata",NA,NA,NA,NA,NA,NA
"169",107414,"Species","Animalia",NA,NA,NA,"Malacostraca","Eumalacostraca","Decapoda","Panopeidae",NA,NA,"Rhithropanopeus","Rhithropanopeus harrisii",NA,"Eucarida","Arthropoda","Crustacea","Multicrustacea",NA,"Pleocyemata","Brachyura","Xanthoidea",NA,NA,"Eubrachyura","Heterotremata",NA,NA,NA,NA,NA,NA
"170",107457,"Species","Animalia",NA,NA,NA,"Malacostraca","Eumalacostraca","Decapoda","Grapsidae",NA,NA,"Pachygrapsus","Pachygrapsus transversus",NA,"Eucarida","Arthropoda","Crustacea","Multicrustacea",NA,"Pleocyemata","Brachyura","Grapsoidea",NA,NA,"Eubrachyura","Thoracotremata",NA,NA,NA,NA,NA,NA
"171",107458,"species","Animalia",NA,NA,NA,"Malacostraca","Eumalacostraca","Decapoda","Percnidae",NA,NA,"Percnon","Percnon gibbesi",NA,"Eucarida","Arthropoda","Crustacea","Multicrustacea",NA,"Pleocyemata","Brachyura","Grapsoidea",NA,NA,"Eubrachyura","Thoracotremata",NA,NA,NA,NA,NA,NA
"172",107519,"Species","Animalia",NA,NA,NA,"Malacostraca","Eumalacostraca","Decapoda","Hippolytidae",NA,NA,"Latreutes","Latreutes fucorum",NA,"Eucarida","Arthropoda","Crustacea","Multicrustacea",NA,"Pleocyemata","Caridea","Alpheoidea",NA,NA,NA,NA,NA,NA,NA,NA,NA,NA
"173",107534,"species","Animalia",NA,NA,NA,"Malacostraca","Eumalacostraca","Decapoda","Thoridae",NA,NA,"Thor","Thor amboinensis",NA,"Eucarida","Arthropoda","Crustacea","Multicrustacea",NA,"Pleocyemata","Caridea","Alpheoidea",NA,NA,NA,NA,NA,NA,NA,NA,NA,NA
"174",107611,"species","Animalia",NA,NA,NA,"Malacostraca","Eumalacostraca","Decapoda","Palaemonidae",NA,NA,"Brachycarpus","Brachycarpus biunguiculatus",NA,"Eucarida","Arthropoda","Crustacea","Multicrustacea",NA,"Pleocyemata","Caridea","Palaemonoidea",NA,NA,NA,NA,NA,NA,NA,NA,NA,NA
"175",110342,"Order","Animalia",NA,NA,NA,"Polychaeta","Echiura","Echiuroidea",NA,NA,NA,NA,NA,NA,NA,"Annelida",NA,NA,NA,NA,NA,NA,NA,NA,NA,NA,NA,NA,NA,NA,NA,NA
"176",110416,"Genus","Animalia",NA,NA,NA,"Malacostraca","Eumalacostraca","Cumacea","Nannastacidae",NA,NA,"Cumella",NA,NA,"Peracarida","Arthropoda","Crustacea","Multicrustacea",NA,NA,NA,NA,NA,NA,NA,NA,NA,NA,NA,NA,NA,NA
"177",111158,"Species","Animalia",NA,NA,NA,"Gymnolaemata",NA,"Cheilostomatida","Bugulidae",NA,NA,"Bugula","Bugula neritina",NA,NA,"Bryozoa",NA,NA,NA,"Flustrina",NA,"Buguloidea",NA,NA,NA,NA,NA,NA,NA,NA,NA,NA
"178",111673,"Species","Animalia",NA,NA,NA,"Gymnolaemata",NA,"Ctenostomatida","Victorellidae",NA,NA,"Victorella","Victorella pavida",NA,NA,"Bryozoa",NA,NA,NA,"Victorellina",NA,"Victorelloidea",NA,NA,NA,NA,NA,NA,NA,NA,NA,NA
"179",112080,"Genus","Chromista","Harosa",NA,NA,"Globothalamea","Rotaliana","Rotaliida","Amphisteginidae",NA,NA,"Amphistegina",NA,"Rhizaria",NA,"Foraminifera",NA,NA,NA,NA,NA,"Asterigerinoidea",NA,NA,NA,NA,NA,NA,NA,NA,NA,NA
"180",112119,"Genus","Chromista","Harosa",NA,NA,"Globothalamea","Rotaliana","Rotaliida","Calcarinidae",NA,NA,"Calcarina",NA,"Rhizaria",NA,"Foraminifera",NA,NA,NA,NA,NA,"Calcarinoidea",NA,NA,NA,NA,NA,NA,NA,NA,NA,NA
"181",112822,"Species","Chromista","Harosa",NA,NA,"Tubothalamea",NA,"Miliolida","Soritidae","Soritinae",NA,"Amphisorus","Amphisorus hemprichii","Rhizaria",NA,"Foraminifera",NA,NA,NA,"Miliolina",NA,"Soritoidea",NA,NA,NA,NA,NA,NA,NA,NA,NA,NA
"182",112823,"Species","Chromista","Harosa",NA,NA,"Tubothalamea",NA,"Miliolida","Soritidae","Soritinae",NA,"Sorites","Sorites orbiculus","Rhizaria",NA,"Foraminifera",NA,NA,NA,"Miliolina",NA,"Soritoidea",NA,NA,NA,NA,NA,NA,NA,NA,NA,NA
"183",113625,"Species","Chromista","Harosa",NA,NA,"Globothalamea","Rotaliana","Rotaliida","Calcarinidae","Pararotaliinae",NA,"Neorotalia","Neorotalia calcar","Rhizaria",NA,"Foraminifera",NA,NA,NA,NA,NA,"Calcarinoidea",NA,NA,NA,NA,NA,NA,NA,NA,NA,NA
"184",115430,"Genus","Animalia",NA,NA,NA,"Copepoda",NA,"Harpacticoida","Peltidiidae","Peltidiinae",NA,"Peltidium",NA,NA,"Podoplea","Arthropoda","Crustacea","Multicrustacea","Neocopepoda",NA,NA,NA,NA,NA,NA,NA,NA,NA,NA,NA,NA,NA
"185",117034,"Genus","Animalia",NA,NA,NA,"Hydrozoa","Hydroidolina","Leptothecata","Campanulariidae",NA,NA,"Obelia",NA,NA,NA,"Cnidaria","Medusozoa",NA,NA,NA,NA,NA,NA,NA,NA,NA,NA,NA,NA,NA,NA,NA
"186",118100,"Family","Animalia",NA,NA,NA,"Hexapoda","Insecta","Diptera","Chironomidae",NA,NA,NA,NA,NA,NA,"Arthropoda","Crustacea","Allotriocarida","Pterygota","Nematocera","Culicomorpha",NA,NA,NA,NA,NA,NA,NA,NA,NA,NA,NA
"187",118244,"Family","Animalia",NA,NA,NA,"Malacostraca","Eumalacostraca","Isopoda","Anthuridae",NA,NA,NA,NA,NA,"Peracarida","Arthropoda","Crustacea","Multicrustacea",NA,"Cymothoida",NA,"Anthuroidea",NA,NA,NA,NA,NA,NA,NA,NA,NA,NA
"188",118274,"family","Animalia",NA,NA,NA,"Malacostraca","Eumalacostraca","Isopoda","Cymothoidae",NA,NA,NA,NA,NA,"Peracarida","Arthropoda","Crustacea","Multicrustacea",NA,"Cymothoida",NA,"Cymothooidea",NA,NA,NA,NA,NA,NA,NA,NA,NA,NA
"189",118283,"Family","Animalia",NA,NA,NA,"Malacostraca","Eumalacostraca","Isopoda","Idoteidae",NA,NA,NA,NA,NA,"Peracarida","Arthropoda","Crustacea","Multicrustacea",NA,"Valvifera",NA,NA,NA,NA,NA,NA,NA,NA,NA,NA,NA,NA
"190",118362,"Genus","Animalia",NA,NA,NA,"Malacostraca","Eumalacostraca","Isopoda","Janiridae",NA,NA,"Carpias",NA,NA,"Peracarida","Arthropoda","Crustacea","Multicrustacea",NA,"Asellota",NA,"Janiroidea",NA,NA,NA,NA,NA,NA,NA,NA,NA,NA
"191",118437,"Genus","Animalia",NA,NA,NA,"Malacostraca","Eumalacostraca","Isopoda","Gnathiidae",NA,NA,"Gnathia",NA,NA,"Peracarida","Arthropoda","Crustacea","Multicrustacea",NA,"Cymothoida",NA,"Cymothooidea",NA,NA,NA,NA,NA,NA,NA,NA,NA,NA
"192",118454,"Genus","Animalia",NA,NA,NA,"Malacostraca","Eumalacostraca","Isopoda","Idoteidae",NA,NA,"Idotea",NA,NA,"Peracarida","Arthropoda","Crustacea","Multicrustacea",NA,"Valvifera",NA,NA,NA,NA,NA,NA,NA,NA,NA,NA,NA,NA
"193",118715,"Species","Animalia",NA,NA,NA,"Malacostraca","Eumalacostraca","Isopoda","Janiridae",NA,NA,"Jaera","Jaera albifrons",NA,"Peracarida","Arthropoda","Crustacea","Multicrustacea",NA,"Asellota",NA,"Janiroidea",NA,NA,NA,NA,NA,NA,NA,NA,NA,NA
"194",119039,"Species","Animalia",NA,NA,NA,"Malacostraca","Eumalacostraca","Isopoda","Idoteidae",NA,NA,"Idotea","Idotea balthica",NA,"Peracarida","Arthropoda","Crustacea","Multicrustacea",NA,"Valvifera",NA,NA,NA,NA,NA,NA,NA,NA,NA,NA,NA,NA
"195",119042,"Species","Animalia",NA,NA,NA,"Malacostraca","Eumalacostraca","Isopoda","Idoteidae",NA,NA,"Idotea","Idotea chelipes",NA,"Peracarida","Arthropoda","Crustacea","Multicrustacea",NA,"Valvifera",NA,NA,NA,NA,NA,NA,NA,NA,NA,NA,NA,NA
"196",119044,"Species","Animalia",NA,NA,NA,"Malacostraca","Eumalacostraca","Isopoda","Idoteidae",NA,NA,"Idotea","Idotea granulosa",NA,"Peracarida","Arthropoda","Crustacea","Multicrustacea",NA,"Valvifera",NA,NA,NA,NA,NA,NA,NA,NA,NA,NA,NA,NA
"197",119822,"Family","Animalia",NA,NA,NA,"Malacostraca","Eumalacostraca","Mysida","Mysidae",NA,NA,NA,NA,NA,"Peracarida","Arthropoda","Crustacea","Multicrustacea",NA,NA,NA,NA,NA,NA,NA,NA,NA,NA,NA,NA,NA,NA
"198",120177,"Species","Animalia",NA,NA,NA,"Malacostraca","Eumalacostraca","Mysida","Mysidae","Mysinae","Paramysini","Praunus","Praunus flexuosus",NA,"Peracarida","Arthropoda","Crustacea","Multicrustacea",NA,NA,NA,NA,NA,NA,NA,NA,NA,NA,NA,NA,NA,NA
"199",123084,"Class","Animalia",NA,NA,NA,"Ophiuroidea",NA,NA,NA,NA,NA,NA,NA,NA,NA,"Echinodermata","Asterozoa",NA,NA,NA,NA,NA,NA,NA,NA,NA,NA,NA,NA,NA,NA,NA
"200",123182,"Family","Animalia",NA,NA,NA,"Holothuroidea","Paractinopoda","Apodida","Synaptidae",NA,NA,NA,NA,NA,NA,"Echinodermata","Echinozoa",NA,NA,NA,NA,NA,NA,NA,NA,NA,NA,NA,NA,NA,NA,NA
"201",123456,"Genus","Animalia",NA,NA,NA,"Holothuroidea","Actinopoda","Holothuriida","Holothuriidae",NA,NA,"Holothuria",NA,NA,NA,"Echinodermata","Echinozoa",NA,NA,NA,NA,NA,NA,NA,NA,NA,NA,NA,NA,NA,NA,NA
"202",123547,"Genus","Animalia",NA,NA,NA,"Ophiuroidea","Myophiuroida","Ophiacanthida","Ophiodermatidae",NA,NA,"Ophioderma",NA,NA,"Ophintegrida","Echinodermata","Asterozoa",NA,"Metophiurida","Ophiodermatina",NA,"Ophiodermatoidea",NA,NA,NA,NA,NA,NA,NA,NA,NA,NA
"203",123592,"genus","Animalia",NA,NA,NA,"Ophiuroidea","Myophiuroida","Ophiacanthida","Ophiocomidae",NA,NA,"Ophiocoma",NA,NA,"Ophintegrida","Echinodermata","Asterozoa",NA,"Metophiurida","Ophiodermatina",NA,"Ophiocomoidea",NA,NA,NA,NA,NA,NA,NA,NA,NA,NA
"204",123776,"Species","Animalia",NA,NA,NA,"Asteroidea","Ambuloasteroidea","Forcipulatida","Asteriidae",NA,NA,"Asterias","Asterias rubens",NA,"Forcipulatacea","Echinodermata","Asterozoa",NA,"Neoasteroidea",NA,NA,NA,NA,NA,NA,NA,NA,NA,NA,NA,NA,NA
"205",123795,"species","Animalia",NA,NA,NA,"Asteroidea","Ambuloasteroidea","Forcipulatida","Asteriidae",NA,NA,"Coscinasterias","Coscinasterias tenuispina",NA,"Forcipulatacea","Echinodermata","Asterozoa",NA,"Neoasteroidea",NA,NA,NA,NA,NA,NA,NA,NA,NA,NA,NA,NA,NA
"206",124249,"species","Animalia",NA,NA,NA,"Echinoidea","Euechinoidea","Arbacioida","Arbaciidae",NA,NA,"Arbacia","Arbacia lixula",NA,NA,"Echinodermata","Echinozoa",NA,"Carinacea",NA,NA,NA,NA,"Echinacea",NA,NA,NA,NA,NA,NA,NA,NA
"207",124332,"species","Animalia",NA,NA,NA,"Echinoidea","Euechinoidea","Diadematoida","Diadematidae",NA,NA,"Diadema","Diadema antillarum",NA,"Diadematacea","Echinodermata","Echinozoa",NA,"Aulodonta",NA,NA,NA,NA,NA,NA,NA,NA,NA,NA,NA,NA,NA
"208",124833,"Species","Animalia",NA,NA,NA,"Ophiuroidea","Myophiuroida","Amphilepidida","Ophionereididae",NA,NA,"Ophionereis","Ophionereis reticulata",NA,"Ophintegrida","Echinodermata","Asterozoa",NA,"Metophiurida","Ophionereidina",NA,"Ophionereidoidea",NA,NA,NA,NA,NA,NA,NA,NA,NA,NA
"209",125064,"Species","Animalia",NA,NA,NA,"Ophiuroidea","Myophiuroida","Amphilepidida","Amphiuridae",NA,NA,"Amphipholis","Amphipholis squamata",NA,"Ophintegrida","Echinodermata","Asterozoa",NA,"Metophiurida","Gnathophiurina",NA,"Amphiuroidea",NA,NA,NA,NA,NA,NA,NA,NA,NA,NA
"210",125122,"Species","Animalia",NA,NA,NA,"Ophiuroidea","Myophiuroida","Amphilepidida","Ophiactidae",NA,NA,"Ophiactis","Ophiactis savignyi",NA,"Ophintegrida","Echinodermata","Asterozoa",NA,"Metophiurida","Gnathophiurina",NA,"Ophiactoidea",NA,NA,NA,NA,NA,NA,NA,NA,NA,NA
"211",125275,"family","Animalia",NA,NA,NA,"Octocorallia",NA,"Malacalcyonacea","Gorgoniidae",NA,NA,NA,NA,NA,NA,"Cnidaria","Anthozoa",NA,NA,NA,NA,NA,NA,NA,NA,NA,NA,NA,NA,NA,NA,NA
"212",125427,"family","Animalia",NA,NA,NA,"Teleostei",NA,"Anguilliformes","Congridae",NA,NA,NA,NA,NA,NA,"Chordata","Vertebrata","Actinopteri",NA,NA,NA,NA,NA,NA,NA,NA,"Gnathostomata","Osteichthyes","Actinopterygii",NA,NA,NA
"213",125431,"family","Animalia",NA,NA,NA,"Teleostei",NA,"Anguilliformes","Muraenidae",NA,NA,NA,NA,NA,NA,"Chordata","Vertebrata","Actinopteri",NA,NA,NA,NA,NA,NA,NA,NA,"Gnathostomata","Osteichthyes","Actinopterygii",NA,NA,NA
"214",125438,"family","Animalia",NA,NA,NA,"Teleostei",NA,"Atheriniformes","Atherinidae",NA,NA,NA,NA,NA,NA,"Chordata","Vertebrata","Actinopteri",NA,NA,NA,NA,NA,NA,NA,NA,"Gnathostomata","Osteichthyes","Actinopterygii",NA,NA,NA
"215",125451,"family","Animalia",NA,NA,NA,"Teleostei",NA,"Beloniformes","Belonidae",NA,NA,NA,NA,NA,NA,"Chordata","Vertebrata","Actinopteri",NA,NA,NA,NA,NA,NA,NA,NA,"Gnathostomata","Osteichthyes","Actinopterygii",NA,NA,NA
"216",125464,"family","Animalia",NA,NA,NA,"Teleostei",NA,"Clupeiformes","Clupeidae",NA,NA,NA,NA,NA,NA,"Chordata","Vertebrata","Actinopteri",NA,NA,NA,NA,NA,NA,NA,NA,"Gnathostomata","Osteichthyes","Actinopterygii",NA,NA,NA
"217",125465,"family","Animalia",NA,NA,NA,"Teleostei",NA,"Clupeiformes","Engraulidae",NA,NA,NA,NA,NA,NA,"Chordata","Vertebrata","Actinopteri",NA,NA,NA,NA,NA,NA,NA,NA,"Gnathostomata","Osteichthyes","Actinopterygii",NA,NA,NA
"218",125519,"family","Animalia",NA,NA,NA,"Teleostei",NA,"Blenniiformes","Blenniidae",NA,NA,NA,NA,NA,NA,"Chordata","Vertebrata","Actinopteri",NA,NA,NA,NA,NA,NA,NA,NA,"Gnathostomata","Osteichthyes","Actinopterygii",NA,NA,NA
"219",125537,"Family","Animalia",NA,NA,NA,"Teleostei",NA,"Gobiiformes","Gobiidae",NA,NA,NA,NA,NA,NA,"Chordata","Vertebrata","Actinopteri",NA,NA,NA,NA,NA,NA,NA,NA,"Gnathostomata","Osteichthyes","Actinopterygii",NA,NA,NA
"220",125541,"family","Animalia",NA,NA,NA,"Teleostei",NA,"Eupercaria incertae sedis","Labridae",NA,NA,NA,NA,NA,NA,"Chordata","Vertebrata","Actinopteri",NA,NA,NA,NA,NA,NA,NA,NA,"Gnathostomata","Osteichthyes","Actinopterygii",NA,NA,NA
"221",125606,"family","Animalia",NA,NA,NA,"Teleostei",NA,"Syngnathiformes","Syngnathidae",NA,NA,NA,NA,NA,NA,"Chordata","Vertebrata","Actinopteri",NA,NA,NA,NA,NA,NA,NA,NA,"Gnathostomata","Osteichthyes","Actinopterygii",NA,NA,NA
"222",125635,"genus","Animalia",NA,NA,NA,"Teleostei",NA,"Anguilliformes","Muraenidae","Muraeninae",NA,"Enchelycore",NA,NA,NA,"Chordata","Vertebrata","Actinopteri",NA,NA,NA,NA,NA,NA,NA,NA,"Gnathostomata","Osteichthyes","Actinopterygii",NA,NA,NA
"223",125636,"genus","Animalia",NA,NA,NA,"Teleostei",NA,"Anguilliformes","Muraenidae","Muraeninae",NA,"Gymnothorax",NA,NA,NA,"Chordata","Vertebrata","Actinopteri",NA,NA,NA,NA,NA,NA,NA,NA,"Gnathostomata","Osteichthyes","Actinopterygii",NA,NA,NA
"224",125637,"genus","Animalia",NA,NA,NA,"Teleostei",NA,"Anguilliformes","Muraenidae","Muraeninae",NA,"Muraena",NA,NA,NA,"Chordata","Vertebrata","Actinopteri",NA,NA,NA,NA,NA,NA,NA,NA,"Gnathostomata","Osteichthyes","Actinopterygii",NA,NA,NA
"225",125721,"genus","Animalia",NA,NA,NA,"Teleostei",NA,"Clupeiformes","Dorosomatidae",NA,NA,"Sardinella",NA,NA,NA,"Chordata","Vertebrata","Actinopteri",NA,NA,NA,NA,NA,NA,NA,NA,"Gnathostomata","Osteichthyes","Actinopterygii",NA,NA,NA
"226",125726,"Genus","Animalia",NA,NA,NA,"Teleostei",NA,"Elopiformes","Megalopidae",NA,NA,"Megalops",NA,NA,NA,"Chordata","Vertebrata","Actinopteri",NA,NA,NA,NA,NA,NA,NA,NA,"Gnathostomata","Osteichthyes","Actinopterygii",NA,NA,NA
"227",125920,"genus","Animalia",NA,NA,NA,"Teleostei",NA,"Blenniiformes","Blenniidae","Salariinae",NA,"Parablennius",NA,NA,NA,"Chordata","Vertebrata","Actinopteri",NA,NA,NA,NA,NA,NA,NA,NA,"Gnathostomata","Osteichthyes","Actinopterygii",NA,NA,NA
"228",126015,"genus","Animalia",NA,NA,NA,"Teleostei",NA,"Centrarchiformes","Kyphosidae",NA,NA,"Kyphosus",NA,NA,NA,"Chordata","Vertebrata","Actinopteri",NA,NA,NA,NA,NA,NA,NA,NA,"Gnathostomata","Osteichthyes","Actinopterygii",NA,NA,NA
"229",126110,"genus","Animalia",NA,NA,NA,"Teleostei",NA,"Pleuronectiformes","Bothidae",NA,NA,"Bothus",NA,NA,NA,"Chordata","Vertebrata","Actinopteri",NA,NA,NA,NA,NA,NA,NA,NA,"Gnathostomata","Osteichthyes","Actinopterygii",NA,NA,NA
"230",126235,"genus","Animalia",NA,NA,NA,"Teleostei",NA,"Tetraodontiformes","Monacanthidae",NA,NA,"Aluterus",NA,NA,NA,"Chordata","Vertebrata","Actinopteri",NA,NA,NA,NA,NA,NA,NA,NA,"Gnathostomata","Osteichthyes","Actinopterygii",NA,NA,NA
"231",126288,"species","Animalia",NA,NA,NA,"Teleostei",NA,"Anguilliformes","Congridae","Heterocongrinae",NA,"Heteroconger","Heteroconger longissimus",NA,NA,"Chordata","Vertebrata","Actinopteri",NA,NA,NA,NA,NA,NA,NA,NA,"Gnathostomata","Osteichthyes","Actinopterygii",NA,NA,NA
"232",126302,"species","Animalia",NA,NA,NA,"Teleostei",NA,"Anguilliformes","Muraenidae","Muraeninae",NA,"Gymnothorax","Gymnothorax vicinus",NA,NA,"Chordata","Vertebrata","Actinopteri",NA,NA,NA,NA,NA,NA,NA,NA,"Gnathostomata","Osteichthyes","Actinopterygii",NA,NA,NA
"233",126372,"species","Animalia",NA,NA,NA,"Teleostei",NA,"Aulopiformes","Synodontidae","Synodontinae",NA,"Synodus","Synodus saurus",NA,NA,"Chordata","Vertebrata","Actinopteri",NA,NA,NA,NA,NA,NA,NA,NA,"Gnathostomata","Osteichthyes","Actinopterygii",NA,NA,NA
"234",126373,"species","Animalia",NA,NA,NA,"Teleostei",NA,"Aulopiformes","Synodontidae","Synodontinae",NA,"Synodus","Synodus synodus",NA,NA,"Chordata","Vertebrata","Actinopteri",NA,NA,NA,NA,NA,NA,NA,NA,"Gnathostomata","Osteichthyes","Actinopterygii",NA,NA,NA
"235",126422,"species","Animalia",NA,NA,NA,"Teleostei",NA,"Clupeiformes","Dorosomatidae",NA,NA,"Sardinella","Sardinella aurita",NA,NA,"Chordata","Vertebrata","Actinopteri",NA,NA,NA,NA,NA,NA,NA,NA,"Gnathostomata","Osteichthyes","Actinopterygii",NA,NA,NA
"236",126430,"species","Animalia",NA,NA,NA,"Teleostei",NA,"Elopiformes","Megalopidae",NA,NA,"Megalops","Megalops atlanticus",NA,NA,"Chordata","Vertebrata","Actinopteri",NA,NA,NA,NA,NA,NA,NA,NA,"Gnathostomata","Osteichthyes","Actinopterygii",NA,NA,NA
"237",126769,"species","Animalia",NA,NA,NA,"Teleostei",NA,"Blenniiformes","Blenniidae","Salariinae",NA,"Ophioblennius","Ophioblennius atlanticus",NA,NA,"Chordata","Vertebrata","Actinopteri",NA,NA,NA,NA,NA,NA,NA,NA,"Gnathostomata","Osteichthyes","Actinopterygii",NA,NA,NA
"238",126773,"species","Animalia",NA,NA,NA,"Teleostei",NA,"Blenniiformes","Blenniidae","Salariinae",NA,"Parablennius","Parablennius pilicornis",NA,NA,"Chordata","Vertebrata","Actinopteri",NA,NA,NA,NA,NA,NA,NA,NA,"Gnathostomata","Osteichthyes","Actinopterygii",NA,NA,NA
"239",126782,"species","Animalia",NA,NA,NA,"Teleostei",NA,"Blenniiformes","Blenniidae","Salariinae",NA,"Scartella","Scartella cristata",NA,NA,"Chordata","Vertebrata","Actinopteri",NA,NA,NA,NA,NA,NA,NA,NA,"Gnathostomata","Osteichthyes","Actinopterygii",NA,NA,NA
"240",126802,"species","Animalia",NA,NA,NA,"Teleostei",NA,"Carangiformes","Carangidae",NA,NA,"Caranx","Caranx crysos",NA,NA,"Chordata","Vertebrata","Actinopteri",NA,NA,NA,NA,NA,NA,NA,NA,"Gnathostomata","Osteichthyes","Actinopterygii",NA,NA,NA
"241",126803,"species","Animalia",NA,NA,NA,"Teleostei",NA,"Carangiformes","Carangidae",NA,NA,"Caranx","Caranx hippos",NA,NA,"Chordata","Vertebrata","Actinopteri",NA,NA,NA,NA,NA,NA,NA,NA,"Gnathostomata","Osteichthyes","Actinopterygii",NA,NA,NA
"242",126804,"species","Animalia",NA,NA,NA,"Teleostei",NA,"Carangiformes","Carangidae",NA,NA,"Caranx","Caranx latus",NA,NA,"Chordata","Vertebrata","Actinopteri",NA,NA,NA,NA,NA,NA,NA,NA,"Gnathostomata","Osteichthyes","Actinopterygii",NA,NA,NA
"243",126807,"species","Animalia",NA,NA,NA,"Teleostei",NA,"Carangiformes","Carangidae",NA,NA,"Decapterus","Decapterus macarellus",NA,NA,"Chordata","Vertebrata","Actinopteri",NA,NA,NA,NA,NA,NA,NA,NA,"Gnathostomata","Osteichthyes","Actinopterygii",NA,NA,NA
"244",126808,"species","Animalia",NA,NA,NA,"Teleostei",NA,"Carangiformes","Carangidae",NA,NA,"Decapterus","Decapterus punctatus",NA,NA,"Chordata","Vertebrata","Actinopteri",NA,NA,NA,NA,NA,NA,NA,NA,"Gnathostomata","Osteichthyes","Actinopterygii",NA,NA,NA
"245",126809,"species","Animalia",NA,NA,NA,"Teleostei",NA,"Carangiformes","Carangidae",NA,NA,"Elagatis","Elagatis bipinnulata",NA,NA,"Chordata","Vertebrata","Actinopteri",NA,NA,NA,NA,NA,NA,NA,NA,"Gnathostomata","Osteichthyes","Actinopterygii",NA,NA,NA
"246",126816,"species","Animalia",NA,NA,NA,"Teleostei",NA,"Carangiformes","Carangidae",NA,NA,"Seriola","Seriola dumerili",NA,NA,"Chordata","Vertebrata","Actinopteri",NA,NA,NA,NA,NA,NA,NA,NA,"Gnathostomata","Osteichthyes","Actinopterygii",NA,NA,NA
"247",126818,"species","Animalia",NA,NA,NA,"Teleostei",NA,"Carangiformes","Carangidae",NA,NA,"Seriola","Seriola rivoliana",NA,NA,"Chordata","Vertebrata","Actinopteri",NA,NA,NA,NA,NA,NA,NA,NA,"Gnathostomata","Osteichthyes","Actinopterygii",NA,NA,NA
"248",126848,"species","Animalia",NA,NA,NA,"Teleostei",NA,"Carangiformes","Echeneidae",NA,NA,"Echeneis","Echeneis naucrates",NA,NA,"Chordata","Vertebrata","Actinopteri",NA,NA,NA,NA,NA,NA,NA,NA,"Gnathostomata","Osteichthyes","Actinopterygii",NA,NA,NA
"249",126971,"species","Animalia",NA,NA,NA,"Teleostei",NA,"Eupercaria incertae sedis","Labridae",NA,NA,"Xyrichtys","Xyrichtys novacula",NA,NA,"Chordata","Vertebrata","Actinopteri",NA,NA,NA,NA,NA,NA,NA,NA,"Gnathostomata","Osteichthyes","Actinopterygii",NA,NA,NA
"250",126983,"species","Animalia",NA,NA,NA,"Teleostei",NA,"Mugiliformes","Mugilidae",NA,NA,"Mugil","Mugil cephalus",NA,NA,"Chordata","Vertebrata","Actinopteri",NA,NA,NA,NA,NA,NA,NA,NA,"Gnathostomata","Osteichthyes","Actinopterygii",NA,NA,NA
"251",127001,"species","Animalia",NA,NA,NA,"Teleostei",NA,"Ovalentaria incertae sedis","Pomacentridae",NA,NA,"Chromis","Chromis limbata",NA,NA,"Chordata","Vertebrata","Actinopteri",NA,NA,NA,NA,NA,NA,NA,NA,"Gnathostomata","Osteichthyes","Actinopterygii",NA,NA,NA
"252",127004,"species","Animalia",NA,NA,NA,"Teleostei",NA,"Eupercaria incertae sedis","Priacanthidae",NA,NA,"Heteropriacanthus","Heteropriacanthus cruentatus",NA,NA,"Chordata","Vertebrata","Actinopteri",NA,NA,NA,NA,NA,NA,NA,NA,"Gnathostomata","Osteichthyes","Actinopterygii",NA,NA,NA
"253",127005,"species","Animalia",NA,NA,NA,"Teleostei",NA,"Eupercaria incertae sedis","Priacanthidae",NA,NA,"Priacanthus","Priacanthus arenatus",NA,NA,"Chordata","Vertebrata","Actinopteri",NA,NA,NA,NA,NA,NA,NA,NA,"Gnathostomata","Osteichthyes","Actinopterygii",NA,NA,NA
"254",127036,"species","Animalia",NA,NA,NA,"Teleostei",NA,"Perciformes","Epinephelidae",NA,NA,"Epinephelus","Epinephelus marginatus",NA,NA,"Chordata","Vertebrata","Actinopteri",NA,"Percoidei",NA,NA,NA,NA,NA,NA,"Gnathostomata","Osteichthyes","Actinopterygii",NA,NA,NA
"255",127063,"species","Animalia",NA,NA,NA,"Teleostei",NA,"Eupercaria incertae sedis","Sparidae",NA,NA,"Pagrus","Pagrus pagrus",NA,NA,"Chordata","Vertebrata","Actinopteri",NA,NA,NA,NA,NA,NA,NA,NA,"Gnathostomata","Osteichthyes","Actinopterygii",NA,NA,NA
"256",127232,"species","Animalia",NA,NA,NA,"Teleostei",NA,"Dactylopteriformes","Dactylopteridae",NA,NA,"Dactylopterus","Dactylopterus volitans",NA,NA,"Chordata","Vertebrata","Actinopteri",NA,NA,NA,NA,NA,NA,NA,NA,"Gnathostomata","Osteichthyes","Actinopterygii",NA,NA,NA
"257",127393,"Species","Animalia",NA,NA,NA,"Teleostei",NA,"Syngnathiformes","Syngnathidae","Syngnathinae",NA,"Syngnathus","Syngnathus typhle",NA,NA,"Chordata","Vertebrata","Actinopteri",NA,NA,NA,NA,NA,NA,NA,NA,"Gnathostomata","Osteichthyes","Actinopterygii",NA,NA,NA
"258",127397,"species","Animalia",NA,NA,NA,"Teleostei",NA,"Tetraodontiformes","Balistidae",NA,NA,"Balistes","Balistes vetula",NA,NA,"Chordata","Vertebrata","Actinopteri",NA,NA,NA,NA,NA,NA,NA,NA,"Gnathostomata","Osteichthyes","Actinopterygii",NA,NA,NA
"259",127399,"species","Animalia",NA,NA,NA,"Teleostei",NA,"Tetraodontiformes","Balistidae",NA,NA,"Canthidermis","Canthidermis sufflamen",NA,NA,"Chordata","Vertebrata","Actinopteri",NA,NA,NA,NA,NA,NA,NA,NA,"Gnathostomata","Osteichthyes","Actinopterygii",NA,NA,NA
"260",127402,"species","Animalia",NA,NA,NA,"Teleostei",NA,"Tetraodontiformes","Diodontidae",NA,NA,"Diodon","Diodon holocanthus",NA,NA,"Chordata","Vertebrata","Actinopteri",NA,NA,NA,NA,NA,NA,NA,NA,"Gnathostomata","Osteichthyes","Actinopterygii",NA,NA,NA
"261",127403,"species","Animalia",NA,NA,NA,"Teleostei",NA,"Tetraodontiformes","Diodontidae",NA,NA,"Diodon","Diodon hystrix",NA,NA,"Chordata","Vertebrata","Actinopteri",NA,NA,NA,NA,NA,NA,NA,NA,"Gnathostomata","Osteichthyes","Actinopterygii",NA,NA,NA
"262",127411,"species","Animalia",NA,NA,NA,"Teleostei",NA,"Tetraodontiformes","Tetraodontidae",NA,NA,"Canthigaster","Canthigaster rostrata",NA,NA,"Chordata","Vertebrata","Actinopteri",NA,NA,NA,NA,NA,NA,NA,NA,"Gnathostomata","Osteichthyes","Actinopterygii",NA,NA,NA
"263",129211,"Genus","Animalia",NA,NA,NA,"Polychaeta","Sedentaria",NA,"Capitellidae",NA,NA,"Capitella",NA,NA,NA,"Annelida",NA,NA,"Scolecida",NA,NA,NA,NA,NA,NA,NA,NA,NA,NA,NA,NA,NA
"264",129230,"genus","Animalia",NA,NA,NA,"Polychaeta","Sedentaria",NA,"Chaetopteridae",NA,NA,"Mesochaetopterus",NA,NA,NA,"Annelida",NA,NA,NA,NA,NA,NA,NA,NA,NA,NA,NA,NA,NA,NA,NA,NA
"265",129278,"Genus","Animalia",NA,NA,NA,"Polychaeta","Errantia","Eunicida","Eunicidae",NA,NA,"Eunice",NA,NA,NA,"Annelida",NA,NA,NA,NA,NA,NA,NA,NA,NA,NA,NA,NA,NA,NA,NA,NA
"266",129379,"Genus","Animalia",NA,NA,NA,"Polychaeta","Errantia","Phyllodocida","Nereididae","Nereidinae",NA,"Nereis",NA,NA,NA,"Annelida",NA,NA,NA,"Nereidiformia",NA,NA,NA,NA,NA,NA,NA,NA,NA,NA,NA,NA
"267",129445,"Genus","Animalia",NA,NA,NA,"Polychaeta","Errantia","Phyllodocida","Phyllodocidae","Eteoninae",NA,"Eulalia",NA,NA,NA,"Annelida",NA,NA,NA,"Phyllodociformia",NA,NA,NA,NA,NA,NA,NA,NA,NA,NA,NA,NA
"268",129455,"Genus","Animalia",NA,NA,NA,"Polychaeta","Errantia","Phyllodocida","Phyllodocidae","Phyllodocinae",NA,"Phyllodoce",NA,NA,NA,"Annelida",NA,NA,NA,"Phyllodociformia",NA,NA,NA,NA,NA,NA,NA,NA,NA,NA,NA,NA
"269",129491,"Genus","Animalia",NA,NA,NA,"Polychaeta","Errantia","Phyllodocida","Polynoidae","Polynoinae",NA,"Harmothoe",NA,NA,NA,"Annelida",NA,NA,NA,"Aphroditiformia",NA,NA,NA,NA,NA,NA,NA,NA,NA,NA,NA,NA
"270",129496,"Genus","Animalia",NA,NA,NA,"Polychaeta","Errantia","Phyllodocida","Polynoidae","Lepidonotinae",NA,"Lepidonotus",NA,NA,NA,"Annelida",NA,NA,NA,"Aphroditiformia",NA,NA,NA,NA,NA,NA,NA,NA,NA,NA,NA,NA
"271",129620,"Genus","Animalia",NA,NA,NA,"Polychaeta","Sedentaria","Spionida","Spionidae",NA,NA,"Prionospio",NA,NA,NA,"Annelida",NA,NA,"Canalipalpata","Spioniformia",NA,NA,NA,NA,NA,NA,NA,NA,NA,NA,NA,NA
"272",129645,"Genus","Animalia",NA,NA,NA,"Polychaeta","Errantia","Phyllodocida","Syllidae","Eusyllinae",NA,"Amblyosyllis",NA,NA,NA,"Annelida",NA,NA,NA,"Nereidiformia",NA,NA,NA,NA,NA,NA,NA,NA,NA,NA,NA,NA
"273",129654,"Genus","Animalia",NA,NA,NA,"Polychaeta","Errantia","Phyllodocida","Syllidae","Exogoninae",NA,"Exogone",NA,NA,NA,"Annelida",NA,NA,NA,"Nereidiformia",NA,NA,NA,NA,NA,NA,NA,NA,NA,NA,NA,NA
"274",129680,"Genus","Animalia",NA,NA,NA,"Polychaeta","Errantia","Phyllodocida","Syllidae","Syllinae",NA,"Syllis",NA,NA,NA,"Annelida",NA,NA,NA,"Nereidiformia",NA,NA,NA,NA,NA,NA,NA,NA,NA,NA,NA,NA
"275",129831,"species","Animalia",NA,NA,NA,"Polychaeta","Errantia","Amphinomida","Amphinomidae","Amphinominae",NA,"Hermodice","Hermodice carunculata",NA,NA,"Annelida",NA,NA,NA,NA,NA,NA,NA,NA,NA,NA,NA,NA,NA,NA,NA,NA
"276",130372,"Species","Animalia",NA,NA,NA,"Polychaeta","Errantia","Phyllodocida","Nereididae","Nereidinae",NA,"Ceratonereis","Ceratonereis mirabilis",NA,NA,"Annelida",NA,NA,NA,"Nereidiformia",NA,NA,NA,NA,NA,NA,NA,NA,NA,NA,NA,NA
"277",130593,"Species","Animalia",NA,NA,NA,"Polychaeta","Sedentaria","Terebellida","Pectinariidae",NA,NA,"Pectinaria","Pectinaria granulata",NA,NA,"Annelida",NA,NA,"Canalipalpata","Terebelliformia",NA,NA,NA,NA,NA,NA,NA,NA,NA,NA,NA,NA
"278",130769,"Species","Animalia",NA,NA,NA,"Polychaeta","Errantia","Phyllodocida","Polynoidae","Polynoinae",NA,"Harmothoe","Harmothoe imbricata",NA,NA,"Annelida",NA,NA,NA,"Aphroditiformia",NA,NA,NA,NA,NA,NA,NA,NA,NA,NA,NA,NA
"279",131141,"Species","Animalia",NA,NA,NA,"Polychaeta","Sedentaria","Spionida","Spionidae",NA,NA,"Polydora","Polydora ciliata",NA,NA,"Annelida",NA,NA,"Canalipalpata","Spioniformia",NA,NA,NA,NA,NA,NA,NA,NA,NA,NA,NA,NA
"280",131143,"Species","Animalia",NA,NA,NA,"Polychaeta","Sedentaria","Spionida","Spionidae",NA,NA,"Polydora","Polydora cornuta",NA,NA,"Annelida",NA,NA,"Canalipalpata","Spioniformia",NA,NA,NA,NA,NA,NA,NA,NA,NA,NA,NA,NA
"281",135306,"species","Animalia",NA,NA,NA,"Scyphozoa","Discomedusae","Semaeostomeae","Ulmaridae","Aureliinae",NA,"Aurelia","Aurelia aurita",NA,NA,"Cnidaria","Medusozoa",NA,NA,NA,NA,NA,NA,NA,NA,NA,NA,NA,NA,NA,NA,NA
"282",135351,"Genus","Animalia",NA,NA,NA,"Hydrozoa","Hydroidolina","Siphonophorae","Abylidae","Abylinae",NA,"Abyla",NA,NA,NA,"Cnidaria","Medusozoa",NA,NA,"Calycophorae",NA,NA,NA,NA,NA,NA,NA,NA,NA,NA,NA,NA
"283",136025,"Genus","Animalia",NA,NA,NA,NA,NA,"Sipuncula","Golfingiidae",NA,NA,"Phascolion",NA,NA,NA,"Annelida",NA,NA,NA,NA,NA,NA,NA,NA,NA,NA,NA,NA,NA,NA,NA,NA
"284",136185,"Genus","Animalia",NA,NA,NA,"Malacostraca","Eumalacostraca","Tanaidacea","Apseudidae","Apseudinae",NA,"Apseudes",NA,NA,"Peracarida","Arthropoda","Crustacea","Multicrustacea",NA,"Apseudomorpha",NA,"Apseudoidea",NA,NA,NA,NA,NA,NA,NA,NA,NA,NA
"285",136235,"Genus","Animalia",NA,NA,NA,"Malacostraca","Eumalacostraca","Tanaidacea","Leptocheliidae","Leptocheliinae",NA,"Leptochelia",NA,NA,"Peracarida","Arthropoda","Crustacea","Multicrustacea",NA,"Tanaidomorpha",NA,"Paratanaoidea",NA,NA,NA,NA,NA,NA,NA,NA,NA,NA
"286",136248,"Genus","Animalia",NA,NA,NA,"Malacostraca","Eumalacostraca","Tanaidacea","Tanaididae","Pancolinae","Anatanaini","Zeuxo",NA,NA,"Peracarida","Arthropoda","Crustacea","Multicrustacea",NA,"Tanaidomorpha",NA,"Tanaidoidea",NA,NA,NA,NA,NA,NA,NA,NA,NA,NA
"287",137205,"species","Animalia",NA,NA,NA,NA,NA,"Testudines","Cheloniidae",NA,NA,"Caretta","Caretta caretta",NA,NA,"Chordata","Vertebrata","Reptilia",NA,"Cryptodira",NA,"Chelonioidea",NA,NA,NA,NA,"Gnathostomata",NA,NA,NA,NA,"Tetrapoda"
"288",137206,"species","Animalia",NA,NA,NA,NA,NA,"Testudines","Cheloniidae",NA,NA,"Chelonia","Chelonia mydas",NA,NA,"Chordata","Vertebrata","Reptilia",NA,"Cryptodira",NA,"Chelonioidea",NA,NA,NA,NA,"Gnathostomata",NA,NA,NA,NA,"Tetrapoda"
"289",137683,"Genus","Animalia",NA,NA,NA,"Bivalvia","Autobranchia","Carditida","Astartidae",NA,NA,"Astarte",NA,NA,NA,"Mollusca",NA,NA,"Heteroconchia",NA,NA,"Crassatelloidea",NA,"Archiheterodonta",NA,NA,NA,NA,NA,NA,NA,NA
"290",137705,"genus","Animalia",NA,NA,NA,"Gastropoda","Caenogastropoda","Neogastropoda","Pisaniidae",NA,NA,"Engina",NA,NA,NA,"Mollusca",NA,NA,NA,NA,NA,"Buccinoidea",NA,NA,NA,NA,NA,NA,NA,NA,NA,NA
"291",137716,"genus","Animalia",NA,NA,NA,"Gastropoda","Heterobranchia","Cephalaspidea","Bullidae",NA,NA,"Bulla",NA,NA,NA,"Mollusca",NA,NA,"Euthyneura",NA,NA,"Bulloidea",NA,"Tectipleura",NA,NA,NA,NA,NA,NA,NA,NA
"292",137722,"Genus","Animalia",NA,NA,NA,"Gastropoda","Caenogastropoda","Littorinimorpha","Calyptraeidae",NA,NA,"Crepidula",NA,NA,NA,"Mollusca",NA,NA,NA,NA,NA,"Calyptraeoidea",NA,NA,NA,NA,NA,NA,NA,NA,NA,NA
"293",137758,"Genus","Animalia",NA,NA,NA,"Gastropoda","Caenogastropoda","Caenogastropoda incertae sedis","Cerithiidae","Bittiinae",NA,"Bittium",NA,NA,NA,"Mollusca",NA,NA,NA,NA,NA,"Cerithioidea",NA,NA,NA,NA,NA,NA,NA,NA,NA,NA
"294",137760,"genus","Animalia",NA,NA,NA,"Gastropoda","Caenogastropoda","Caenogastropoda incertae sedis","Cerithiidae","Cerithiinae",NA,"Cerithium",NA,NA,NA,"Mollusca",NA,NA,NA,NA,NA,"Cerithioidea",NA,NA,NA,NA,NA,NA,NA,NA,NA,NA
"295",138054,"Genus","Animalia",NA,NA,NA,"Gastropoda","Heterobranchia","Cephalaspidea","Haminoeidae",NA,NA,"Haminoea",NA,NA,NA,"Mollusca",NA,NA,"Euthyneura",NA,NA,"Haminoeoidea",NA,"Tectipleura",NA,NA,NA,NA,NA,NA,NA,NA
"296",138068,"Genus","Animalia",NA,NA,NA,"Bivalvia","Autobranchia","Adapedonta","Hiatellidae",NA,NA,"Hiatella",NA,NA,"Imparidentia","Mollusca",NA,NA,"Heteroconchia",NA,NA,"Hiatelloidea",NA,"Euheterodonta",NA,NA,NA,NA,NA,NA,NA,NA
"297",138081,"Genus","Animalia",NA,NA,NA,"Gastropoda","Caenogastropoda","Littorinimorpha","Hydrobiidae","Hydrobiinae",NA,"Hydrobia",NA,NA,NA,"Mollusca",NA,NA,NA,NA,NA,"Truncatelloidea",NA,NA,NA,NA,NA,NA,NA,NA,NA,NA
"298",138099,"Genus","Animalia",NA,NA,NA,"Gastropoda","Caenogastropoda","Littorinimorpha","Littorinidae","Lacuninae",NA,"Lacuna",NA,NA,NA,"Mollusca",NA,NA,NA,NA,NA,"Littorinoidea",NA,NA,NA,NA,NA,NA,NA,NA,NA,NA
"299",138135,"Genus","Animalia",NA,NA,NA,"Gastropoda","Caenogastropoda","Littorinimorpha","Littorinidae","Littorininae",NA,"Littorina",NA,NA,NA,"Mollusca",NA,NA,NA,NA,NA,"Littorinoidea",NA,NA,NA,NA,NA,NA,NA,NA,NA,NA
"300",138142,"Genus","Animalia",NA,NA,NA,"Gastropoda","Patellogastropoda",NA,"Lottiidae","Tecturinae",NA,"Tectura",NA,NA,NA,"Mollusca",NA,NA,NA,NA,NA,"Lottioidea",NA,NA,NA,NA,NA,NA,NA,NA,NA,NA
"301",138206,"genus","Animalia",NA,NA,NA,"Gastropoda","Caenogastropoda","Neogastropoda","Muricidae","Rapaninae",NA,"Stramonita",NA,NA,NA,"Mollusca",NA,NA,NA,NA,NA,"Muricoidea",NA,NA,NA,NA,NA,NA,NA,NA,NA,NA
"302",138210,"genus","Animalia",NA,NA,NA,"Gastropoda","Caenogastropoda","Neogastropoda","Muricidae","Ocenebrinae",NA,"Urosalpinx",NA,NA,NA,"Mollusca",NA,NA,NA,NA,NA,"Muricoidea",NA,NA,NA,NA,NA,NA,NA,NA,NA,NA
"303",138211,"Genus","Animalia",NA,NA,NA,"Bivalvia","Autobranchia","Myida","Myidae","Myinae",NA,"Mya",NA,NA,"Imparidentia","Mollusca",NA,NA,"Heteroconchia",NA,NA,"Myoidea",NA,"Euheterodonta",NA,NA,NA,NA,NA,NA,NA,NA
"304",138228,"Genus","Animalia",NA,NA,NA,"Bivalvia","Autobranchia","Mytilida","Mytilidae","Mytilinae",NA,"Mytilus",NA,NA,NA,"Mollusca",NA,NA,"Pteriomorphia",NA,NA,"Mytiloidea",NA,NA,NA,NA,NA,NA,NA,NA,NA,NA
"305",138255,"Genus","Animalia",NA,NA,NA,"Gastropoda","Neritimorpha","Cycloneritida","Neritidae","Neritinae",NA,"Smaragdia",NA,NA,NA,"Mollusca",NA,NA,NA,NA,NA,"Neritoidea",NA,NA,NA,NA,NA,NA,NA,NA,NA,NA
"306",138268,"genus","Animalia",NA,NA,NA,"Cephalopoda","Coleoidea","Octopoda","Octopodidae",NA,NA,"Octopus",NA,NA,"Octopodiformes","Mollusca",NA,NA,NA,"Incirrata",NA,"Octopodoidea",NA,NA,NA,NA,NA,NA,NA,NA,NA,NA
"307",138413,"Genus","Animalia",NA,NA,NA,"Gastropoda","Heterobranchia",NA,"Pyramidellidae",NA,NA,"Odostomia",NA,NA,"Pylopulmonata","Mollusca",NA,NA,"Euthyneura",NA,NA,"Pyramidelloidea",NA,"Tectipleura",NA,NA,NA,NA,NA,NA,NA,NA
"308",138426,"genus","Animalia",NA,NA,NA,"Gastropoda","Caenogastropoda","Littorinimorpha","Cymatiidae",NA,NA,"Cymatium",NA,NA,NA,"Mollusca",NA,NA,NA,NA,NA,"Tonnoidea",NA,NA,NA,NA,NA,NA,NA,NA,NA,NA
"309",138439,"Genus","Animalia",NA,NA,NA,"Gastropoda","Caenogastropoda","Littorinimorpha","Rissoidae",NA,NA,"Alvania",NA,NA,NA,"Mollusca",NA,NA,NA,NA,NA,"Rissooidea",NA,NA,NA,NA,NA,NA,NA,NA,NA,NA
"310",138457,"Genus","Animalia",NA,NA,NA,"Gastropoda","Caenogastropoda","Littorinimorpha","Rissoinidae",NA,NA,"Rissoina",NA,NA,NA,"Mollusca",NA,NA,NA,NA,NA,"Rissooidea",NA,NA,NA,NA,NA,NA,NA,NA,NA,NA
"311",138508,"Genus","Animalia",NA,NA,NA,"Gastropoda","Vetigastropoda","Trochida","Skeneidae",NA,NA,"Skenea",NA,NA,NA,"Mollusca",NA,NA,NA,NA,NA,"Trochoidea",NA,NA,NA,NA,NA,NA,NA,NA,NA,NA
"312",138531,"Genus","Animalia",NA,NA,NA,"Bivalvia","Autobranchia","Cardiida","Tellinidae","Macominae",NA,"Macoma",NA,NA,"Imparidentia","Mollusca",NA,NA,"Heteroconchia",NA,NA,"Tellinoidea",NA,"Euheterodonta",NA,NA,NA,NA,NA,NA,NA,NA
"313",138533,"Genus","Animalia",NA,NA,NA,"Bivalvia","Autobranchia","Cardiida","Tellinidae","Tellininae",NA,"Tellina",NA,NA,"Imparidentia","Mollusca",NA,NA,"Heteroconchia",NA,NA,"Tellinoidea",NA,"Euheterodonta",NA,NA,NA,NA,NA,NA,NA,NA
"314",138580,"Genus","Animalia",NA,NA,NA,"Gastropoda","Heterobranchia","Nudibranchia","Tritoniidae","Tritoniinae",NA,"Tritonia",NA,NA,"Nudipleura","Mollusca",NA,NA,"Euthyneura","Cladobranchia",NA,"Tritonioidea",NA,"Ringipleura",NA,NA,NA,NA,NA,NA,NA,NA
"315",138584,"genus","Animalia",NA,NA,NA,"Gastropoda","Vetigastropoda","Trochida","Calliostomatidae","Calliostomatinae",NA,"Calliostoma",NA,NA,NA,"Mollusca",NA,NA,NA,NA,NA,"Trochoidea",NA,NA,NA,NA,NA,NA,NA,NA,NA,NA
"316",138753,"species","Animalia",NA,NA,NA,"Gastropoda","Heterobranchia","Aplysiida","Aplysiidae",NA,NA,"Aplysia","Aplysia dactylomela",NA,NA,"Mollusca",NA,NA,"Euthyneura",NA,NA,"Aplysioidea",NA,"Tectipleura",NA,NA,NA,NA,NA,NA,NA,NA
"317",138757,"species","Animalia",NA,NA,NA,"Gastropoda","Heterobranchia","Aplysiida","Aplysiidae",NA,NA,"Aplysia","Aplysia parvula",NA,NA,"Mollusca",NA,NA,"Euthyneura",NA,NA,"Aplysioidea",NA,"Tectipleura",NA,NA,NA,NA,NA,NA,NA,NA
"318",138878,"Species","Animalia",NA,NA,NA,"Gastropoda","Caenogastropoda","Neogastropoda","Buccinidae","Buccininae",NA,"Buccinum","Buccinum undatum",NA,NA,"Mollusca",NA,NA,NA,NA,NA,"Buccinoidea",NA,NA,NA,NA,NA,NA,NA,NA,NA,NA
"319",138940,"Species","Animalia",NA,NA,NA,"Gastropoda","Heterobranchia","Cephalaspidea","Bullidae",NA,NA,"Bulla","Bulla striata",NA,NA,"Mollusca",NA,NA,"Euthyneura",NA,NA,"Bulloidea",NA,"Tectipleura",NA,NA,NA,NA,NA,NA,NA,NA
"320",138963,"Species","Animalia",NA,NA,NA,"Gastropoda","Caenogastropoda","Littorinimorpha","Calyptraeidae",NA,NA,"Crepidula","Crepidula fornicata",NA,NA,"Mollusca",NA,NA,NA,NA,NA,"Calyptraeoidea",NA,NA,NA,NA,NA,NA,NA,NA,NA,NA
"321",138998,"Species","Animalia",NA,NA,NA,"Bivalvia","Autobranchia","Cardiida","Cardiidae","Lymnocardiinae","Cerastodermatini","Cerastoderma","Cerastoderma edule",NA,"Imparidentia","Mollusca",NA,NA,"Heteroconchia",NA,NA,"Cardioidea",NA,"Euheterodonta",NA,NA,NA,NA,NA,NA,NA,NA
"322",138999,"Species","Animalia",NA,NA,NA,"Bivalvia","Autobranchia","Cardiida","Cardiidae","Lymnocardiinae","Cerastodermatini","Cerastoderma","Cerastoderma glaucum",NA,"Imparidentia","Mollusca",NA,NA,"Heteroconchia",NA,NA,"Cardioidea",NA,"Euheterodonta",NA,NA,NA,NA,NA,NA,NA,NA
"323",139407,"Species","Animalia",NA,NA,NA,"Gastropoda","Heterobranchia","Nudibranchia","Corambidae",NA,NA,"Corambe","Corambe obscura",NA,"Nudipleura","Mollusca",NA,NA,"Euthyneura","Doridina","Doridoidei","Onchidoridoidea",NA,"Ringipleura",NA,NA,NA,NA,NA,NA,NA,NA
"324",139604,"Species","Animalia",NA,NA,NA,"Bivalvia","Autobranchia","Cardiida","Donacidae",NA,NA,"Donax","Donax vittatus",NA,"Imparidentia","Mollusca",NA,NA,"Heteroconchia",NA,NA,"Tellinoidea",NA,"Euheterodonta",NA,NA,NA,NA,NA,NA,NA,NA
"325",140170,"Species","Animalia",NA,NA,NA,"Gastropoda","Caenogastropoda","Littorinimorpha","Littorinidae","Lacuninae",NA,"Lacuna","Lacuna vincta",NA,NA,"Mollusca",NA,NA,NA,NA,NA,"Littorinoidea",NA,NA,NA,NA,NA,NA,NA,NA,NA,NA
"326",140262,"Species","Animalia",NA,NA,NA,"Gastropoda","Caenogastropoda","Littorinimorpha","Littorinidae","Littorininae",NA,"Littorina","Littorina littorea",NA,NA,"Mollusca",NA,NA,NA,NA,NA,"Littorinoidea",NA,NA,NA,NA,NA,NA,NA,NA,NA,NA
"327",140403,"Species","Animalia",NA,NA,NA,"Gastropoda","Caenogastropoda","Neogastropoda","Muricidae","Ocenebrinae",NA,"Nucella","Nucella lapillus",NA,NA,"Mollusca",NA,NA,NA,NA,NA,"Muricoidea",NA,NA,NA,NA,NA,NA,NA,NA,NA,NA
"328",140429,"Species","Animalia",NA,NA,NA,"Gastropoda","Caenogastropoda","Neogastropoda","Muricidae","Ocenebrinae",NA,"Urosalpinx","Urosalpinx cinerea",NA,NA,"Mollusca",NA,NA,NA,NA,NA,"Muricoidea",NA,NA,NA,NA,NA,NA,NA,NA,NA,NA
"329",140467,"Species","Animalia",NA,NA,NA,"Bivalvia","Autobranchia","Mytilida","Modiolidae","Modiolinae",NA,"Modiolus","Modiolus modiolus",NA,NA,"Mollusca",NA,NA,"Pteriomorphia",NA,NA,"Mytiloidea",NA,NA,NA,NA,NA,NA,NA,NA,NA,NA
"330",140472,"Species","Animalia",NA,NA,NA,"Bivalvia","Autobranchia","Mytilida","Mytilidae","Crenellinae",NA,"Musculus","Musculus discors",NA,NA,"Mollusca",NA,NA,"Pteriomorphia",NA,NA,"Mytiloidea",NA,NA,NA,NA,NA,NA,NA,NA,NA,NA
"331",140480,"Species","Animalia",NA,NA,NA,"Bivalvia","Autobranchia","Mytilida","Mytilidae","Mytilinae",NA,"Mytilus","Mytilus edulis",NA,NA,"Mollusca",NA,NA,"Pteriomorphia",NA,NA,"Mytiloidea",NA,NA,NA,NA,NA,NA,NA,NA,NA,NA
"332",140482,"Species","Animalia",NA,NA,NA,"Bivalvia","Autobranchia","Mytilida","Mytilidae","Mytilinae",NA,"Mytilus","Mytilus trossulus",NA,NA,"Mollusca",NA,NA,"Pteriomorphia",NA,NA,"Mytiloidea",NA,NA,NA,NA,NA,NA,NA,NA,NA,NA
"333",140570,"Species","Animalia",NA,NA,NA,"Gastropoda","Neritimorpha","Cycloneritida","Neritidae","Neritinae",NA,"Smaragdia","Smaragdia viridis",NA,NA,"Mollusca",NA,NA,NA,NA,NA,"Neritoidea",NA,NA,NA,NA,NA,NA,NA,NA,NA,NA
"334",140605,"species","Animalia",NA,NA,NA,"Cephalopoda","Coleoidea","Octopoda","Octopodidae",NA,NA,"Octopus","Octopus vulgaris",NA,"Octopodiformes","Mollusca",NA,NA,NA,"Incirrata",NA,"Octopodoidea",NA,NA,NA,NA,NA,NA,NA,NA,NA,NA
"335",140657,"Species","Animalia",NA,NA,NA,"Bivalvia","Autobranchia","Ostreida","Ostreidae","Crassostreinae",NA,"Crassostrea","Crassostrea virginica",NA,NA,"Mollusca",NA,NA,"Pteriomorphia",NA,NA,"Ostreoidea",NA,NA,NA,NA,NA,NA,NA,NA,NA,NA
"336",140780,"Species","Animalia",NA,NA,NA,"Bivalvia","Autobranchia","Ostreida","Pinnidae",NA,NA,"Pinna","Pinna nobilis",NA,NA,"Mollusca",NA,NA,"Pteriomorphia",NA,NA,"Pinnoidea",NA,NA,NA,NA,NA,NA,NA,NA,NA,NA
"337",141334,"Species","Animalia",NA,NA,NA,"Gastropoda","Caenogastropoda","Littorinimorpha","Rissoidae",NA,NA,"Pusillina","Pusillina inconspicua",NA,NA,"Mollusca",NA,NA,NA,NA,NA,"Rissooidea",NA,NA,NA,NA,NA,NA,NA,NA,NA,NA
"338",141341,"Species","Animalia",NA,NA,NA,"Gastropoda","Caenogastropoda","Littorinimorpha","Rissoidae",NA,NA,"Pusillina","Pusillina sarsii",NA,NA,"Mollusca",NA,NA,NA,NA,NA,"Rissooidea",NA,NA,NA,NA,NA,NA,NA,NA,NA,NA
"339",141359,"Species","Animalia",NA,NA,NA,"Gastropoda","Caenogastropoda","Littorinimorpha","Rissoidae",NA,NA,"Rissoa","Rissoa membranacea",NA,NA,"Mollusca",NA,NA,NA,NA,NA,"Rissooidea",NA,NA,NA,NA,NA,NA,NA,NA,NA,NA
"340",141365,"Species","Animalia",NA,NA,NA,"Gastropoda","Caenogastropoda","Littorinimorpha","Rissoidae",NA,NA,"Rissoa","Rissoa parva",NA,NA,"Mollusca",NA,NA,NA,NA,NA,"Rissooidea",NA,NA,NA,NA,NA,NA,NA,NA,NA,NA
"341",141539,"Species","Animalia",NA,NA,NA,"Gastropoda","Caenogastropoda","Littorinimorpha","Skeneopsidae",NA,NA,"Skeneopsis","Skeneopsis planorbis",NA,NA,"Mollusca",NA,NA,NA,NA,NA,"Littorinoidea",NA,NA,NA,NA,NA,NA,NA,NA,NA,NA
"342",141579,"Species","Animalia",NA,NA,NA,"Bivalvia","Autobranchia","Cardiida","Tellinidae","Macominae",NA,"Macoma","Macoma balthica",NA,"Imparidentia","Mollusca",NA,NA,"Heteroconchia",NA,NA,"Tellinoidea",NA,"Euheterodonta",NA,NA,NA,NA,NA,NA,NA,NA
"343",142028,"Order","Animalia",NA,NA,NA,NA,NA,"Tricladida",NA,NA,NA,NA,NA,NA,NA,"Platyhelminthes","Rhabditophora",NA,NA,NA,NA,NA,NA,NA,NA,NA,NA,NA,NA,NA,NA,NA
"344",143673,"Family","Plantae","Biliphyta","Rhodophyta","Eurhodophytina","Florideophyceae","Rhodymeniophycidae","Ceramiales","Delesseriaceae",NA,NA,NA,NA,NA,NA,NA,NA,NA,NA,NA,NA,NA,NA,NA,NA,NA,NA,NA,NA,NA,NA,NA
"345",143733,"Family","Plantae","Biliphyta","Rhodophyta","Eurhodophytina","Florideophyceae","Rhodymeniophycidae","Gigartinales","Gigartinaceae",NA,NA,NA,NA,NA,NA,NA,NA,NA,NA,NA,NA,NA,NA,NA,NA,NA,NA,NA,NA,NA,NA,NA
"346",143816,"Genus","Plantae","Viridiplantae","Chlorophyta","Chlorophytina","Ulvophyceae",NA,"Bryopsidales","Caulerpaceae",NA,NA,"Caulerpa",NA,NA,NA,NA,NA,NA,NA,NA,NA,NA,NA,NA,NA,NA,NA,NA,NA,NA,NA,NA
"347",143819,"Genus","Plantae","Viridiplantae","Chlorophyta","Chlorophytina","Ulvophyceae",NA,"Bryopsidales","Dichotomosiphonaceae",NA,NA,"Avrainvillea",NA,NA,NA,NA,NA,NA,NA,NA,NA,NA,NA,NA,NA,NA,NA,NA,NA,NA,NA,NA
"348",143820,"Genus","Plantae","Viridiplantae","Chlorophyta","Chlorophytina","Ulvophyceae",NA,"Bryopsidales","Halimedaceae",NA,"Halimedeae","Halimeda",NA,NA,NA,NA,NA,NA,NA,"Halimedineae",NA,NA,NA,NA,NA,NA,NA,NA,NA,NA,NA,NA
"349",143821,"Genus","Plantae","Viridiplantae","Chlorophyta","Chlorophytina","Ulvophyceae",NA,"Bryopsidales","Halimedaceae",NA,"Udoteeae","Penicillus",NA,NA,NA,NA,NA,NA,NA,"Halimedineae",NA,NA,NA,NA,NA,NA,NA,NA,NA,NA,NA,NA
"350",143866,"Genus","Plantae","Biliphyta","Rhodophyta","Eurhodophytina","Florideophyceae","Rhodymeniophycidae","Ceramiales","Callithamniaceae","Spyridioideae","Spyridieae","Spyridia",NA,NA,NA,NA,NA,NA,NA,NA,NA,NA,NA,NA,NA,NA,NA,NA,NA,NA,NA,NA
"351",143900,"Genus","Plantae","Biliphyta","Rhodophyta","Eurhodophytina","Florideophyceae","Rhodymeniophycidae","Ceramiales","Rhodomelaceae",NA,"Chondrieae","Acanthophora",NA,NA,NA,NA,NA,NA,NA,NA,NA,NA,NA,NA,NA,NA,NA,NA,NA,NA,NA,NA
"352",143914,"Genus","Plantae","Biliphyta","Rhodophyta","Eurhodophytina","Florideophyceae","Rhodymeniophycidae","Ceramiales","Rhodomelaceae",NA,"Laurencieae","Laurencia",NA,NA,NA,NA,NA,NA,NA,NA,NA,NA,NA,NA,NA,NA,NA,NA,NA,NA,NA,NA
"353",144012,"Genus","Plantae","Biliphyta","Rhodophyta","Eurhodophytina","Florideophyceae","Corallinophycidae","Corallinales","Corallinaceae","Corallinoideae","Janieae","Jania",NA,NA,NA,NA,NA,NA,NA,"Corallinineae",NA,NA,NA,NA,NA,NA,NA,NA,NA,NA,NA,NA
"354",144018,"Genus","Plantae","Biliphyta","Rhodophyta","Eurhodophytina","Florideophyceae","Corallinophycidae","Hapalidiales","Hapalidiaceae",NA,NA,"Lithothamnion",NA,NA,NA,NA,NA,NA,NA,NA,NA,NA,NA,NA,NA,NA,NA,NA,NA,NA,NA,NA
"355",144051,"Genus","Plantae","Biliphyta","Rhodophyta","Eurhodophytina","Florideophyceae","Rhodymeniophycidae","Peyssonneliales","Peyssonneliaceae",NA,NA,"Peyssonnelia",NA,NA,NA,NA,NA,NA,NA,NA,NA,NA,NA,NA,NA,NA,NA,NA,NA,NA,NA,NA
"356",144056,"Genus","Plantae","Viridiplantae","Chlorophyta","Chlorophytina","Ulvophyceae",NA,"Dasycladales","Dasycladaceae","Dasycladoideae","Batophoreae","Batophora",NA,NA,NA,NA,NA,NA,NA,NA,NA,NA,NA,NA,NA,NA,NA,NA,NA,NA,NA,NA
"357",144086,"Genus","Chromista","Harosa",NA,NA,"Phaeophyceae","Dictyotophycidae","Dictyotales","Dictyotaceae",NA,"Dictyoteae","Dictyota",NA,"Heterokonta",NA,"Ochrophyta",NA,NA,NA,NA,NA,NA,NA,NA,NA,NA,NA,NA,NA,NA,NA,NA
"358",144087,"genus","Chromista","Harosa",NA,NA,"Phaeophyceae","Dictyotophycidae","Dictyotales","Dictyotaceae",NA,"Zonarieae","Lobophora",NA,"Heterokonta",NA,"Ochrophyta",NA,NA,NA,NA,NA,NA,NA,NA,NA,NA,NA,NA,NA,NA,NA,NA
"359",144088,"Genus","Chromista","Harosa",NA,NA,"Phaeophyceae","Dictyotophycidae","Dictyotales","Dictyotaceae",NA,"Zonarieae","Padina",NA,"Heterokonta",NA,"Ochrophyta",NA,NA,NA,NA,NA,NA,NA,NA,NA,NA,NA,NA,NA,NA,NA,NA
"360",144126,"Genus","Chromista","Harosa",NA,NA,"Phaeophyceae","Fucophycidae","Fucales","Sargassaceae",NA,NA,"Cystoseira",NA,"Heterokonta",NA,"Ochrophyta",NA,NA,NA,NA,NA,NA,NA,NA,NA,NA,NA,NA,NA,NA,NA,NA
"361",144129,"Genus","Chromista","Harosa",NA,NA,"Phaeophyceae","Fucophycidae","Fucales","Fucaceae",NA,NA,"Fucus",NA,"Heterokonta",NA,"Ochrophyta",NA,NA,NA,NA,NA,NA,NA,NA,NA,NA,NA,NA,NA,NA,NA,NA
"362",144132,"genus","Chromista","Harosa",NA,NA,"Phaeophyceae","Fucophycidae","Fucales","Sargassaceae",NA,NA,"Sargassum",NA,"Heterokonta",NA,"Ochrophyta",NA,NA,NA,NA,NA,NA,NA,NA,NA,NA,NA,NA,NA,NA,NA,NA
"363",144136,"Genus","Plantae","Biliphyta","Rhodophyta","Eurhodophytina","Florideophyceae","Rhodymeniophycidae","Gelidiales","Pterocladiaceae",NA,NA,"Pterocladia",NA,NA,NA,NA,NA,NA,NA,NA,NA,NA,NA,NA,NA,NA,NA,NA,NA,NA,NA,NA
"364",144188,"Genus","Plantae","Biliphyta","Rhodophyta","Eurhodophytina","Florideophyceae","Rhodymeniophycidae","Gracilariales","Gracilariaceae","Gracilarioideae","Gracilarieae","Gracilaria",NA,NA,NA,NA,NA,NA,NA,NA,NA,NA,NA,NA,NA,NA,NA,NA,NA,NA,NA,NA
"365",144237,"Genus","Plantae","Biliphyta","Rhodophyta","Eurhodophytina","Florideophyceae","Rhodymeniophycidae","Rhodymeniales","Champiaceae",NA,NA,"Champia",NA,NA,NA,NA,NA,NA,NA,NA,NA,NA,NA,NA,NA,NA,NA,NA,NA,NA,NA,NA
"366",144267,"Genus","Plantae","Viridiplantae","Chlorophyta","Chlorophytina","Ulvophyceae",NA,"Cladophorales","Valoniaceae",NA,NA,"Valonia",NA,NA,NA,NA,NA,NA,NA,NA,NA,NA,NA,NA,NA,NA,NA,NA,NA,NA,NA,NA
"367",144296,"Genus","Plantae","Viridiplantae","Chlorophyta","Chlorophytina","Ulvophyceae",NA,"Ulvales","Ulvaceae",NA,NA,"Ulva",NA,NA,NA,NA,NA,NA,NA,NA,NA,NA,NA,NA,NA,NA,NA,NA,NA,NA,NA,NA
"368",144452,"Species","Plantae","Viridiplantae","Chlorophyta","Chlorophytina","Ulvophyceae",NA,"Bryopsidales","Bryopsidaceae",NA,NA,"Bryopsis","Bryopsis hypnoides",NA,NA,NA,NA,NA,NA,"Bryopsidineae",NA,NA,NA,NA,NA,NA,NA,NA,NA,NA,NA,NA
"369",144471,"Species","Plantae","Viridiplantae","Chlorophyta","Chlorophytina","Ulvophyceae",NA,"Bryopsidales","Caulerpaceae",NA,NA,"Caulerpa","Caulerpa prolifera",NA,NA,NA,NA,NA,NA,NA,NA,NA,NA,NA,NA,NA,NA,NA,NA,NA,NA,NA
"370",144472,"Species","Plantae","Viridiplantae","Chlorophyta","Chlorophytina","Ulvophyceae",NA,"Bryopsidales","Caulerpaceae",NA,NA,"Caulerpa","Caulerpa racemosa",NA,NA,NA,NA,NA,NA,NA,NA,NA,NA,NA,NA,NA,NA,NA,NA,NA,NA,NA
"371",144474,"Species","Plantae","Viridiplantae","Chlorophyta","Chlorophytina","Ulvophyceae",NA,"Bryopsidales","Caulerpaceae",NA,NA,"Caulerpa","Caulerpa sertularioides",NA,NA,NA,NA,NA,NA,NA,NA,NA,NA,NA,NA,NA,NA,NA,NA,NA,NA,NA
"372",144481,"Species","Plantae","Viridiplantae","Chlorophyta","Chlorophytina","Ulvophyceae",NA,"Bryopsidales","Halimedaceae",NA,"Halimedeae","Halimeda","Halimeda discoidea",NA,NA,NA,NA,NA,NA,"Halimedineae",NA,NA,NA,NA,NA,NA,NA,NA,NA,NA,NA,NA
"373",144482,"Species","Plantae","Viridiplantae","Chlorophyta","Chlorophytina","Ulvophyceae",NA,"Bryopsidales","Halimedaceae",NA,"Halimedeae","Halimeda","Halimeda opuntia",NA,NA,NA,NA,NA,NA,"Halimedineae",NA,NA,NA,NA,NA,NA,NA,NA,NA,NA,NA,NA
"374",144483,"Species","Plantae","Viridiplantae","Chlorophyta","Chlorophytina","Ulvophyceae",NA,"Bryopsidales","Halimedaceae",NA,"Halimedeae","Halimeda","Halimeda tuna",NA,NA,NA,NA,NA,NA,"Halimedineae",NA,NA,NA,NA,NA,NA,NA,NA,NA,NA,NA,NA
"375",144484,"Species","Plantae","Viridiplantae","Chlorophyta","Chlorophytina","Ulvophyceae",NA,"Bryopsidales","Halimedaceae",NA,"Udoteeae","Penicillus","Penicillus capitatus",NA,NA,NA,NA,NA,NA,"Halimedineae",NA,NA,NA,NA,NA,NA,NA,NA,NA,NA,NA,NA
"376",144827,"Species","Plantae","Biliphyta","Rhodophyta","Eurhodophytina","Florideophyceae","Rhodymeniophycidae","Ceramiales","Rhodomelaceae",NA,"Laurencieae","Laurencia","Laurencia obtusa",NA,NA,NA,NA,NA,NA,NA,NA,NA,NA,NA,NA,NA,NA,NA,NA,NA,NA,NA
"377",145012,"Species","Plantae","Viridiplantae","Chlorophyta","Chlorophytina","Ulvophyceae",NA,"Cladophorales","Anadyomenaceae",NA,NA,"Anadyomene","Anadyomene stellata",NA,NA,NA,NA,NA,NA,NA,NA,NA,NA,NA,NA,NA,NA,NA,NA,NA,NA,NA
"378",145094,"Species","Plantae","Viridiplantae","Chlorophyta","Chlorophytina","Ulvophyceae",NA,"Bryopsidales","Halimedaceae",NA,"Udoteeae","Flabellia","Flabellia petiolata",NA,NA,NA,NA,NA,NA,"Halimedineae",NA,NA,NA,NA,NA,NA,NA,NA,NA,NA,NA,NA
"379",145301,"Species","Plantae","Viridiplantae","Chlorophyta","Chlorophytina","Ulvophyceae",NA,"Dasycladales","Dasycladaceae","Dasycladoideae","Dasycladeae","Dasycladus","Dasycladus vermicularis",NA,NA,NA,NA,NA,NA,NA,NA,NA,NA,NA,NA,NA,NA,NA,NA,NA,NA,NA
"380",145367,"Species","Chromista","Harosa",NA,NA,"Phaeophyceae","Dictyotophycidae","Dictyotales","Dictyotaceae",NA,"Dictyoteae","Dictyota","Dictyota dichotoma","Heterokonta",NA,"Ochrophyta",NA,NA,NA,NA,NA,NA,NA,NA,NA,NA,NA,NA,NA,NA,NA,NA
"381",145381,"Species","Chromista","Harosa",NA,NA,"Phaeophyceae","Dictyotophycidae","Dictyotales","Dictyotaceae",NA,"Zonarieae","Lobophora","Lobophora variegata","Heterokonta",NA,"Ochrophyta",NA,NA,NA,NA,NA,NA,NA,NA,NA,NA,NA,NA,NA,NA,NA,NA
"382",145385,"Species","Chromista","Harosa",NA,NA,"Phaeophyceae","Dictyotophycidae","Dictyotales","Dictyotaceae",NA,"Zonarieae","Padina","Padina pavonica","Heterokonta",NA,"Ochrophyta",NA,NA,NA,NA,NA,NA,NA,NA,NA,NA,NA,NA,NA,NA,NA,NA
"383",145410,"Species","Chromista","Harosa",NA,NA,"Phaeophyceae","Fucophycidae","Ectocarpales","Ectocarpaceae",NA,NA,"Ectocarpus","Ectocarpus siliculosus","Heterokonta",NA,"Ochrophyta",NA,NA,NA,NA,NA,NA,NA,NA,NA,NA,NA,NA,NA,NA,NA,NA
"384",145546,"Species","Chromista","Harosa",NA,NA,"Phaeophyceae","Fucophycidae","Fucales","Fucaceae",NA,NA,"Fucus","Fucus serratus","Heterokonta",NA,"Ochrophyta",NA,NA,NA,NA,NA,NA,NA,NA,NA,NA,NA,NA,NA,NA,NA,NA
"385",145634,"Species","Plantae","Biliphyta","Rhodophyta","Eurhodophytina","Florideophyceae","Rhodymeniophycidae","Gigartinales","Cystocloniaceae",NA,NA,"Hypnea","Hypnea musciformis",NA,NA,NA,NA,NA,NA,NA,NA,NA,NA,NA,NA,NA,NA,NA,NA,NA,NA,NA
"386",145635,"Species","Plantae","Biliphyta","Rhodophyta","Eurhodophytina","Florideophyceae","Rhodymeniophycidae","Gigartinales","Cystocloniaceae",NA,NA,"Hypnea","Hypnea spinella",NA,NA,NA,NA,NA,NA,NA,NA,NA,NA,NA,NA,NA,NA,NA,NA,NA,NA,NA
"387",145668,"Species","Plantae","Biliphyta","Rhodophyta","Eurhodophytina","Florideophyceae","Rhodymeniophycidae","Gigartinales","Polyidaceae",NA,NA,"Polyides","Polyides rotunda",NA,NA,NA,NA,NA,NA,NA,NA,NA,NA,NA,NA,NA,NA,NA,NA,NA,NA,NA
"388",145713,"Species","Plantae","Viridiplantae","Tracheophyta","Spermatophytina","Magnoliopsida",NA,"Alismatales","Hydrocharitaceae",NA,NA,"Halophila","Halophila decipiens","Streptophyta","Lilianae",NA,NA,NA,NA,NA,NA,NA,NA,NA,NA,NA,NA,NA,NA,NA,NA,NA
"389",145714,"Species","Plantae","Viridiplantae","Tracheophyta","Spermatophytina","Magnoliopsida",NA,"Alismatales","Hydrocharitaceae",NA,NA,"Halophila","Halophila stipulacea","Streptophyta","Lilianae",NA,NA,NA,NA,NA,NA,NA,NA,NA,NA,NA,NA,NA,NA,NA,NA,NA
"390",145793,"Species","Plantae","Viridiplantae","Tracheophyta","Spermatophytina","Magnoliopsida",NA,"Alismatales","Cymodoceaceae",NA,NA,"Cymodocea","Cymodocea nodosa","Streptophyta","Lilianae",NA,NA,NA,NA,NA,NA,NA,NA,NA,NA,NA,NA,NA,NA,NA,NA,NA
"391",145794,"Species","Plantae","Viridiplantae","Tracheophyta","Spermatophytina","Magnoliopsida",NA,"Alismatales","Posidoniaceae",NA,NA,"Posidonia","Posidonia oceanica","Streptophyta","Lilianae",NA,NA,NA,NA,NA,NA,NA,NA,NA,NA,NA,NA,NA,NA,NA,NA,NA
"392",145857,"Species","Chromista","Harosa",NA,NA,"Phaeophyceae","Fucophycidae","Ectocarpales","Scytosiphonaceae",NA,"Hydroclathreae","Colpomenia","Colpomenia sinuosa","Heterokonta",NA,"Ochrophyta",NA,NA,NA,NA,NA,NA,NA,NA,NA,NA,NA,NA,NA,NA,NA,NA
"393",145930,"Species","Plantae","Viridiplantae","Chlorophyta","Chlorophytina","Ulvophyceae",NA,"Ulotrichales","Ulotrichaceae",NA,NA,"Ulothrix","Ulothrix speciosa",NA,NA,NA,NA,NA,NA,NA,NA,NA,NA,NA,NA,NA,NA,NA,NA,NA,NA,NA
"394",145979,"Species","Plantae","Viridiplantae","Chlorophyta","Chlorophytina","Ulvophyceae",NA,"Ulvales","Ulvaceae",NA,NA,"Percursaria","Percursaria percursa",NA,NA,NA,NA,NA,NA,NA,NA,NA,NA,NA,NA,NA,NA,NA,NA,NA,NA,NA
"395",145984,"Species","Plantae","Viridiplantae","Chlorophyta","Chlorophytina","Ulvophyceae",NA,"Ulvales","Ulvaceae",NA,NA,"Ulva","Ulva lactuca",NA,NA,NA,NA,NA,NA,NA,NA,NA,NA,NA,NA,NA,NA,NA,NA,NA,NA,NA
"396",146142,"Phylum","Animalia",NA,NA,NA,NA,NA,NA,NA,NA,NA,NA,NA,NA,NA,"Bryozoa",NA,NA,NA,NA,NA,NA,NA,NA,NA,NA,NA,NA,NA,NA,NA,NA
"397",146537,"Phylum","Bacteria","Negibacteria",NA,NA,NA,NA,NA,NA,NA,NA,NA,NA,NA,NA,"Cyanobacteria",NA,NA,NA,NA,NA,NA,NA,NA,NA,NA,NA,NA,NA,NA,NA,NA
"398",146538,"Genus","Bacteria","Negibacteria",NA,NA,"Cyanophyceae","Oscillatoriophycidae","Oscillatoriales","Microcoleaceae",NA,NA,"Lyngbya",NA,NA,NA,"Cyanobacteria",NA,NA,NA,NA,NA,NA,NA,NA,NA,NA,NA,NA,NA,NA,NA,NA
"399",146802,"Genus","Animalia",NA,NA,NA,"Hexapoda","Insecta","Diptera","Chironomidae","Chironominae","Chironomini","Chironomus",NA,NA,NA,"Arthropoda","Crustacea","Allotriocarida","Pterygota","Nematocera","Culicomorpha",NA,NA,NA,NA,NA,NA,NA,NA,NA,NA,NA
"400",146895,"Species","Animalia",NA,NA,NA,"Malacostraca","Eumalacostraca","Amphipoda","Aoridae",NA,NA,"Aora","Aora typica",NA,"Peracarida","Arthropoda","Crustacea","Multicrustacea",NA,"Senticaudata","Corophiida","Aoroidea","Corophiidira",NA,NA,NA,NA,NA,NA,NA,NA,NA
"401",146922,"Species","Animalia",NA,NA,NA,"Malacostraca","Eumalacostraca","Amphipoda","Melitidae",NA,NA,"Melita","Melita nitida",NA,"Peracarida","Arthropoda","Crustacea","Multicrustacea",NA,"Senticaudata","Hadziida","Hadzioidea","Hadziidira",NA,NA,NA,NA,NA,NA,NA,NA,NA
"402",147123,"Species","Animalia",NA,NA,NA,"Gastropoda","Caenogastropoda","Littorinimorpha","Tateidae",NA,NA,"Potamopyrgus","Potamopyrgus antipodarum",NA,NA,"Mollusca",NA,NA,NA,NA,NA,"Truncatelloidea",NA,NA,NA,NA,NA,NA,NA,NA,NA,NA
"403",148427,"family","Animalia",NA,NA,NA,"Malacostraca","Eumalacostraca","Decapoda","Inachidae",NA,NA,NA,NA,NA,"Eucarida","Arthropoda","Crustacea","Multicrustacea",NA,"Pleocyemata","Brachyura","Majoidea",NA,NA,"Eubrachyura","Heterotremata",NA,NA,NA,NA,NA,NA
"404",148592,"Species","Animalia",NA,NA,NA,"Malacostraca","Eumalacostraca","Amphipoda","Corophiidae","Corophiinae","Corophiini","Monocorophium","Monocorophium insidiosum",NA,"Peracarida","Arthropoda","Crustacea","Multicrustacea",NA,"Senticaudata","Corophiida","Corophioidea","Corophiidira",NA,NA,NA,NA,NA,NA,NA,NA,NA
"405",148594,"Species","Animalia",NA,NA,NA,"Malacostraca","Eumalacostraca","Amphipoda","Corophiidae","Corophiinae","Corophiini","Apocorophium","Apocorophium lacustre",NA,"Peracarida","Arthropoda","Crustacea","Multicrustacea",NA,"Senticaudata","Corophiida","Corophioidea","Corophiidira",NA,NA,NA,NA,NA,NA,NA,NA,NA
"406",149668,"Order","Animalia",NA,NA,NA,"Malacostraca","Eumalacostraca","Mysida",NA,NA,NA,NA,NA,NA,"Peracarida","Arthropoda","Crustacea","Multicrustacea",NA,NA,NA,NA,NA,NA,NA,NA,NA,NA,NA,NA,NA,NA
"407",149871,"Family","Animalia",NA,NA,NA,"Asteroidea","Ambuloasteroidea","Valvatida","Oreasteridae",NA,NA,NA,NA,NA,"Valvatacea","Echinodermata","Asterozoa",NA,"Neoasteroidea",NA,NA,NA,NA,NA,NA,NA,NA,NA,NA,NA,NA,NA
"408",151158,"Species","Animalia",NA,NA,NA,"Teleostei",NA,"Eupercaria incertae sedis","Sciaenidae",NA,NA,"Micropogonias","Micropogonias undulatus",NA,NA,"Chordata","Vertebrata","Actinopteri",NA,NA,NA,NA,NA,NA,NA,NA,"Gnathostomata","Osteichthyes","Actinopterygii",NA,NA,NA
"409",151177,"Species","Animalia",NA,NA,NA,"Teleostei",NA,"Eupercaria incertae sedis","Moronidae",NA,NA,"Morone","Morone americana",NA,NA,"Chordata","Vertebrata","Actinopteri",NA,NA,NA,NA,NA,NA,NA,NA,"Gnathostomata","Osteichthyes","Actinopterygii",NA,NA,NA
"410",151267,"Family","Animalia",NA,NA,NA,"Gastropoda","Vetigastropoda","Trochida","Phasianellidae",NA,NA,NA,NA,NA,NA,"Mollusca",NA,NA,NA,NA,NA,"Trochoidea",NA,NA,NA,NA,NA,NA,NA,NA,NA,NA
"411",151414,"family","Animalia",NA,NA,NA,"Teleostei",NA,"Blenniiformes","Labrisomidae",NA,NA,NA,NA,NA,NA,"Chordata","Vertebrata","Actinopteri",NA,NA,NA,NA,NA,NA,NA,NA,"Gnathostomata","Osteichthyes","Actinopterygii",NA,NA,NA
"412",151456,"family","Animalia",NA,NA,NA,"Teleostei",NA,"Eupercaria incertae sedis","Gerreidae",NA,NA,NA,NA,NA,NA,"Chordata","Vertebrata","Actinopteri",NA,NA,NA,NA,NA,NA,NA,NA,"Gnathostomata","Osteichthyes","Actinopterygii",NA,NA,NA
"413",151628,"Species","Animalia",NA,NA,NA,"Gastropoda","Caenogastropoda","Littorinimorpha","Hydrobiidae","Hydrobiinae",NA,"Peringia","Peringia ulvae",NA,NA,"Mollusca",NA,NA,NA,NA,NA,"Truncatelloidea",NA,NA,NA,NA,NA,NA,NA,NA,NA,NA
"414",152223,"Subfamily","Animalia",NA,NA,NA,"Polychaeta","Errantia","Phyllodocida","Syllidae","Syllinae",NA,NA,NA,NA,NA,"Annelida",NA,NA,NA,"Nereidiformia",NA,NA,NA,NA,NA,NA,NA,NA,NA,NA,NA,NA
"415",152302,"Species","Animalia",NA,NA,NA,"Polychaeta","Errantia","Phyllodocida","Nereididae","Nereidinae",NA,"Hediste","Hediste diversicolor",NA,NA,"Annelida",NA,NA,NA,"Nereidiformia",NA,NA,NA,NA,NA,NA,NA,NA,NA,NA,NA,NA
"416",152352,"Parvphylum","Animalia",NA,NA,NA,NA,NA,NA,NA,NA,NA,NA,NA,NA,NA,"Chordata","Vertebrata",NA,NA,NA,NA,NA,NA,NA,NA,NA,"Gnathostomata","Osteichthyes",NA,NA,NA,NA
"417",152391,"Phylum","Animalia",NA,NA,NA,NA,NA,NA,NA,NA,NA,NA,NA,NA,NA,"Nemertea",NA,NA,NA,NA,NA,NA,NA,NA,NA,NA,NA,NA,NA,NA,NA,NA
"418",153558,"Species","Animalia",NA,NA,NA,"Gastropoda","Neritimorpha","Cycloneritida","Neritidae","Neritininae",NA,"Theodoxus","Theodoxus fluviatilis",NA,NA,"Mollusca",NA,NA,NA,NA,NA,"Neritoidea",NA,NA,NA,NA,NA,NA,NA,NA,NA,NA
"419",153847,"Species","Animalia",NA,NA,NA,"Polychaeta","Sedentaria","Spionida","Spionidae",NA,NA,"Polydora","Polydora websteri",NA,NA,"Annelida",NA,NA,"Canalipalpata","Spioniformia",NA,NA,NA,NA,NA,NA,NA,NA,NA,NA,NA,NA
"420",154426,"Family","Animalia",NA,NA,NA,"Teleostei",NA,"Siluriformes","Doradidae",NA,NA,NA,NA,NA,NA,"Chordata","Vertebrata","Actinopteri",NA,NA,NA,NA,NA,NA,NA,NA,"Gnathostomata","Osteichthyes","Actinopterygii",NA,NA,NA
"421",154721,"species","Animalia",NA,NA,NA,"Teleostei",NA,"Tetraodontiformes","Balistidae",NA,NA,"Balistes","Balistes capriscus",NA,NA,"Chordata","Vertebrata","Actinopteri",NA,NA,NA,NA,NA,NA,NA,NA,"Gnathostomata","Osteichthyes","Actinopterygii",NA,NA,NA
"422",155081,"Species","Animalia",NA,NA,NA,"Polychaeta","Errantia","Phyllodocida","Sigalionidae",NA,NA,"Sthenelais","Sthenelais helenae",NA,NA,"Annelida",NA,NA,NA,"Aphroditiformia",NA,NA,NA,NA,NA,NA,NA,NA,NA,NA,NA,NA
"423",156484,"Subclass","Animalia",NA,NA,NA,"Gastropoda","Neritimorpha",NA,NA,NA,NA,NA,NA,NA,NA,"Mollusca",NA,NA,NA,NA,NA,NA,NA,NA,NA,NA,NA,NA,NA,NA,NA,NA
"424",156734,"species","Animalia",NA,NA,NA,"Bivalvia","Autobranchia","Arcida","Arcidae",NA,NA,"Anadara","Anadara transversa",NA,NA,"Mollusca",NA,NA,"Pteriomorphia",NA,NA,"Arcoidea",NA,NA,NA,NA,NA,NA,NA,NA,NA,NA
"425",156803,"Species","Animalia",NA,NA,NA,"Bivalvia","Autobranchia","Venerida","Veneridae","Gemminae",NA,"Gemma","Gemma gemma",NA,"Imparidentia","Mollusca",NA,NA,"Heteroconchia",NA,NA,"Veneroidea",NA,"Euheterodonta",NA,NA,NA,NA,NA,NA,NA,NA
"426",156817,"Species","Animalia",NA,NA,NA,"Bivalvia","Autobranchia","Pectinida","Pectinidae","Pectininae","Aequipectinini","Argopecten","Argopecten irradians",NA,NA,"Mollusca",NA,NA,"Pteriomorphia",NA,NA,"Pectinoidea",NA,NA,NA,NA,NA,NA,NA,NA,NA,NA
"427",156859,"Species","Animalia",NA,NA,NA,"Bivalvia","Autobranchia","Mytilida","Mytilidae","Brachidontinae",NA,"Geukensia","Geukensia demissa",NA,NA,"Mollusca",NA,NA,"Pteriomorphia",NA,NA,"Mytiloidea",NA,NA,NA,NA,NA,NA,NA,NA,NA,NA
"428",156861,"Species","Animalia",NA,NA,NA,"Bivalvia","Autobranchia","Mytilida","Mytilidae","Brachidontinae",NA,"Ischadium","Ischadium recurvum",NA,NA,"Mollusca",NA,NA,"Pteriomorphia",NA,NA,"Mytiloidea",NA,NA,NA,NA,NA,NA,NA,NA,NA,NA
"429",156887,"Species","Animalia",NA,NA,NA,"Bivalvia","Autobranchia","Myida","Dreissenidae","Dreisseninae",NA,"Mytilopsis","Mytilopsis leucophaeata",NA,"Imparidentia","Mollusca",NA,NA,"Heteroconchia",NA,NA,"Dreissenoidea",NA,"Euheterodonta",NA,NA,NA,NA,NA,NA,NA,NA
"430",157001,"Species","Animalia",NA,NA,NA,"Bivalvia","Autobranchia","Cardiida","Solecurtidae",NA,NA,"Tagelus","Tagelus plebeius",NA,"Imparidentia","Mollusca",NA,NA,"Heteroconchia",NA,NA,"Tellinoidea",NA,"Euheterodonta",NA,NA,NA,NA,NA,NA,NA,NA
"431",157179,"Species","Animalia",NA,NA,NA,"Polychaeta","Sedentaria","Spionida","Spionidae",NA,NA,"Aonides","Aonides mayaguezensis",NA,NA,"Annelida",NA,NA,"Canalipalpata","Spioniformia",NA,NA,NA,NA,NA,NA,NA,NA,NA,NA,NA,NA
"432",157483,"Species","Animalia",NA,NA,NA,"Polychaeta","Sedentaria",NA,"Capitellidae",NA,NA,"Mediomastus","Mediomastus californiensis",NA,NA,"Annelida",NA,NA,"Scolecida",NA,NA,NA,NA,NA,NA,NA,NA,NA,NA,NA,NA,NA
"433",157793,"Species","Animalia",NA,NA,NA,"Thecostraca","Cirripedia","Balanomorpha","Chthamalidae",NA,NA,"Chthamalus","Chthamalus fragilis",NA,"Thoracicalcarea","Arthropoda","Crustacea","Multicrustacea","Thoracica",NA,NA,"Chthamaloidea",NA,NA,NA,NA,NA,NA,NA,NA,NA,NA
"434",157854,"Species","Animalia",NA,NA,NA,"Malacostraca","Eumalacostraca","Amphipoda","Microprotopidae",NA,NA,"Microprotopus","Microprotopus raneyi",NA,"Peracarida","Arthropoda","Crustacea","Multicrustacea",NA,"Senticaudata","Corophiida","Microprotopoidea","Caprellidira",NA,NA,NA,NA,NA,NA,NA,NA,NA
"435",157885,"Species","Animalia",NA,NA,NA,"Malacostraca","Eumalacostraca","Isopoda","Idoteidae",NA,NA,"Edotia","Edotia triloba",NA,"Peracarida","Arthropoda","Crustacea","Multicrustacea",NA,"Valvifera",NA,NA,NA,NA,NA,NA,NA,NA,NA,NA,NA,NA
"436",157887,"Species","Animalia",NA,NA,NA,"Malacostraca","Eumalacostraca","Isopoda","Idoteidae",NA,NA,"Erichsonella","Erichsonella attenuata",NA,"Peracarida","Arthropoda","Crustacea","Multicrustacea",NA,"Valvifera",NA,NA,NA,NA,NA,NA,NA,NA,NA,NA,NA,NA
"437",157975,"Species","Animalia",NA,NA,NA,NA,NA,"Polycladida","Discocelidae",NA,NA,"Coronadena","Coronadena mutabilis",NA,NA,"Platyhelminthes","Rhabditophora",NA,NA,"Acotylea",NA,"Discoceloidea",NA,NA,NA,NA,NA,NA,NA,NA,NA,NA
"438",158020,"Species","Animalia",NA,NA,NA,"Malacostraca","Eumalacostraca","Amphipoda","Ampeliscidae",NA,NA,"Ampelisca","Ampelisca abdita",NA,"Peracarida","Arthropoda","Crustacea","Multicrustacea",NA,"Amphilochidea","Lysianassida","Synopioidea","Synopiidira",NA,NA,NA,NA,NA,NA,NA,NA,NA
"439",158023,"Species","Animalia",NA,NA,NA,"Malacostraca","Eumalacostraca","Amphipoda","Ampeliscidae",NA,NA,"Ampelisca","Ampelisca verrilli",NA,"Peracarida","Arthropoda","Crustacea","Multicrustacea",NA,"Amphilochidea","Lysianassida","Synopioidea","Synopiidira",NA,NA,NA,NA,NA,NA,NA,NA,NA
"440",158026,"Species","Animalia",NA,NA,NA,"Malacostraca","Eumalacostraca","Amphipoda","Ampithoidae",NA,NA,"Ampithoe","Ampithoe longimana",NA,"Peracarida","Arthropoda","Crustacea","Multicrustacea",NA,"Senticaudata","Corophiida","Corophioidea","Corophiidira",NA,NA,NA,NA,NA,NA,NA,NA,NA
"441",158032,"Species","Animalia",NA,NA,NA,"Malacostraca","Eumalacostraca","Amphipoda","Bateidae",NA,NA,"Batea","Batea catharinensis",NA,"Peracarida","Arthropoda","Crustacea","Multicrustacea",NA,"Amphilochidea","Amphilochida","Eusiroidea","Eusiridira",NA,NA,NA,NA,NA,NA,NA,NA,NA
"442",158036,"Species","Animalia",NA,NA,NA,"Malacostraca","Eumalacostraca","Amphipoda","Lysianassidae","Lysianassinae",NA,"Lysianopsis","Lysianopsis alba",NA,"Peracarida","Arthropoda","Crustacea","Multicrustacea",NA,"Amphilochidea","Lysianassida","Lysianassoidea","Lysianassidira",NA,NA,NA,NA,NA,NA,NA,NA,NA
"443",158058,"species","Animalia",NA,NA,NA,"Echinoidea","Euechinoidea","Arbacioida","Arbaciidae",NA,NA,"Arbacia","Arbacia punctulata",NA,NA,"Echinodermata","Echinozoa",NA,"Carinacea",NA,NA,NA,NA,"Echinacea",NA,NA,NA,NA,NA,NA,NA,NA
"444",158065,"species","Animalia",NA,NA,NA,"Echinoidea","Euechinoidea","Echinolampadacea","Mellitidae",NA,NA,"Mellita","Mellita quinquiesperforata",NA,"Luminacea","Echinodermata","Echinozoa",NA,"Irregularia","Scutelloida","Scutelliformes","Scutelloidea",NA,"Neognathostomata",NA,NA,NA,NA,NA,NA,NA,NA
"445",158082,"Species","Animalia",NA,NA,NA,"Malacostraca","Eumalacostraca","Amphipoda","Ampithoidae",NA,NA,"Cymadusa","Cymadusa compta",NA,"Peracarida","Arthropoda","Crustacea","Multicrustacea",NA,"Senticaudata","Corophiida","Corophioidea","Corophiidira",NA,NA,NA,NA,NA,NA,NA,NA,NA
"446",158094,"Species","Animalia",NA,NA,NA,"Malacostraca","Eumalacostraca","Amphipoda","Gammaridae",NA,NA,"Gammarus","Gammarus mucronatus",NA,"Peracarida","Arthropoda","Crustacea","Multicrustacea",NA,"Senticaudata","Gammarida","Gammaroidea","Gammaridira",NA,NA,NA,NA,NA,NA,NA,NA,NA
"447",158113,"Species","Animalia",NA,NA,NA,"Malacostraca","Eumalacostraca","Amphipoda","Corophiidae","Corophiinae","Haplocheirini","Leptocheirus","Leptocheirus plumulosus",NA,"Peracarida","Arthropoda","Crustacea","Multicrustacea",NA,"Senticaudata","Corophiida","Corophioidea","Corophiidira",NA,NA,NA,NA,NA,NA,NA,NA,NA
"448",158149,"Species","Animalia",NA,NA,NA,"Malacostraca","Eumalacostraca","Amphipoda","Stenothoidae","Stenothoinae",NA,"Stenothoe","Stenothoe minuta",NA,"Peracarida","Arthropoda","Crustacea","Multicrustacea",NA,"Amphilochidea","Amphilochida","Amphilochoidea","Amphilochidira",NA,NA,NA,NA,NA,NA,NA,NA,NA
"449",158230,"Species","Animalia",NA,NA,NA,"Hexacorallia",NA,"Actiniaria","Diadumenidae",NA,NA,"Diadumene","Diadumene leucolena",NA,NA,"Cnidaria","Anthozoa",NA,NA,"Enthemonae",NA,"Metridioidea",NA,NA,NA,NA,NA,NA,NA,NA,NA,NA
"450",158348,"Species","Animalia",NA,NA,NA,"Malacostraca","Eumalacostraca","Decapoda","Alpheidae",NA,NA,"Alpheus","Alpheus heterochaelis",NA,"Eucarida","Arthropoda","Crustacea","Multicrustacea",NA,"Pleocyemata","Caridea","Alpheoidea",NA,NA,NA,NA,NA,NA,NA,NA,NA,NA
"451",158355,"Species","Animalia",NA,NA,NA,"Malacostraca","Eumalacostraca","Decapoda","Crangonidae",NA,NA,"Crangon","Crangon septemspinosa",NA,"Eucarida","Arthropoda","Crustacea","Multicrustacea",NA,"Pleocyemata","Caridea","Crangonoidea",NA,NA,NA,NA,NA,NA,NA,NA,NA,NA
"452",158360,"Species","Animalia",NA,NA,NA,"Malacostraca","Eumalacostraca","Decapoda","Hippolytidae",NA,NA,"Hippolyte","Hippolyte pleuracantha",NA,"Eucarida","Arthropoda","Crustacea","Multicrustacea",NA,"Pleocyemata","Caridea","Alpheoidea",NA,NA,NA,NA,NA,NA,NA,NA,NA,NA
"453",158361,"Species","Animalia",NA,NA,NA,"Malacostraca","Eumalacostraca","Decapoda","Hippolytidae",NA,NA,"Hippolyte","Hippolyte zostericola",NA,"Eucarida","Arthropoda","Crustacea","Multicrustacea",NA,"Pleocyemata","Caridea","Alpheoidea",NA,NA,NA,NA,NA,NA,NA,NA,NA,NA
"454",158365,"species","Animalia",NA,NA,NA,"Malacostraca","Eumalacostraca","Decapoda","Lysmatidae",NA,NA,"Lysmata","Lysmata wurdemanni",NA,"Eucarida","Arthropoda","Crustacea","Multicrustacea",NA,"Pleocyemata","Caridea","Alpheoidea",NA,NA,NA,NA,NA,NA,NA,NA,NA,NA
"455",158416,"Species","Animalia",NA,NA,NA,"Malacostraca","Eumalacostraca","Decapoda","Panopeidae",NA,NA,"Eurypanopeus","Eurypanopeus depressus",NA,"Eucarida","Arthropoda","Crustacea","Multicrustacea",NA,"Pleocyemata","Brachyura","Xanthoidea",NA,NA,"Eubrachyura","Heterotremata",NA,NA,NA,NA,NA,NA
"456",158424,"Species","Animalia",NA,NA,NA,"Malacostraca","Eumalacostraca","Decapoda","Panopeidae",NA,NA,"Hexapanopeus","Hexapanopeus angustifrons",NA,"Eucarida","Arthropoda","Crustacea","Multicrustacea",NA,"Pleocyemata","Brachyura","Xanthoidea",NA,NA,"Eubrachyura","Heterotremata",NA,NA,NA,NA,NA,NA
"457",158428,"Genus","Animalia",NA,NA,NA,"Malacostraca","Eumalacostraca","Decapoda","Mithracidae",NA,NA,"Mithrax",NA,NA,"Eucarida","Arthropoda","Crustacea","Multicrustacea",NA,"Pleocyemata","Brachyura","Majoidea",NA,NA,"Eubrachyura","Heterotremata",NA,NA,NA,NA,NA,NA
"458",158429,"species","Animalia",NA,NA,NA,"Malacostraca","Eumalacostraca","Decapoda","Mithracidae",NA,NA,"Mithrax","Mithrax hispidus",NA,"Eucarida","Arthropoda","Crustacea","Multicrustacea",NA,"Pleocyemata","Brachyura","Majoidea",NA,NA,"Eubrachyura","Heterotremata",NA,NA,NA,NA,NA,NA
"459",158435,"Species","Animalia",NA,NA,NA,"Malacostraca","Eumalacostraca","Decapoda","Ovalipidae",NA,NA,"Ovalipes","Ovalipes stephensoni",NA,"Eucarida","Arthropoda","Crustacea","Multicrustacea",NA,"Pleocyemata","Brachyura","Portunoidea",NA,NA,"Eubrachyura","Heterotremata",NA,NA,NA,NA,NA,NA
"460",158436,"Species","Animalia",NA,NA,NA,"Malacostraca","Eumalacostraca","Decapoda","Panopeidae",NA,NA,"Panopeus","Panopeus herbstii",NA,"Eucarida","Arthropoda","Crustacea","Multicrustacea",NA,"Pleocyemata","Brachyura","Xanthoidea",NA,NA,"Eubrachyura","Heterotremata",NA,NA,NA,NA,NA,NA
"461",158497,"species","Animalia",NA,NA,NA,"Asteroidea","Ambuloasteroidea","Paxillosida","Luidiidae",NA,NA,"Luidia","Luidia clathrata",NA,"Valvatacea","Echinodermata","Asterozoa",NA,"Neoasteroidea",NA,NA,NA,NA,NA,NA,NA,NA,NA,NA,NA,NA,NA
"462",158526,"species","Animalia",NA,NA,NA,"Elasmobranchii","Neoselachii","Myliobatiformes","Dasyatidae",NA,NA,"Dasyatis","Dasyatis americana",NA,NA,"Chordata","Vertebrata",NA,"Batoidea",NA,NA,NA,NA,NA,NA,NA,"Gnathostomata","Chondrichthyes",NA,NA,NA,NA
"463",158532,"Species","Animalia",NA,NA,NA,"Holothuroidea","Actinopoda","Dendrochirotida","Sclerodactylidae",NA,NA,"Sclerodactyla","Sclerodactyla briareus",NA,NA,"Echinodermata","Echinozoa",NA,NA,NA,NA,NA,NA,NA,NA,NA,NA,NA,NA,NA,NA,NA
"464",158562,"Species","Animalia",NA,NA,NA,"Teleostei",NA,"Anguilliformes","Anguillidae",NA,NA,"Anguilla","Anguilla rostrata",NA,NA,"Chordata","Vertebrata","Actinopteri",NA,NA,NA,NA,NA,NA,NA,NA,"Gnathostomata","Osteichthyes","Actinopterygii",NA,NA,NA
"465",158583,"species","Animalia",NA,NA,NA,"Teleostei",NA,"Anguilliformes","Muraenidae","Muraeninae",NA,"Gymnothorax","Gymnothorax funebris",NA,NA,"Chordata","Vertebrata","Actinopteri",NA,NA,NA,NA,NA,NA,NA,NA,"Gnathostomata","Osteichthyes","Actinopterygii",NA,NA,NA
"466",158584,"species","Animalia",NA,NA,NA,"Teleostei",NA,"Anguilliformes","Muraenidae","Muraeninae",NA,"Gymnothorax","Gymnothorax moringa",NA,NA,"Chordata","Vertebrata","Actinopteri",NA,NA,NA,NA,NA,NA,NA,NA,"Gnathostomata","Osteichthyes","Actinopterygii",NA,NA,NA
"467",158637,"species","Animalia",NA,NA,NA,"Teleostei",NA,"Anguilliformes","Ophichthidae","Ophichthinae",NA,"Myrichthys","Myrichthys breviceps",NA,NA,"Chordata","Vertebrata","Actinopteri",NA,NA,NA,NA,NA,NA,NA,NA,"Gnathostomata","Osteichthyes","Actinopterygii",NA,NA,NA
"468",158688,"genus","Animalia",NA,NA,NA,"Teleostei",NA,"Clupeiformes","Alosidae",NA,NA,"Brevoortia",NA,NA,NA,"Chordata","Vertebrata","Actinopteri",NA,NA,NA,NA,NA,NA,NA,NA,"Gnathostomata","Osteichthyes","Actinopterygii",NA,NA,NA
"469",158691,"Species","Animalia",NA,NA,NA,"Teleostei",NA,"Clupeiformes","Alosidae",NA,NA,"Brevoortia","Brevoortia tyrannus",NA,NA,"Chordata","Vertebrata","Actinopteri",NA,NA,NA,NA,NA,NA,NA,NA,"Gnathostomata","Osteichthyes","Actinopterygii",NA,NA,NA
"470",158695,"species","Animalia",NA,NA,NA,"Teleostei",NA,"Clupeiformes","Dorosomatidae",NA,NA,"Opisthonema","Opisthonema oglinum",NA,NA,"Chordata","Vertebrata","Actinopteri",NA,NA,NA,NA,NA,NA,NA,NA,"Gnathostomata","Osteichthyes","Actinopterygii",NA,NA,NA
"471",158699,"Species","Animalia",NA,NA,NA,"Teleostei",NA,"Clupeiformes","Engraulidae",NA,NA,"Anchoa","Anchoa mitchilli",NA,NA,"Chordata","Vertebrata","Actinopteri",NA,NA,NA,NA,NA,NA,NA,NA,"Gnathostomata","Osteichthyes","Actinopterygii",NA,NA,NA
"472",158759,"species","Animalia",NA,NA,NA,"Teleostei",NA,"Aulopiformes","Synodontidae","Synodontinae",NA,"Synodus","Synodus intermedius",NA,NA,"Chordata","Vertebrata","Actinopteri",NA,NA,NA,NA,NA,NA,NA,NA,"Gnathostomata","Osteichthyes","Actinopterygii",NA,NA,NA
"473",158782,"Species","Animalia",NA,NA,NA,"Teleostei",NA,"Batrachoidiformes","Batrachoididae","Batrachoidinae",NA,"Opsanus","Opsanus tau",NA,NA,"Chordata","Vertebrata","Actinopteri",NA,NA,NA,NA,NA,NA,NA,NA,"Gnathostomata","Osteichthyes","Actinopterygii",NA,NA,NA
"474",158787,"Species","Animalia",NA,NA,NA,"Teleostei",NA,"Gobiesociformes","Gobiesocidae","Gobiesocinae",NA,"Gobiesox","Gobiesox strumosus",NA,NA,"Chordata","Vertebrata","Actinopteri",NA,NA,NA,NA,NA,NA,NA,NA,"Gnathostomata","Osteichthyes","Actinopterygii",NA,NA,NA
"475",158806,"genus","Animalia",NA,NA,NA,"Teleostei",NA,"Eupercaria incertae sedis","Haemulidae","Haemulinae",NA,"Haemulon",NA,NA,NA,"Chordata","Vertebrata","Actinopteri",NA,NA,NA,NA,NA,NA,NA,NA,"Gnathostomata","Osteichthyes","Actinopterygii",NA,NA,NA
"476",158807,"species","Animalia",NA,NA,NA,"Teleostei",NA,"Eupercaria incertae sedis","Haemulidae","Haemulinae",NA,"Haemulon","Haemulon aurolineatum",NA,NA,"Chordata","Vertebrata","Actinopteri",NA,NA,NA,NA,NA,NA,NA,NA,"Gnathostomata","Osteichthyes","Actinopterygii",NA,NA,NA
"477",158808,"species","Animalia",NA,NA,NA,"Teleostei",NA,"Eupercaria incertae sedis","Haemulidae","Haemulinae",NA,"Haemulon","Haemulon plumierii",NA,NA,"Chordata","Vertebrata","Actinopteri",NA,NA,NA,NA,NA,NA,NA,NA,"Gnathostomata","Osteichthyes","Actinopterygii",NA,NA,NA
"478",158815,"species","Animalia",NA,NA,NA,"Teleostei",NA,"Eupercaria incertae sedis","Labridae",NA,NA,"Halichoeres","Halichoeres bivittatus",NA,NA,"Chordata","Vertebrata","Actinopteri",NA,NA,NA,NA,NA,NA,NA,NA,"Gnathostomata","Osteichthyes","Actinopterygii",NA,NA,NA
"479",158822,"species","Animalia",NA,NA,NA,"Teleostei",NA,"Eupercaria incertae sedis","Labridae",NA,NA,"Lachnolaimus","Lachnolaimus maximus",NA,NA,"Chordata","Vertebrata","Actinopteri",NA,NA,NA,NA,NA,NA,NA,NA,"Gnathostomata","Osteichthyes","Actinopterygii",NA,NA,NA
"480",158919,"species","Animalia",NA,NA,NA,"Teleostei",NA,"Tetraodontiformes","Ostraciidae",NA,NA,"Acanthostracion","Acanthostracion polygonius",NA,NA,"Chordata","Vertebrata","Actinopteri",NA,NA,NA,NA,NA,NA,NA,NA,"Gnathostomata","Osteichthyes","Actinopterygii",NA,NA,NA
"481",158920,"species","Animalia",NA,NA,NA,"Teleostei",NA,"Tetraodontiformes","Ostraciidae",NA,NA,"Acanthostracion","Acanthostracion quadricornis",NA,NA,"Chordata","Vertebrata","Actinopteri",NA,NA,NA,NA,NA,NA,NA,NA,"Gnathostomata","Osteichthyes","Actinopterygii",NA,NA,NA
"482",158932,"species","Animalia",NA,NA,NA,"Teleostei",NA,"Tetraodontiformes","Ostraciidae",NA,NA,"Lactophrys","Lactophrys triqueter",NA,NA,"Chordata","Vertebrata","Actinopteri",NA,NA,NA,NA,NA,NA,NA,NA,"Gnathostomata","Osteichthyes","Actinopterygii",NA,NA,NA
"483",158935,"species","Animalia",NA,NA,NA,"Teleostei",NA,"Tetraodontiformes","Tetraodontidae",NA,NA,"Sphoeroides","Sphoeroides spengleri",NA,NA,"Chordata","Vertebrata","Actinopteri",NA,NA,NA,NA,NA,NA,NA,NA,"Gnathostomata","Osteichthyes","Actinopterygii",NA,NA,NA
"484",158936,"species","Animalia",NA,NA,NA,"Teleostei",NA,"Tetraodontiformes","Tetraodontidae",NA,NA,"Sphoeroides","Sphoeroides testudineus",NA,NA,"Chordata","Vertebrata","Actinopteri",NA,NA,NA,NA,NA,NA,NA,NA,"Gnathostomata","Osteichthyes","Actinopterygii",NA,NA,NA
"485",159165,"species","Animalia",NA,NA,NA,"Teleostei",NA,"Pleuronectiformes","Paralichthyidae",NA,NA,"Citharichthys","Citharichthys macrops",NA,NA,"Chordata","Vertebrata","Actinopteri",NA,NA,NA,NA,NA,NA,NA,NA,"Gnathostomata","Osteichthyes","Actinopterygii",NA,NA,NA
"486",159195,"species","Animalia",NA,NA,NA,"Teleostei",NA,"Lophiiformes","Ogcocephalidae",NA,NA,"Ogcocephalus","Ogcocephalus vespertilio",NA,NA,"Chordata","Vertebrata","Actinopteri",NA,NA,NA,NA,NA,NA,NA,NA,"Gnathostomata","Osteichthyes","Actinopterygii",NA,NA,NA
"487",159222,"species","Animalia",NA,NA,NA,"Teleostei",NA,"Perciformes","Epinephelidae",NA,NA,"Epinephelus","Epinephelus striatus",NA,NA,"Chordata","Vertebrata","Actinopteri",NA,"Percoidei",NA,NA,NA,NA,NA,NA,"Gnathostomata","Osteichthyes","Actinopterygii",NA,NA,NA
"488",159227,"Species","Animalia",NA,NA,NA,"Teleostei",NA,"Atheriniformes","Atherinopsidae","Menidiinae",NA,"Menidia","Menidia beryllina",NA,NA,"Chordata","Vertebrata","Actinopteri",NA,NA,NA,NA,NA,NA,NA,NA,"Gnathostomata","Osteichthyes","Actinopterygii",NA,NA,NA
"489",159228,"Species","Animalia",NA,NA,NA,"Teleostei",NA,"Atheriniformes","Atherinopsidae","Menidiinae",NA,"Menidia","Menidia menidia",NA,NA,"Chordata","Vertebrata","Actinopteri",NA,NA,NA,NA,NA,NA,NA,NA,"Gnathostomata","Osteichthyes","Actinopterygii",NA,NA,NA
"490",159229,"genus","Animalia",NA,NA,NA,"Teleostei",NA,"Perciformes","Epinephelidae",NA,NA,"Liopropoma",NA,NA,NA,"Chordata","Vertebrata","Actinopteri",NA,"Percoidei",NA,NA,NA,NA,NA,NA,"Gnathostomata","Osteichthyes","Actinopterygii",NA,NA,NA
"491",159231,"species","Animalia",NA,NA,NA,"Teleostei",NA,"Perciformes","Epinephelidae",NA,NA,"Mycteroperca","Mycteroperca bonaci",NA,NA,"Chordata","Vertebrata","Actinopteri",NA,"Percoidei",NA,NA,NA,NA,NA,NA,"Gnathostomata","Osteichthyes","Actinopterygii",NA,NA,NA
"492",159235,"species","Animalia",NA,NA,NA,"Teleostei",NA,"Perciformes","Grammistidae",NA,NA,"Rypticus","Rypticus maculatus",NA,NA,"Chordata","Vertebrata","Actinopteri",NA,"Percoidei",NA,NA,NA,NA,NA,NA,"Gnathostomata","Osteichthyes","Actinopterygii",NA,NA,NA
"493",159236,"species","Animalia",NA,NA,NA,"Teleostei",NA,"Perciformes","Serranidae",NA,NA,"Serranus","Serranus subligarius",NA,NA,"Chordata","Vertebrata","Actinopteri",NA,"Percoidei",NA,NA,NA,NA,NA,NA,"Gnathostomata","Osteichthyes","Actinopterygii",NA,NA,NA
"494",159238,"species","Animalia",NA,NA,NA,"Teleostei",NA,"Eupercaria incertae sedis","Sparidae",NA,NA,"Archosargus","Archosargus probatocephalus",NA,NA,"Chordata","Vertebrata","Actinopteri",NA,NA,NA,NA,NA,NA,NA,NA,"Gnathostomata","Osteichthyes","Actinopterygii",NA,NA,NA
"495",159239,"species","Animalia",NA,NA,NA,"Teleostei",NA,"Eupercaria incertae sedis","Sparidae",NA,NA,"Archosargus","Archosargus rhomboidalis",NA,NA,"Chordata","Vertebrata","Actinopteri",NA,NA,NA,NA,NA,NA,NA,NA,"Gnathostomata","Osteichthyes","Actinopterygii",NA,NA,NA
"496",159240,"genus","Animalia",NA,NA,NA,"Teleostei",NA,"Eupercaria incertae sedis","Sparidae",NA,NA,"Calamus",NA,NA,NA,"Chordata","Vertebrata","Actinopteri",NA,NA,NA,NA,NA,NA,NA,NA,"Gnathostomata","Osteichthyes","Actinopterygii",NA,NA,NA
"497",159241,"species","Animalia",NA,NA,NA,"Teleostei",NA,"Eupercaria incertae sedis","Sparidae",NA,NA,"Calamus","Calamus bajonado",NA,NA,"Chordata","Vertebrata","Actinopteri",NA,NA,NA,NA,NA,NA,NA,NA,"Gnathostomata","Osteichthyes","Actinopterygii",NA,NA,NA
"498",159242,"species","Animalia",NA,NA,NA,"Teleostei",NA,"Eupercaria incertae sedis","Sparidae",NA,NA,"Calamus","Calamus calamus",NA,NA,"Chordata","Vertebrata","Actinopteri",NA,NA,NA,NA,NA,NA,NA,NA,"Gnathostomata","Osteichthyes","Actinopterygii",NA,NA,NA
"499",159245,"species","Animalia",NA,NA,NA,"Teleostei",NA,"Eupercaria incertae sedis","Sparidae",NA,NA,"Calamus","Calamus penna",NA,NA,"Chordata","Vertebrata","Actinopteri",NA,NA,NA,NA,NA,NA,NA,NA,"Gnathostomata","Osteichthyes","Actinopterygii",NA,NA,NA
"500",159259,"species","Animalia",NA,NA,NA,"Teleostei",NA,"Beloniformes","Belonidae",NA,NA,"Tylosurus","Tylosurus crocodilus",NA,NA,"Chordata","Vertebrata","Actinopteri",NA,NA,NA,NA,NA,NA,NA,NA,"Gnathostomata","Osteichthyes","Actinopterygii",NA,NA,NA
"501",159271,"Species","Animalia",NA,NA,NA,"Teleostei",NA,"Pleuronectiformes","Achiridae",NA,NA,"Trinectes","Trinectes maculatus",NA,NA,"Chordata","Vertebrata","Actinopteri",NA,NA,NA,NA,NA,NA,NA,NA,"Gnathostomata","Osteichthyes","Actinopterygii",NA,NA,NA
"502",159275,"species","Animalia",NA,NA,NA,"Teleostei",NA,"Pleuronectiformes","Bothidae",NA,NA,"Bothus","Bothus ocellatus",NA,NA,"Chordata","Vertebrata","Actinopteri",NA,NA,NA,NA,NA,NA,NA,NA,"Gnathostomata","Osteichthyes","Actinopterygii",NA,NA,NA
"503",159284,"species","Animalia",NA,NA,NA,"Teleostei",NA,"Acanthuriformes","Pomacanthidae",NA,NA,"Holacanthus","Holacanthus bermudensis",NA,NA,"Chordata","Vertebrata","Actinopteri",NA,NA,NA,NA,NA,NA,NA,NA,"Gnathostomata","Osteichthyes","Actinopterygii",NA,NA,NA
"504",159285,"Species","Animalia",NA,NA,NA,"Teleostei",NA,"Cyprinodontiformes","Cyprinodontidae","Cyprinodontinae",NA,"Cyprinodon","Cyprinodon variegatus",NA,NA,"Chordata","Vertebrata","Actinopteri",NA,NA,NA,NA,NA,NA,NA,NA,"Gnathostomata","Osteichthyes","Actinopterygii",NA,NA,NA
"505",159287,"species","Animalia",NA,NA,NA,"Teleostei",NA,"Acanthuriformes","Pomacanthidae",NA,NA,"Pomacanthus","Pomacanthus arcuatus",NA,NA,"Chordata","Vertebrata","Actinopteri",NA,NA,NA,NA,NA,NA,NA,NA,"Gnathostomata","Osteichthyes","Actinopterygii",NA,NA,NA
"506",159288,"species","Animalia",NA,NA,NA,"Teleostei",NA,"Ovalentaria incertae sedis","Pomacentridae",NA,NA,"Abudefduf","Abudefduf saxatilis",NA,NA,"Chordata","Vertebrata","Actinopteri",NA,NA,NA,NA,NA,NA,NA,NA,"Gnathostomata","Osteichthyes","Actinopterygii",NA,NA,NA
"507",159291,"species","Animalia",NA,NA,NA,"Teleostei",NA,"Ovalentaria incertae sedis","Pomacentridae",NA,NA,"Stegastes","Stegastes leucostictus",NA,NA,"Chordata","Vertebrata","Actinopteri",NA,NA,NA,NA,NA,NA,NA,NA,"Gnathostomata","Osteichthyes","Actinopterygii",NA,NA,NA
"508",159296,"Species","Animalia",NA,NA,NA,"Teleostei",NA,"Cyprinodontiformes","Fundulidae",NA,NA,"Fundulus","Fundulus diaphanus",NA,NA,"Chordata","Vertebrata","Actinopteri",NA,NA,NA,NA,NA,NA,NA,NA,"Gnathostomata","Osteichthyes","Actinopterygii",NA,NA,NA
"509",159298,"species","Animalia",NA,NA,NA,"Teleostei",NA,"Eupercaria incertae sedis","Scaridae","Sparisomatinae",NA,"Nicholsina","Nicholsina usta",NA,NA,"Chordata","Vertebrata","Actinopteri",NA,NA,NA,NA,NA,NA,NA,NA,"Gnathostomata","Osteichthyes","Actinopterygii",NA,NA,NA
"510",159300,"species","Animalia",NA,NA,NA,"Teleostei",NA,"Eupercaria incertae sedis","Scaridae","Scarinae",NA,"Scarus","Scarus coeruleus",NA,NA,"Chordata","Vertebrata","Actinopteri",NA,NA,NA,NA,NA,NA,NA,NA,"Gnathostomata","Osteichthyes","Actinopterygii",NA,NA,NA
"511",159301,"species","Animalia",NA,NA,NA,"Teleostei",NA,"Eupercaria incertae sedis","Scaridae","Sparisomatinae",NA,"Sparisoma","Sparisoma rubripinne",NA,NA,"Chordata","Vertebrata","Actinopteri",NA,NA,NA,NA,NA,NA,NA,NA,"Gnathostomata","Osteichthyes","Actinopterygii",NA,NA,NA
"512",159303,"Species","Animalia",NA,NA,NA,"Teleostei",NA,"Eupercaria incertae sedis","Sciaenidae",NA,NA,"Bairdiella","Bairdiella chrysoura",NA,NA,"Chordata","Vertebrata","Actinopteri",NA,NA,NA,NA,NA,NA,NA,NA,"Gnathostomata","Osteichthyes","Actinopterygii",NA,NA,NA
"513",159306,"Species","Animalia",NA,NA,NA,"Teleostei",NA,"Cyprinodontiformes","Fundulidae",NA,NA,"Fundulus","Fundulus heteroclitus",NA,NA,"Chordata","Vertebrata","Actinopteri",NA,NA,NA,NA,NA,NA,NA,NA,"Gnathostomata","Osteichthyes","Actinopterygii",NA,NA,NA
"514",159308,"Species","Animalia",NA,NA,NA,"Teleostei",NA,"Cyprinodontiformes","Fundulidae",NA,NA,"Fundulus","Fundulus majalis",NA,NA,"Chordata","Vertebrata","Actinopteri",NA,NA,NA,NA,NA,NA,NA,NA,"Gnathostomata","Osteichthyes","Actinopterygii",NA,NA,NA
"515",159310,"Species","Animalia",NA,NA,NA,"Teleostei",NA,"Cyprinodontiformes","Fundulidae",NA,NA,"Lucania","Lucania parva",NA,NA,"Chordata","Vertebrata","Actinopteri",NA,NA,NA,NA,NA,NA,NA,NA,"Gnathostomata","Osteichthyes","Actinopterygii",NA,NA,NA
"516",159322,"Species","Animalia",NA,NA,NA,"Teleostei",NA,"Eupercaria incertae sedis","Sciaenidae",NA,NA,"Leiostomus","Leiostomus xanthurus",NA,NA,"Chordata","Vertebrata","Actinopteri",NA,NA,NA,NA,NA,NA,NA,NA,"Gnathostomata","Osteichthyes","Actinopterygii",NA,NA,NA
"517",159335,"Species","Animalia",NA,NA,NA,"Teleostei",NA,"Eupercaria incertae sedis","Sciaenidae",NA,NA,"Sciaenops","Sciaenops ocellatus",NA,NA,"Chordata","Vertebrata","Actinopteri",NA,NA,NA,NA,NA,NA,NA,NA,"Gnathostomata","Osteichthyes","Actinopterygii",NA,NA,NA
"518",159342,"species","Animalia",NA,NA,NA,"Teleostei",NA,"Scombriformes","Scombridae","Scombrinae",NA,"Scomberomorus","Scomberomorus maculatus",NA,NA,"Chordata","Vertebrata","Actinopteri",NA,NA,NA,NA,NA,NA,NA,NA,"Gnathostomata","Osteichthyes","Actinopterygii",NA,NA,NA
"519",159351,"species","Animalia",NA,NA,NA,"Teleostei",NA,"Perciformes","Epinephelidae",NA,NA,"Epinephelus","Epinephelus adscensionis",NA,NA,"Chordata","Vertebrata","Actinopteri",NA,"Percoidei",NA,NA,NA,NA,NA,NA,"Gnathostomata","Osteichthyes","Actinopterygii",NA,NA,NA
"520",159352,"species","Animalia",NA,NA,NA,"Teleostei",NA,"Perciformes","Epinephelidae",NA,NA,"Epinephelus","Epinephelus guttatus",NA,NA,"Chordata","Vertebrata","Actinopteri",NA,"Percoidei",NA,NA,NA,NA,NA,NA,"Gnathostomata","Osteichthyes","Actinopterygii",NA,NA,NA
"521",159353,"species","Animalia",NA,NA,NA,"Teleostei",NA,"Perciformes","Epinephelidae",NA,NA,"Epinephelus","Epinephelus itajara",NA,NA,"Chordata","Vertebrata","Actinopteri",NA,"Percoidei",NA,NA,NA,NA,NA,NA,"Gnathostomata","Osteichthyes","Actinopterygii",NA,NA,NA
"522",159354,"species","Animalia",NA,NA,NA,"Teleostei",NA,"Perciformes","Epinephelidae",NA,NA,"Epinephelus","Epinephelus morio",NA,NA,"Chordata","Vertebrata","Actinopteri",NA,"Percoidei",NA,NA,NA,NA,NA,NA,"Gnathostomata","Osteichthyes","Actinopterygii",NA,NA,NA
"523",159376,"genus","Animalia",NA,NA,NA,"Teleostei",NA,"Holocentriformes","Holocentridae","Holocentrinae",NA,"Holocentrus",NA,NA,NA,"Chordata","Vertebrata","Actinopteri",NA,NA,NA,NA,NA,NA,NA,NA,"Gnathostomata","Osteichthyes","Actinopterygii",NA,NA,NA
"524",159378,"species","Animalia",NA,NA,NA,"Teleostei",NA,"Holocentriformes","Holocentridae","Holocentrinae",NA,"Holocentrus","Holocentrus adscensionis",NA,NA,"Chordata","Vertebrata","Actinopteri",NA,NA,NA,NA,NA,NA,NA,NA,"Gnathostomata","Osteichthyes","Actinopterygii",NA,NA,NA
"525",159385,"species","Animalia",NA,NA,NA,"Teleostei",NA,"Holocentriformes","Holocentridae","Myripristinae",NA,"Myripristis","Myripristis jacobus",NA,NA,"Chordata","Vertebrata","Actinopteri",NA,NA,NA,NA,NA,NA,NA,NA,"Gnathostomata","Osteichthyes","Actinopterygii",NA,NA,NA
"526",159401,"species","Animalia",NA,NA,NA,"Teleostei",NA,"Holocentriformes","Holocentridae","Holocentrinae",NA,"Sargocentron","Sargocentron vexillarium",NA,NA,"Chordata","Vertebrata","Actinopteri",NA,NA,NA,NA,NA,NA,NA,NA,"Gnathostomata","Osteichthyes","Actinopterygii",NA,NA,NA
"527",159416,"species","Animalia",NA,NA,NA,"Teleostei",NA,"Mugiliformes","Mugilidae",NA,NA,"Mugil","Mugil curema",NA,NA,"Chordata","Vertebrata","Actinopteri",NA,NA,NA,NA,NA,NA,NA,NA,"Gnathostomata","Osteichthyes","Actinopterygii",NA,NA,NA
"528",159421,"species","Animalia",NA,NA,NA,"Teleostei",NA,"Mulliformes","Mullidae",NA,NA,"Pseudupeneus","Pseudupeneus maculatus",NA,NA,"Chordata","Vertebrata","Actinopteri",NA,NA,NA,NA,NA,NA,NA,NA,"Gnathostomata","Osteichthyes","Actinopterygii",NA,NA,NA
"529",159445,"Species","Animalia",NA,NA,NA,"Teleostei",NA,"Syngnathiformes","Syngnathidae","Hippocampinae",NA,"Hippocampus","Hippocampus erectus",NA,NA,"Chordata","Vertebrata","Actinopteri",NA,NA,NA,NA,NA,NA,NA,NA,"Gnathostomata","Osteichthyes","Actinopterygii",NA,NA,NA
"530",159450,"Species","Animalia",NA,NA,NA,"Teleostei",NA,"Syngnathiformes","Syngnathidae","Syngnathinae",NA,"Syngnathus","Syngnathus floridae",NA,NA,"Chordata","Vertebrata","Actinopteri",NA,NA,NA,NA,NA,NA,NA,NA,"Gnathostomata","Osteichthyes","Actinopterygii",NA,NA,NA
"531",159451,"Species","Animalia",NA,NA,NA,"Teleostei",NA,"Syngnathiformes","Syngnathidae","Syngnathinae",NA,"Syngnathus","Syngnathus fuscus",NA,NA,"Chordata","Vertebrata","Actinopteri",NA,NA,NA,NA,NA,NA,NA,NA,"Gnathostomata","Osteichthyes","Actinopterygii",NA,NA,NA
"532",159491,"species","Animalia",NA,NA,NA,"Teleostei",NA,"Tetraodontiformes","Monacanthidae",NA,NA,"Aluterus","Aluterus scriptus",NA,NA,"Chordata","Vertebrata","Actinopteri",NA,NA,NA,NA,NA,NA,NA,NA,"Gnathostomata","Osteichthyes","Actinopterygii",NA,NA,NA
"533",159493,"species","Animalia",NA,NA,NA,"Teleostei",NA,"Tetraodontiformes","Monacanthidae",NA,NA,"Cantherhines","Cantherhines pullus",NA,NA,"Chordata","Vertebrata","Actinopteri",NA,NA,NA,NA,NA,NA,NA,NA,"Gnathostomata","Osteichthyes","Actinopterygii",NA,NA,NA
"534",159497,"species","Animalia",NA,NA,NA,"Teleostei",NA,"Tetraodontiformes","Monacanthidae",NA,NA,"Monacanthus","Monacanthus ciliatus",NA,NA,"Chordata","Vertebrata","Actinopteri",NA,NA,NA,NA,NA,NA,NA,NA,"Gnathostomata","Osteichthyes","Actinopterygii",NA,NA,NA
"535",159499,"species","Animalia",NA,NA,NA,"Teleostei",NA,"Tetraodontiformes","Monacanthidae",NA,NA,"Monacanthus","Monacanthus tuckeri",NA,NA,"Chordata","Vertebrata","Actinopteri",NA,NA,NA,NA,NA,NA,NA,NA,"Gnathostomata","Osteichthyes","Actinopterygii",NA,NA,NA
"536",159559,"species","Animalia",NA,NA,NA,"Teleostei",NA,"Perciformes","Scorpaenidae","Pteroinae",NA,"Pterois","Pterois volitans",NA,NA,"Chordata","Vertebrata","Actinopteri",NA,"Scorpaenoidei",NA,NA,NA,NA,NA,NA,"Gnathostomata","Osteichthyes","Actinopterygii",NA,NA,NA
"537",159564,"species","Animalia",NA,NA,NA,"Teleostei",NA,"Perciformes","Scorpaenidae","Scorpaeninae",NA,"Scorpaena","Scorpaena plumieri",NA,NA,"Chordata","Vertebrata","Actinopteri",NA,"Scorpaenoidei",NA,NA,NA,NA,NA,NA,"Gnathostomata","Osteichthyes","Actinopterygii",NA,NA,NA
"538",159573,"species","Animalia",NA,NA,NA,"Teleostei",NA,"Perciformes","Triglidae",NA,NA,"Prionotus","Prionotus ophryas",NA,NA,"Chordata","Vertebrata","Actinopteri",NA,"Scorpaenoidei",NA,NA,NA,NA,NA,NA,"Gnathostomata","Osteichthyes","Actinopterygii",NA,NA,NA
"539",159578,"species","Animalia",NA,NA,NA,"Teleostei",NA,"Acanthuriformes","Acanthuridae",NA,NA,"Acanthurus","Acanthurus bahianus",NA,NA,"Chordata","Vertebrata","Actinopteri",NA,NA,NA,NA,NA,NA,NA,NA,"Gnathostomata","Osteichthyes","Actinopterygii",NA,NA,NA
"540",159580,"species","Animalia",NA,NA,NA,"Teleostei",NA,"Acanthuriformes","Acanthuridae",NA,NA,"Acanthurus","Acanthurus chirurgus",NA,NA,"Chordata","Vertebrata","Actinopteri",NA,NA,NA,NA,NA,NA,NA,NA,"Gnathostomata","Osteichthyes","Actinopterygii",NA,NA,NA
"541",159581,"species","Animalia",NA,NA,NA,"Teleostei",NA,"Acanthuriformes","Acanthuridae",NA,NA,"Acanthurus","Acanthurus coeruleus",NA,NA,"Chordata","Vertebrata","Actinopteri",NA,NA,NA,NA,NA,NA,NA,NA,"Gnathostomata","Osteichthyes","Actinopterygii",NA,NA,NA
"542",159589,"species","Animalia",NA,NA,NA,"Teleostei",NA,"Kurtiformes","Apogonidae","Apogoninae",NA,"Apogon","Apogon maculatus",NA,NA,"Chordata","Vertebrata","Actinopteri",NA,NA,NA,NA,NA,NA,NA,NA,"Gnathostomata","Osteichthyes","Actinopterygii",NA,NA,NA
"543",159590,"species","Animalia",NA,NA,NA,"Teleostei",NA,"Kurtiformes","Apogonidae","Apogoninae",NA,"Apogon","Apogon pseudomaculatus",NA,NA,"Chordata","Vertebrata","Actinopteri",NA,NA,NA,NA,NA,NA,NA,NA,"Gnathostomata","Osteichthyes","Actinopterygii",NA,NA,NA
"544",159598,"Species","Animalia",NA,NA,NA,"Teleostei",NA,"Blenniiformes","Blenniidae","Salariinae",NA,"Chasmodes","Chasmodes bosquianus",NA,NA,"Chordata","Vertebrata","Actinopteri",NA,NA,NA,NA,NA,NA,NA,NA,"Gnathostomata","Osteichthyes","Actinopterygii",NA,NA,NA
"545",159609,"species","Animalia",NA,NA,NA,"Teleostei",NA,"Blenniiformes","Blenniidae","Salariinae",NA,"Parablennius","Parablennius marmoreus",NA,NA,"Chordata","Vertebrata","Actinopteri",NA,NA,NA,NA,NA,NA,NA,NA,"Gnathostomata","Osteichthyes","Actinopterygii",NA,NA,NA
"546",159615,"species","Animalia",NA,NA,NA,"Teleostei",NA,"Callionymiformes","Callionymidae",NA,NA,"Diplogrammus","Diplogrammus pauciradiatus",NA,NA,"Chordata","Vertebrata","Actinopteri",NA,NA,NA,NA,NA,NA,NA,NA,"Gnathostomata","Osteichthyes","Actinopterygii",NA,NA,NA
"547",159626,"species","Animalia",NA,NA,NA,"Teleostei",NA,"Callionymiformes","Callionymidae",NA,NA,"Callionymus","Callionymus bairdi",NA,NA,"Chordata","Vertebrata","Actinopteri",NA,NA,NA,NA,NA,NA,NA,NA,"Gnathostomata","Osteichthyes","Actinopterygii",NA,NA,NA
"548",159630,"species","Animalia",NA,NA,NA,"Teleostei",NA,"Carangiformes","Carangidae",NA,NA,"Carangoides","Carangoides bartholomaei",NA,NA,"Chordata","Vertebrata","Actinopteri",NA,NA,NA,NA,NA,NA,NA,NA,"Gnathostomata","Osteichthyes","Actinopterygii",NA,NA,NA
"549",159645,"species","Animalia",NA,NA,NA,"Teleostei",NA,"Carangiformes","Carangidae",NA,NA,"Oligoplites","Oligoplites saurus",NA,NA,"Chordata","Vertebrata","Actinopteri",NA,NA,NA,NA,NA,NA,NA,NA,"Gnathostomata","Osteichthyes","Actinopterygii",NA,NA,NA
"550",159649,"species","Animalia",NA,NA,NA,"Teleostei",NA,"Carangiformes","Carangidae",NA,NA,"Selene","Selene vomer",NA,NA,"Chordata","Vertebrata","Actinopteri",NA,NA,NA,NA,NA,NA,NA,NA,"Gnathostomata","Osteichthyes","Actinopterygii",NA,NA,NA
"551",159654,"species","Animalia",NA,NA,NA,"Teleostei",NA,"Carangiformes","Carangidae",NA,NA,"Trachinotus","Trachinotus goodei",NA,NA,"Chordata","Vertebrata","Actinopteri",NA,NA,NA,NA,NA,NA,NA,NA,"Gnathostomata","Osteichthyes","Actinopterygii",NA,NA,NA
"552",159661,"species","Animalia",NA,NA,NA,"Teleostei",NA,"Acanthuriformes","Chaetodontidae",NA,NA,"Chaetodon","Chaetodon capistratus",NA,NA,"Chordata","Vertebrata","Actinopteri",NA,NA,NA,NA,NA,NA,NA,NA,"Gnathostomata","Osteichthyes","Actinopterygii",NA,NA,NA
"553",159662,"species","Animalia",NA,NA,NA,"Teleostei",NA,"Acanthuriformes","Chaetodontidae",NA,NA,"Chaetodon","Chaetodon ocellatus",NA,NA,"Chordata","Vertebrata","Actinopteri",NA,NA,NA,NA,NA,NA,NA,NA,"Gnathostomata","Osteichthyes","Actinopterygii",NA,NA,NA
"554",159663,"species","Animalia",NA,NA,NA,"Teleostei",NA,"Acanthuriformes","Chaetodontidae",NA,NA,"Chaetodon","Chaetodon striatus",NA,NA,"Chordata","Vertebrata","Actinopteri",NA,NA,NA,NA,NA,NA,NA,NA,"Gnathostomata","Osteichthyes","Actinopterygii",NA,NA,NA
"555",159678,"species","Animalia",NA,NA,NA,"Teleostei",NA,"Carangiformes","Echeneidae",NA,NA,"Echeneis","Echeneis neucratoides",NA,NA,"Chordata","Vertebrata","Actinopteri",NA,NA,NA,NA,NA,NA,NA,NA,"Gnathostomata","Osteichthyes","Actinopterygii",NA,NA,NA
"556",159703,"species","Animalia",NA,NA,NA,"Teleostei",NA,"Acanthuriformes","Ephippidae",NA,NA,"Chaetodipterus","Chaetodipterus faber",NA,NA,"Chordata","Vertebrata","Actinopteri",NA,NA,NA,NA,NA,NA,NA,NA,"Gnathostomata","Osteichthyes","Actinopterygii",NA,NA,NA
"557",159731,"genus","Animalia",NA,NA,NA,"Teleostei",NA,"Eupercaria incertae sedis","Gerreidae",NA,NA,"Eucinostomus",NA,NA,NA,"Chordata","Vertebrata","Actinopteri",NA,NA,NA,NA,NA,NA,NA,NA,"Gnathostomata","Osteichthyes","Actinopterygii",NA,NA,NA
"558",159733,"species","Animalia",NA,NA,NA,"Teleostei",NA,"Eupercaria incertae sedis","Gerreidae",NA,NA,"Eucinostomus","Eucinostomus gula",NA,NA,"Chordata","Vertebrata","Actinopteri",NA,NA,NA,NA,NA,NA,NA,NA,"Gnathostomata","Osteichthyes","Actinopterygii",NA,NA,NA
"559",159735,"genus","Animalia",NA,NA,NA,"Teleostei",NA,"Gobiiformes","Gobiidae","Gobiinae",NA,"Coryphopterus",NA,NA,NA,"Chordata","Vertebrata","Actinopteri",NA,NA,NA,NA,NA,NA,NA,NA,"Gnathostomata","Osteichthyes","Actinopterygii",NA,NA,NA
"560",159736,"species","Animalia",NA,NA,NA,"Teleostei",NA,"Gobiiformes","Gobiidae","Gobiinae",NA,"Coryphopterus","Coryphopterus glaucofraenum",NA,NA,"Chordata","Vertebrata","Actinopteri",NA,NA,NA,NA,NA,NA,NA,NA,"Gnathostomata","Osteichthyes","Actinopterygii",NA,NA,NA
"561",159747,"genus","Animalia",NA,NA,NA,"Teleostei",NA,"Gobiiformes","Gobiidae","Gobionellinae",NA,"Ctenogobius",NA,NA,NA,"Chordata","Vertebrata","Actinopteri",NA,NA,NA,NA,NA,NA,NA,NA,"Gnathostomata","Osteichthyes","Actinopterygii",NA,NA,NA
"562",159767,"Species","Animalia",NA,NA,NA,"Teleostei",NA,"Gobiiformes","Gobiidae","Gobiinae",NA,"Gobiosoma","Gobiosoma bosc",NA,NA,"Chordata","Vertebrata","Actinopteri",NA,NA,NA,NA,NA,NA,NA,NA,"Gnathostomata","Osteichthyes","Actinopterygii",NA,NA,NA
"563",159786,"species","Animalia",NA,NA,NA,"Teleostei",NA,"Eupercaria incertae sedis","Labridae",NA,NA,"Thalassoma","Thalassoma bifasciatum",NA,NA,"Chordata","Vertebrata","Actinopteri",NA,NA,NA,NA,NA,NA,NA,NA,"Gnathostomata","Osteichthyes","Actinopterygii",NA,NA,NA
"564",159792,"species","Animalia",NA,NA,NA,"Teleostei",NA,"Eupercaria incertae sedis","Lutjanidae",NA,NA,"Lutjanus","Lutjanus analis",NA,NA,"Chordata","Vertebrata","Actinopteri",NA,NA,NA,NA,NA,NA,NA,NA,"Gnathostomata","Osteichthyes","Actinopterygii",NA,NA,NA
"565",159793,"species","Animalia",NA,NA,NA,"Teleostei",NA,"Eupercaria incertae sedis","Lutjanidae",NA,NA,"Lutjanus","Lutjanus apodus",NA,NA,"Chordata","Vertebrata","Actinopteri",NA,NA,NA,NA,NA,NA,NA,NA,"Gnathostomata","Osteichthyes","Actinopterygii",NA,NA,NA
"566",159794,"species","Animalia",NA,NA,NA,"Teleostei",NA,"Eupercaria incertae sedis","Lutjanidae",NA,NA,"Lutjanus","Lutjanus buccanella",NA,NA,"Chordata","Vertebrata","Actinopteri",NA,NA,NA,NA,NA,NA,NA,NA,"Gnathostomata","Osteichthyes","Actinopterygii",NA,NA,NA
"567",159796,"species","Animalia",NA,NA,NA,"Teleostei",NA,"Eupercaria incertae sedis","Lutjanidae",NA,NA,"Lutjanus","Lutjanus cyanopterus",NA,NA,"Chordata","Vertebrata","Actinopteri",NA,NA,NA,NA,NA,NA,NA,NA,"Gnathostomata","Osteichthyes","Actinopterygii",NA,NA,NA
"568",159797,"species","Animalia",NA,NA,NA,"Teleostei",NA,"Eupercaria incertae sedis","Lutjanidae",NA,NA,"Lutjanus","Lutjanus griseus",NA,NA,"Chordata","Vertebrata","Actinopteri",NA,NA,NA,NA,NA,NA,NA,NA,"Gnathostomata","Osteichthyes","Actinopterygii",NA,NA,NA
"569",159798,"species","Animalia",NA,NA,NA,"Teleostei",NA,"Eupercaria incertae sedis","Lutjanidae",NA,NA,"Lutjanus","Lutjanus jocu",NA,NA,"Chordata","Vertebrata","Actinopteri",NA,NA,NA,NA,NA,NA,NA,NA,"Gnathostomata","Osteichthyes","Actinopterygii",NA,NA,NA
"570",159799,"species","Animalia",NA,NA,NA,"Teleostei",NA,"Eupercaria incertae sedis","Lutjanidae",NA,NA,"Lutjanus","Lutjanus mahogoni",NA,NA,"Chordata","Vertebrata","Actinopteri",NA,NA,NA,NA,NA,NA,NA,NA,"Gnathostomata","Osteichthyes","Actinopterygii",NA,NA,NA
"571",159800,"species","Animalia",NA,NA,NA,"Teleostei",NA,"Eupercaria incertae sedis","Lutjanidae",NA,NA,"Lutjanus","Lutjanus synagris",NA,NA,"Chordata","Vertebrata","Actinopteri",NA,NA,NA,NA,NA,NA,NA,NA,"Gnathostomata","Osteichthyes","Actinopterygii",NA,NA,NA
"572",159803,"species","Animalia",NA,NA,NA,"Teleostei",NA,"Eupercaria incertae sedis","Lutjanidae",NA,NA,"Ocyurus","Ocyurus chrysurus",NA,NA,"Chordata","Vertebrata","Actinopteri",NA,NA,NA,NA,NA,NA,NA,NA,"Gnathostomata","Osteichthyes","Actinopterygii",NA,NA,NA
"573",159813,"species","Animalia",NA,NA,NA,"Teleostei",NA,"Carangaria incertae sedis","Sphyraenidae",NA,NA,"Sphyraena","Sphyraena borealis",NA,NA,"Chordata","Vertebrata","Actinopteri",NA,NA,NA,NA,NA,NA,NA,NA,"Gnathostomata","Osteichthyes","Actinopterygii",NA,NA,NA
"574",159912,"Species","Animalia",NA,NA,NA,"Gastropoda","Caenogastropoda","Littorinimorpha","Cochliopidae","Littoridininae",NA,"Littoridinops","Littoridinops monroensis",NA,NA,"Mollusca",NA,NA,NA,NA,NA,"Truncatelloidea",NA,NA,NA,NA,NA,NA,NA,NA,NA,NA
"575",160028,"Species","Animalia",NA,NA,NA,"Malacostraca","Eumalacostraca","Amphipoda","Caprellidae","Caprellinae",NA,"Paracaprella","Paracaprella tenuis",NA,"Peracarida","Arthropoda","Crustacea","Multicrustacea",NA,"Senticaudata","Corophiida","Caprelloidea","Caprellidira",NA,NA,NA,NA,NA,NA,NA,NA,NA
"576",160041,"Genus","Animalia",NA,NA,NA,"Gastropoda","Heterobranchia",NA,"Pyramidellidae","Pyramidellinae","Pyramidellini","Pyramidella",NA,NA,"Pylopulmonata","Mollusca",NA,NA,"Euthyneura",NA,NA,"Pyramidelloidea",NA,"Tectipleura",NA,NA,NA,NA,NA,NA,NA,NA
"577",160065,"Species","Animalia",NA,NA,NA,"Gastropoda","Heterobranchia","Cephalaspidea","Tornatinidae",NA,NA,"Acteocina","Acteocina canaliculata",NA,NA,"Mollusca",NA,NA,"Euthyneura",NA,NA,"Bulloidea",NA,"Tectipleura",NA,NA,NA,NA,NA,NA,NA,NA
"578",160091,"Species","Animalia",NA,NA,NA,"Gastropoda","Heterobranchia",NA,"Pyramidellidae","Turbonillinae",NA,"Turbonilla","Turbonilla toyatani",NA,"Pylopulmonata","Mollusca",NA,NA,"Euthyneura",NA,NA,"Pyramidelloidea",NA,"Tectipleura",NA,NA,NA,NA,NA,NA,NA,NA
"579",160102,"Species","Animalia",NA,NA,NA,"Gastropoda","Caenogastropoda","Neogastropoda","Columbellidae",NA,NA,"Astyris","Astyris lunata",NA,NA,"Mollusca",NA,NA,NA,NA,NA,"Buccinoidea",NA,NA,NA,NA,NA,NA,NA,NA,NA,NA
"580",160174,"Species","Animalia",NA,NA,NA,"Gastropoda","Caenogastropoda","Caenogastropoda incertae sedis","Cerithiidae","Bittiinae",NA,"Bittiolum","Bittiolum varium",NA,NA,"Mollusca",NA,NA,NA,NA,NA,"Cerithioidea",NA,NA,NA,NA,NA,NA,NA,NA,NA,NA
"581",160203,"Species","Animalia",NA,NA,NA,"Gastropoda","Caenogastropoda","Littorinimorpha","Vitrinellidae",NA,NA,"Circulus","Circulus liratus",NA,NA,"Mollusca",NA,NA,NA,NA,NA,"Truncatelloidea",NA,NA,NA,NA,NA,NA,NA,NA,NA,NA
"582",160222,"Species","Animalia",NA,NA,NA,"Gastropoda","Caenogastropoda","Neogastropoda","Columbellidae",NA,NA,"Costoanachis","Costoanachis avara",NA,NA,"Mollusca",NA,NA,NA,NA,NA,"Buccinoidea",NA,NA,NA,NA,NA,NA,NA,NA,NA,NA
"583",160228,"Species","Animalia",NA,NA,NA,"Gastropoda","Caenogastropoda","Littorinimorpha","Calyptraeidae",NA,NA,"Crepidula","Crepidula convexa",NA,NA,"Mollusca",NA,NA,NA,NA,NA,"Calyptraeoidea",NA,NA,NA,NA,NA,NA,NA,NA,NA,NA
"584",160336,"Genus","Animalia",NA,NA,NA,"Gastropoda","Patellogastropoda",NA,"Lottiidae","Lottiinae","Lottiini","Lottia",NA,NA,NA,"Mollusca",NA,NA,NA,NA,NA,"Lottioidea",NA,NA,NA,NA,NA,NA,NA,NA,NA,NA
"585",160363,"Species","Animalia",NA,NA,NA,"Gastropoda","Caenogastropoda","Caenogastropoda incertae sedis","Triphoridae","Triphorinae",NA,"Marshallora","Marshallora nigrocincta",NA,NA,"Mollusca",NA,NA,NA,NA,NA,"Triphoroidea",NA,NA,NA,NA,NA,NA,NA,NA,NA,NA
"586",160395,"Species","Animalia",NA,NA,NA,"Gastropoda","Caenogastropoda","Neogastropoda","Nassariidae","Nassariinae",NA,"Nassarius","Nassarius acutus",NA,NA,"Mollusca",NA,NA,NA,NA,NA,"Buccinoidea",NA,NA,NA,NA,NA,NA,NA,NA,NA,NA
"587",160412,"Species","Animalia",NA,NA,NA,"Gastropoda","Caenogastropoda","Littorinimorpha","Cochliopidae","Littoridininae",NA,"Spurwinkia","Spurwinkia salsa",NA,NA,"Mollusca",NA,NA,NA,NA,NA,"Truncatelloidea",NA,NA,NA,NA,NA,NA,NA,NA,NA,NA
"588",160440,"Species","Animalia",NA,NA,NA,"Gastropoda","Caenogastropoda","Neogastropoda","Columbellidae",NA,NA,"Parvanachis","Parvanachis obesa",NA,NA,"Mollusca",NA,NA,NA,NA,NA,"Buccinoidea",NA,NA,NA,NA,NA,NA,NA,NA,NA,NA
"589",160476,"Species","Animalia",NA,NA,NA,"Gastropoda","Caenogastropoda","Neogastropoda","Mangeliidae",NA,NA,"Pyrgocythara","Pyrgocythara plicosa",NA,NA,"Mollusca",NA,NA,NA,NA,NA,"Conoidea",NA,NA,NA,NA,NA,NA,NA,NA,NA,NA
"590",170417,"family","Animalia",NA,NA,NA,"Demospongiae","Heteroscleromorpha","Clionaida","Clionaidae",NA,NA,NA,NA,NA,NA,"Porifera",NA,NA,NA,NA,NA,NA,NA,NA,NA,NA,NA,NA,NA,NA,NA,NA
"591",176848,"Genus","Animalia",NA,NA,NA,"Malacostraca","Eumalacostraca","Amphipoda","Phoxocephalidae","Harpiniinae",NA,"Heterophoxus",NA,NA,"Peracarida","Arthropoda","Crustacea","Multicrustacea",NA,"Amphilochidea","Lysianassida","Haustorioidea","Haustoriidira",NA,NA,NA,NA,NA,NA,NA,NA,NA
"592",177745,"genus","Animalia",NA,NA,NA,"Octocorallia",NA,"Malacalcyonacea","Plexauridae",NA,NA,"Muricea",NA,NA,NA,"Cnidaria","Anthozoa",NA,NA,NA,NA,NA,NA,NA,NA,NA,NA,NA,NA,NA,NA,NA
"593",178186,"genus","Animalia",NA,NA,NA,"Asteroidea","Ambuloasteroidea","Valvatida","Ophidiasteridae",NA,NA,"Linckia",NA,NA,"Valvatacea","Echinodermata","Asterozoa",NA,"Neoasteroidea",NA,NA,NA,NA,NA,NA,NA,NA,NA,NA,NA,NA,NA
"594",178188,"species","Animalia",NA,NA,NA,"Asteroidea","Ambuloasteroidea","Valvatida","Ophidiasteridae",NA,NA,"Linckia","Linckia guildingi",NA,"Valvatacea","Echinodermata","Asterozoa",NA,"Neoasteroidea",NA,NA,NA,NA,NA,NA,NA,NA,NA,NA,NA,NA,NA
"595",178210,"Species","Animalia",NA,NA,NA,"Asteroidea","Ambuloasteroidea","Valvatida","Oreasteridae",NA,NA,"Oreaster","Oreaster reticulatus",NA,"Valvatacea","Echinodermata","Asterozoa",NA,"Neoasteroidea",NA,NA,NA,NA,NA,NA,NA,NA,NA,NA,NA,NA,NA
"596",178510,"Genus","Bacteria","Negibacteria",NA,NA,"Cyanophyceae",NA,"Coleofasciculales","Coleofasciculaceae",NA,NA,"Symploca",NA,NA,NA,"Cyanobacteria",NA,NA,NA,NA,NA,NA,NA,NA,NA,NA,NA,NA,NA,NA,NA,NA
"597",178641,"species","Animalia",NA,NA,NA,"Asteroidea","Ambuloasteroidea","Paxillosida","Luidiidae",NA,NA,"Luidia","Luidia senegalensis",NA,"Valvatacea","Echinodermata","Asterozoa",NA,"Neoasteroidea",NA,NA,NA,NA,NA,NA,NA,NA,NA,NA,NA,NA,NA
"598",178747,"species","Animalia",NA,NA,NA,"Asteroidea","Ambuloasteroidea","Spinulosida","Echinasteridae",NA,NA,"Echinaster","Echinaster (Othilia) brasiliensis",NA,"Spinulosacea","Echinodermata","Asterozoa",NA,"Neoasteroidea",NA,NA,NA,NA,NA,NA,NA,NA,NA,NA,"Echinaster (Othilia)",NA,NA
"599",182578,"Species","Animalia",NA,NA,NA,"Malacostraca","Eumalacostraca","Cumacea","Nannastacidae",NA,NA,"Nannastacus","Nannastacus inflatus",NA,"Peracarida","Arthropoda","Crustacea","Multicrustacea",NA,NA,NA,NA,NA,NA,NA,NA,NA,NA,NA,NA,NA,NA
"600",182699,"Species","Animalia",NA,NA,NA,"Gastropoda","Caenogastropoda","Littorinimorpha","Bithyniidae","Bithyniinae",NA,"Bithynia","Bithynia tentaculata",NA,NA,"Mollusca",NA,NA,NA,NA,NA,"Truncatelloidea",NA,NA,NA,NA,NA,NA,NA,NA,NA,NA
"601",196285,"Family","Animalia",NA,NA,NA,"Gastropoda","Caenogastropoda","Caenogastropoda incertae sedis","Modulidae",NA,NA,NA,NA,NA,NA,"Mollusca",NA,NA,NA,NA,NA,"Cerithioidea",NA,NA,NA,NA,NA,NA,NA,NA,NA,NA
"602",196286,"Genus","Animalia",NA,NA,NA,"Gastropoda","Caenogastropoda","Caenogastropoda incertae sedis","Modulidae",NA,NA,"Modulus",NA,NA,NA,"Mollusca",NA,NA,NA,NA,NA,"Cerithioidea",NA,NA,NA,NA,NA,NA,NA,NA,NA,NA
"603",196894,"Family","Animalia",NA,NA,NA,"Gastropoda","Caenogastropoda","Littorinimorpha","Eatoniellidae",NA,NA,NA,NA,NA,NA,"Mollusca",NA,NA,NA,NA,NA,"Cingulopsoidea",NA,NA,NA,NA,NA,NA,NA,NA,NA,NA
"604",203822,"genus","Animalia",NA,NA,NA,"Teleostei",NA,"Ovalentaria incertae sedis","Pomacentridae",NA,NA,"Stegastes",NA,NA,NA,"Chordata","Vertebrata","Actinopteri",NA,NA,NA,NA,NA,NA,NA,NA,"Gnathostomata","Osteichthyes","Actinopterygii",NA,NA,NA
"605",204078,"Genus","Plantae","Viridiplantae","Chlorophyta","Chlorophytina","Ulvophyceae",NA,"Bryopsidales","Halimedaceae",NA,"Udoteeae","Udotea",NA,NA,NA,NA,NA,NA,NA,"Halimedineae",NA,NA,NA,NA,NA,NA,NA,NA,NA,NA,NA,NA
"606",204354,"genus","Animalia",NA,NA,NA,"Hexacorallia",NA,"Scleractinia","Faviidae","Mussinae",NA,"Isophyllia",NA,NA,NA,"Cnidaria","Anthozoa",NA,NA,"Vacatina",NA,NA,NA,NA,NA,NA,NA,NA,NA,NA,NA,NA
"607",204416,"Genus","Animalia",NA,NA,NA,"Malacostraca","Eumalacostraca","Amphipoda","Chevaliidae",NA,NA,"Chevalia",NA,NA,"Peracarida","Arthropoda","Crustacea","Multicrustacea",NA,"Senticaudata","Corophiida","Chevalioidea","Corophiidira",NA,NA,NA,NA,NA,NA,NA,NA,NA
"608",204464,"genus","Animalia",NA,NA,NA,"Hexacorallia",NA,"Scleractinia","Agariciidae",NA,NA,"Agaricia",NA,NA,NA,"Cnidaria","Anthozoa",NA,NA,"Refertina",NA,NA,NA,NA,NA,NA,NA,NA,NA,NA,NA,NA
"609",204605,"genus","Animalia",NA,NA,NA,"Teleostei",NA,"Clupeiformes","Dorosomatidae",NA,NA,"Harengula",NA,NA,NA,"Chordata","Vertebrata","Actinopteri",NA,NA,NA,NA,NA,NA,NA,NA,"Gnathostomata","Osteichthyes","Actinopterygii",NA,NA,NA
"610",204679,"genus","Animalia",NA,NA,NA,"Malacostraca","Hoplocarida","Stomatopoda","Pseudosquillidae",NA,NA,"Pseudosquilla",NA,NA,NA,"Arthropoda","Crustacea","Multicrustacea",NA,"Unipeltata",NA,"Gonodactyloidea",NA,NA,NA,NA,NA,NA,NA,NA,NA,NA
"611",204736,"genus","Animalia",NA,NA,NA,"Teleostei",NA,"Gobiiformes","Gobiidae","Gobiinae",NA,"Bathygobius",NA,NA,NA,"Chordata","Vertebrata","Actinopteri",NA,NA,NA,NA,NA,NA,NA,NA,"Gnathostomata","Osteichthyes","Actinopterygii",NA,NA,NA
"612",205700,"genus","Animalia",NA,NA,NA,"Bivalvia","Autobranchia","Pectinida","Pectinidae","Pectininae","Amusiini","Euvola",NA,NA,NA,"Mollusca",NA,NA,"Pteriomorphia",NA,NA,"Pectinoidea",NA,NA,NA,NA,NA,NA,NA,NA,NA,NA
"613",205771,"genus","Animalia",NA,NA,NA,"Gastropoda","Caenogastropoda","Neogastropoda","Muricidae","Ergalataxinae",NA,"Drupella",NA,NA,NA,"Mollusca",NA,NA,NA,NA,NA,"Muricoidea",NA,NA,NA,NA,NA,NA,NA,NA,NA,NA
"614",205785,"genus","Animalia",NA,NA,NA,"Hexacorallia",NA,"Zoantharia","Sphenopidae",NA,NA,"Palythoa",NA,NA,NA,"Cnidaria","Anthozoa",NA,NA,"Brachycnemina",NA,NA,NA,NA,NA,NA,NA,NA,NA,NA,NA,NA
"615",205902,"genus","Animalia",NA,NA,NA,"Hydrozoa","Hydroidolina","Anthoathecata","Milleporidae",NA,NA,"Millepora",NA,NA,NA,"Cnidaria","Medusozoa",NA,NA,"Capitata",NA,NA,NA,NA,NA,NA,NA,NA,NA,NA,NA,NA
"616",206126,"genus","Animalia",NA,NA,NA,"Gastropoda","Caenogastropoda","Neogastropoda","Muricidae","Rapaninae",NA,"Drupa",NA,NA,NA,"Mollusca",NA,NA,NA,NA,NA,"Muricoidea",NA,NA,NA,NA,NA,NA,NA,NA,NA,NA
"617",206309,"Genus","Plantae","Viridiplantae","Tracheophyta","Spermatophytina","Magnoliopsida",NA,"Alismatales","Cymodoceaceae",NA,NA,"Syringodium",NA,"Streptophyta","Lilianae",NA,NA,NA,NA,NA,NA,NA,NA,NA,NA,NA,NA,NA,NA,NA,NA,NA
"618",206485,"Genus","Animalia",NA,NA,NA,"Hexacorallia",NA,"Scleractinia","Poritidae",NA,NA,"Porites",NA,NA,NA,"Cnidaria","Anthozoa",NA,NA,"Refertina",NA,NA,NA,NA,NA,NA,NA,NA,NA,NA,NA,NA
"619",206577,"Genus","Animalia",NA,NA,NA,"Malacostraca","Eumalacostraca","Amphipoda","Dexaminidae","Dexamininae",NA,"Paradexamine",NA,NA,"Peracarida","Arthropoda","Crustacea","Multicrustacea",NA,"Amphilochidea","Lysianassida","Dexaminoidea","Synopiidira",NA,NA,NA,NA,NA,NA,NA,NA,NA
"620",206653,"Genus","Animalia",NA,NA,NA,"Malacostraca","Eumalacostraca","Isopoda","Santiidae",NA,NA,"Santia",NA,NA,"Peracarida","Arthropoda","Crustacea","Multicrustacea",NA,"Asellota",NA,"Janiroidea",NA,NA,NA,NA,NA,NA,NA,NA,NA,NA
"621",206740,"genus","Animalia",NA,NA,NA,"Hexacorallia",NA,"Scleractinia","Meandrinidae",NA,NA,"Meandrina",NA,NA,NA,"Cnidaria","Anthozoa",NA,NA,"Vacatina",NA,NA,NA,NA,NA,NA,NA,NA,NA,NA,NA,NA
"622",206854,"genus","Plantae","Viridiplantae","Tracheophyta","Spermatophytina","Magnoliopsida",NA,"Alismatales","Hydrocharitaceae",NA,NA,"Thalassia",NA,"Streptophyta","Lilianae",NA,NA,NA,NA,NA,NA,NA,NA,NA,NA,NA,NA,NA,NA,NA,NA,NA
"623",206989,"species","Animalia",NA,NA,NA,"Hexacorallia",NA,"Scleractinia","Acroporidae",NA,NA,"Acropora","Acropora cervicornis",NA,NA,"Cnidaria","Anthozoa",NA,NA,"Refertina",NA,NA,NA,NA,NA,NA,NA,NA,NA,NA,NA,NA
"624",207238,"species","Animalia",NA,NA,NA,"Hexacorallia",NA,"Scleractinia","Poritidae",NA,NA,"Porites","Porites porites",NA,NA,"Cnidaria","Anthozoa",NA,NA,"Refertina",NA,NA,NA,NA,NA,NA,NA,NA,NA,NA,NA,NA
"625",207432,"species","Animalia",NA,NA,NA,"Hexacorallia",NA,"Scleractinia","Faviidae","Faviinae",NA,"Favia","Favia fragum",NA,NA,"Cnidaria","Anthozoa",NA,NA,"Vacatina",NA,NA,NA,NA,NA,NA,NA,NA,NA,NA,NA,NA
"626",207516,"species","Animalia",NA,NA,NA,"Hexacorallia",NA,"Scleractinia","Rhizangiidae",NA,NA,"Siderastrea","Siderastrea siderea",NA,NA,"Cnidaria","Anthozoa",NA,NA,"Refertina",NA,NA,NA,NA,NA,NA,NA,NA,NA,NA,NA,NA
"627",207517,"Species","Animalia",NA,NA,NA,"Hexacorallia",NA,"Scleractinia","Rhizangiidae",NA,NA,"Siderastrea","Siderastrea radians",NA,NA,"Cnidaria","Anthozoa",NA,NA,"Refertina",NA,NA,NA,NA,NA,NA,NA,NA,NA,NA,NA,NA
"628",208126,"species","Animalia",NA,NA,NA,"Gastropoda","Caenogastropoda","Neogastropoda","Muricidae","Coralliophilinae",NA,"Coralliophila","Coralliophila erosa",NA,NA,"Mollusca",NA,NA,NA,NA,NA,"Muricoidea",NA,NA,NA,NA,NA,NA,NA,NA,NA,NA
"629",208387,"species","Animalia",NA,NA,NA,"Gastropoda","Caenogastropoda","Neogastropoda","Olividae","Olivinae",NA,"Oliva","Oliva sayana",NA,NA,"Mollusca",NA,NA,NA,NA,NA,"Olivoidea",NA,NA,NA,NA,NA,NA,NA,NA,NA,NA
"630",208599,"Species","Animalia",NA,NA,NA,"Gastropoda","Caenogastropoda","Neogastropoda","Columbellidae",NA,NA,"Columbella","Columbella mercatoria",NA,NA,"Mollusca",NA,NA,NA,NA,NA,"Buccinoidea",NA,NA,NA,NA,NA,NA,NA,NA,NA,NA
"631",208677,"Species","Animalia",NA,NA,NA,"Malacostraca","Eumalacostraca","Decapoda","Diogenidae",NA,NA,"Calcinus","Calcinus latens",NA,"Eucarida","Arthropoda","Crustacea","Multicrustacea",NA,"Pleocyemata","Anomura","Paguroidea",NA,NA,NA,NA,NA,NA,NA,NA,NA,NA
"632",208921,"Species","Plantae","Viridiplantae","Tracheophyta","Spermatophytina","Magnoliopsida",NA,"Alismatales","Cymodoceaceae",NA,NA,"Cymodocea","Cymodocea rotundata","Streptophyta","Lilianae",NA,NA,NA,NA,NA,NA,NA,NA,NA,NA,NA,NA,NA,NA,NA,NA,NA
"633",208924,"Species","Plantae","Viridiplantae","Tracheophyta","Spermatophytina","Magnoliopsida",NA,"Alismatales","Cymodoceaceae",NA,NA,"Halodule","Halodule uninervis","Streptophyta","Lilianae",NA,NA,NA,NA,NA,NA,NA,NA,NA,NA,NA,NA,NA,NA,NA,NA,NA
"634",208925,"Species","Plantae","Viridiplantae","Tracheophyta","Spermatophytina","Magnoliopsida",NA,"Alismatales","Cymodoceaceae",NA,NA,"Halodule","Halodule wrightii","Streptophyta","Lilianae",NA,NA,NA,NA,NA,NA,NA,NA,NA,NA,NA,NA,NA,NA,NA,NA,NA
"635",208930,"Species","Plantae","Viridiplantae","Tracheophyta","Spermatophytina","Magnoliopsida",NA,"Alismatales","Hydrocharitaceae",NA,NA,"Halophila","Halophila ovalis","Streptophyta","Lilianae",NA,NA,NA,NA,NA,NA,NA,NA,NA,NA,NA,NA,NA,NA,NA,NA,NA
"636",208931,"Species","Plantae","Viridiplantae","Tracheophyta","Spermatophytina","Magnoliopsida",NA,"Alismatales","Hydrocharitaceae",NA,NA,"Thalassia","Thalassia hemprichii","Streptophyta","Lilianae",NA,NA,NA,NA,NA,NA,NA,NA,NA,NA,NA,NA,NA,NA,NA,NA,NA
"637",208932,"Species","Plantae","Viridiplantae","Tracheophyta","Spermatophytina","Magnoliopsida",NA,"Alismatales","Hydrocharitaceae",NA,NA,"Enhalus","Enhalus acoroides","Streptophyta","Lilianae",NA,NA,NA,NA,NA,NA,NA,NA,NA,NA,NA,NA,NA,NA,NA,NA,NA
"638",210232,"species","Animalia",NA,NA,NA,"Malacostraca","Hoplocarida","Stomatopoda","Pseudosquillidae",NA,NA,"Pseudosquilla","Pseudosquilla ciliata",NA,NA,"Arthropoda","Crustacea","Multicrustacea",NA,"Unipeltata",NA,"Gonodactyloidea",NA,NA,NA,NA,NA,NA,NA,NA,NA,NA
"639",210242,"Species","Animalia",NA,NA,NA,"Malacostraca","Hoplocarida","Stomatopoda","Gonodactylidae",NA,NA,"Gonodactylus","Gonodactylus chiragra",NA,NA,"Arthropoda","Crustacea","Multicrustacea",NA,"Unipeltata",NA,"Gonodactyloidea",NA,NA,NA,NA,NA,NA,NA,NA,NA,NA
"640",210370,"species","Animalia",NA,NA,NA,"Malacostraca","Eumalacostraca","Decapoda","Stenopodidae",NA,NA,"Stenopus","Stenopus hispidus",NA,"Eucarida","Arthropoda","Crustacea","Multicrustacea",NA,"Pleocyemata","Stenopodidea",NA,NA,NA,NA,NA,NA,NA,NA,NA,NA,NA
"641",210522,"Species","Animalia",NA,NA,NA,"Malacostraca","Eumalacostraca","Decapoda","Alpheidae",NA,NA,"Alpheus","Alpheus paracrinitus",NA,"Eucarida","Arthropoda","Crustacea","Multicrustacea",NA,"Pleocyemata","Caridea","Alpheoidea",NA,NA,NA,NA,NA,NA,NA,NA,NA,NA
"642",210726,"species","Animalia",NA,NA,NA,"Hydrozoa","Hydroidolina","Anthoathecata","Milleporidae",NA,NA,"Millepora","Millepora alcicornis",NA,NA,"Cnidaria","Medusozoa",NA,NA,"Capitata",NA,NA,NA,NA,NA,NA,NA,NA,NA,NA,NA,NA
"643",210900,"species","Animalia",NA,NA,NA,"Holothuroidea","Actinopoda","Holothuriida","Holothuriidae",NA,NA,"Holothuria","Holothuria (Halodeima) floridana",NA,NA,"Echinodermata","Echinozoa",NA,NA,NA,NA,NA,NA,NA,NA,NA,NA,NA,NA,"Holothuria (Halodeima)",NA,NA
"644",211405,"Species","Animalia",NA,NA,NA,"Malacostraca","Eumalacostraca","Amphipoda","Aoridae",NA,NA,"Grandidierella","Grandidierella bonnieroides",NA,"Peracarida","Arthropoda","Crustacea","Multicrustacea",NA,"Senticaudata","Corophiida","Aoroidea","Corophiidira",NA,NA,NA,NA,NA,NA,NA,NA,NA
"645",211408,"Species","Animalia",NA,NA,NA,"Malacostraca","Eumalacostraca","Amphipoda","Chevaliidae",NA,NA,"Chevalia","Chevalia aviculae",NA,"Peracarida","Arthropoda","Crustacea","Multicrustacea",NA,"Senticaudata","Corophiida","Chevalioidea","Corophiidira",NA,NA,NA,NA,NA,NA,NA,NA,NA
"646",211515,"Species","Plantae","Viridiplantae","Chlorophyta","Chlorophytina","Ulvophyceae",NA,"Bryopsidales","Halimedaceae",NA,"Halimedeae","Halimeda","Halimeda copiosa",NA,NA,NA,NA,NA,NA,"Halimedineae",NA,NA,NA,NA,NA,NA,NA,NA,NA,NA,NA,NA
"647",211519,"Species","Plantae","Viridiplantae","Chlorophyta","Chlorophytina","Ulvophyceae",NA,"Bryopsidales","Halimedaceae",NA,"Halimedeae","Halimeda","Halimeda incrassata",NA,NA,NA,NA,NA,NA,"Halimedineae",NA,NA,NA,NA,NA,NA,NA,NA,NA,NA,NA,NA
"648",211535,"Species","Plantae","Viridiplantae","Chlorophyta","Chlorophytina","Ulvophyceae",NA,"Bryopsidales","Halimedaceae",NA,"Udoteeae","Udotea","Udotea flabellum",NA,NA,NA,NA,NA,NA,"Halimedineae",NA,NA,NA,NA,NA,NA,NA,NA,NA,NA,NA,NA
"649",211768,"Species","Plantae","Biliphyta","Rhodophyta","Eurhodophytina","Florideophyceae","Rhodymeniophycidae","Ceramiales","Rhodomelaceae",NA,"Chondrieae","Acanthophora","Acanthophora spicifera",NA,NA,NA,NA,NA,NA,NA,NA,NA,NA,NA,NA,NA,NA,NA,NA,NA,NA,NA
"650",212298,"species","Animalia",NA,NA,NA,"Asteroidea","Ambuloasteroidea","Valvatida","Oreasteridae",NA,NA,"Culcita","Culcita novaeguineae",NA,"Valvatacea","Echinodermata","Asterozoa",NA,"Neoasteroidea",NA,NA,NA,NA,NA,NA,NA,NA,NA,NA,NA,NA,NA
"651",213331,"species","Animalia",NA,NA,NA,"Crinoidea","Articulata","Comatulida","Tropiometridae",NA,NA,"Tropiometra","Tropiometra carinata",NA,NA,"Echinodermata","Crinozoa",NA,NA,NA,NA,"Tropiometroidea",NA,NA,NA,NA,NA,NA,NA,NA,NA,NA
"652",213380,"species","Animalia",NA,NA,NA,"Echinoidea","Euechinoidea","Camarodonta","Echinometridae",NA,NA,"Echinometra","Echinometra lucunter",NA,NA,"Echinodermata","Echinozoa",NA,"Carinacea",NA,"Echinidea","Odontophora",NA,"Echinacea",NA,NA,NA,NA,NA,NA,NA,NA
"653",213951,"Species","Plantae","Biliphyta","Rhodophyta","Eurhodophytina","Florideophyceae","Rhodymeniophycidae","Gigartinales","Gigartinaceae",NA,NA,"Chondracanthus","Chondracanthus chamissoi",NA,NA,NA,NA,NA,NA,NA,NA,NA,NA,NA,NA,NA,NA,NA,NA,NA,NA,NA
"654",213998,"Species","Plantae","Biliphyta","Rhodophyta","Eurhodophytina","Florideophyceae","Rhodymeniophycidae","Gigartinales","Solieriaceae",NA,NA,"Eucheuma","Eucheuma denticulatum",NA,NA,NA,NA,NA,NA,NA,NA,NA,NA,NA,NA,NA,NA,NA,NA,NA,NA,NA
"655",214711,"Species","Animalia",NA,NA,NA,"Malacostraca","Eumalacostraca","Amphipoda","Aoridae",NA,NA,"Lembos","Lembos hypacanthus",NA,"Peracarida","Arthropoda","Crustacea","Multicrustacea",NA,"Senticaudata","Corophiida","Aoroidea","Corophiidira",NA,NA,NA,NA,NA,NA,NA,NA,NA
"656",214744,"Species","Animalia",NA,NA,NA,"Malacostraca","Eumalacostraca","Amphipoda","Podoceridae",NA,NA,"Podocerus","Podocerus brasiliensis",NA,"Peracarida","Arthropoda","Crustacea","Multicrustacea",NA,"Senticaudata","Corophiida","Caprelloidea","Caprellidira",NA,NA,NA,NA,NA,NA,NA,NA,NA
"657",214801,"Species","Animalia",NA,NA,NA,"Malacostraca","Eumalacostraca","Amphipoda","Caprellidae","Phtisicinae",NA,"Caprellina","Caprellina longicollis",NA,"Peracarida","Arthropoda","Crustacea","Multicrustacea",NA,"Senticaudata","Corophiida","Caprelloidea","Caprellidira",NA,NA,NA,NA,NA,NA,NA,NA,NA
"658",216134,"species","Animalia",NA,NA,NA,"Hexacorallia",NA,"Scleractinia","Faviidae","Mussinae",NA,"Isophyllia","Isophyllia sinuosa",NA,NA,"Cnidaria","Anthozoa",NA,NA,"Vacatina",NA,NA,NA,NA,NA,NA,NA,NA,NA,NA,NA,NA
"659",216135,"species","Animalia",NA,NA,NA,"Hexacorallia",NA,"Scleractinia","Faviidae","Mussinae",NA,"Mussa","Mussa angulosa",NA,NA,"Cnidaria","Anthozoa",NA,NA,"Vacatina",NA,NA,NA,NA,NA,NA,NA,NA,NA,NA,NA,NA
"660",216687,"Species","Animalia",NA,NA,NA,"Gastropoda","Caenogastropoda","Caenogastropoda incertae sedis","Cerithiidae","Cerithiinae",NA,"Cerithium","Cerithium litteratum",NA,NA,"Mollusca",NA,NA,NA,NA,NA,"Cerithioidea",NA,NA,NA,NA,NA,NA,NA,NA,NA,NA
"661",217426,"species","Animalia",NA,NA,NA,"Elasmobranchii","Neoselachii","Myliobatiformes","Aetobatidae",NA,NA,"Aetobatus","Aetobatus narinari",NA,NA,"Chordata","Vertebrata",NA,"Batoidea",NA,NA,NA,NA,NA,NA,NA,"Gnathostomata","Chondrichthyes",NA,NA,NA,NA
"662",217976,"species","Animalia",NA,NA,NA,"Teleostei",NA,"Syngnathiformes","Solenostomidae",NA,NA,"Solenostomus","Solenostomus paradoxus",NA,NA,"Chordata","Vertebrata","Actinopteri",NA,NA,NA,NA,NA,NA,NA,NA,"Gnathostomata","Osteichthyes","Actinopterygii",NA,NA,NA
"663",218706,"species","Animalia",NA,NA,NA,"Teleostei",NA,"Centrarchiformes","Kyphosidae",NA,NA,"Kyphosus","Kyphosus vaigiensis",NA,NA,"Chordata","Vertebrata","Actinopteri",NA,NA,NA,NA,NA,NA,NA,NA,"Gnathostomata","Osteichthyes","Actinopterygii",NA,NA,NA
"664",218708,"species","Animalia",NA,NA,NA,"Teleostei",NA,"Centrarchiformes","Kyphosidae",NA,NA,"Kyphosus","Kyphosus cinerascens",NA,NA,"Chordata","Vertebrata","Actinopteri",NA,NA,NA,NA,NA,NA,NA,NA,"Gnathostomata","Osteichthyes","Actinopterygii",NA,NA,NA
"665",218839,"species","Animalia",NA,NA,NA,"Teleostei",NA,"Ovalentaria incertae sedis","Pomacentridae",NA,NA,"Neopomacentrus","Neopomacentrus cyanomos",NA,NA,"Chordata","Vertebrata","Actinopteri",NA,NA,NA,NA,NA,NA,NA,NA,"Gnathostomata","Osteichthyes","Actinopterygii",NA,NA,NA
"666",219476,"species","Animalia",NA,NA,NA,"Teleostei",NA,"Gobiiformes","Gobiidae","Gobionellinae",NA,"Gnatholepis","Gnatholepis cauerensis",NA,NA,"Chordata","Vertebrata","Actinopteri",NA,NA,NA,NA,NA,NA,NA,NA,"Gnathostomata","Osteichthyes","Actinopterygii",NA,NA,NA
"667",219881,"species","Animalia",NA,NA,NA,"Teleostei",NA,"Tetraodontiformes","Balistidae",NA,NA,"Melichthys","Melichthys niger",NA,NA,"Chordata","Vertebrata","Actinopteri",NA,NA,NA,NA,NA,NA,NA,NA,"Gnathostomata","Osteichthyes","Actinopterygii",NA,NA,NA
"668",219964,"species","Animalia",NA,NA,NA,"Teleostei",NA,"Tetraodontiformes","Diodontidae",NA,NA,"Chilomycterus","Chilomycterus reticulatus",NA,NA,"Chordata","Vertebrata","Actinopteri",NA,NA,NA,NA,NA,NA,NA,NA,"Gnathostomata","Osteichthyes","Actinopterygii",NA,NA,NA
"669",220228,"Species","Plantae","Viridiplantae","Tracheophyta","Spermatophytina","Magnoliopsida",NA,"Alismatales","Cymodoceaceae",NA,NA,"Thalassodendron","Thalassodendron ciliatum","Streptophyta","Lilianae",NA,NA,NA,NA,NA,NA,NA,NA,NA,NA,NA,NA,NA,NA,NA,NA,NA
"670",220697,"Species","Animalia",NA,NA,NA,"Malacostraca","Eumalacostraca","Isopoda","Cirolanidae",NA,NA,"Cirolana","Cirolana parva",NA,"Peracarida","Arthropoda","Crustacea","Multicrustacea",NA,"Cymothoida",NA,"Cymothooidea",NA,NA,NA,NA,NA,NA,NA,NA,NA,NA
"671",220766,"Species","Animalia",NA,NA,NA,"Malacostraca","Eumalacostraca","Amphipoda","Dexaminidae","Dexamininae",NA,"Paradexamine","Paradexamine pacifica",NA,"Peracarida","Arthropoda","Crustacea","Multicrustacea",NA,"Amphilochidea","Lysianassida","Dexaminoidea","Synopiidira",NA,NA,NA,NA,NA,NA,NA,NA,NA
"672",220965,"Species","Plantae","Biliphyta","Rhodophyta","Eurhodophytina","Florideophyceae","Rhodymeniophycidae","Rhodymeniales","Rhodymeniaceae",NA,NA,"Botryocladia","Botryocladia leptopoda",NA,NA,NA,NA,NA,NA,NA,NA,NA,NA,NA,NA,NA,NA,NA,NA,NA,NA,NA
"673",221362,"Species","Animalia",NA,NA,NA,"Malacostraca","Eumalacostraca","Amphipoda","Hyalidae","Hyalinae",NA,"Parhyale","Parhyale hawaiensis",NA,"Peracarida","Arthropoda","Crustacea","Multicrustacea",NA,"Senticaudata","Talitrida","Hyaloidea","Talitridira",NA,NA,NA,NA,NA,NA,NA,NA,NA
"674",224570,"Subclass","Animalia",NA,NA,NA,"Gastropoda","Caenogastropoda",NA,NA,NA,NA,NA,NA,NA,NA,"Mollusca",NA,NA,NA,NA,NA,NA,NA,NA,NA,NA,NA,NA,NA,NA,NA,NA
"675",224572,"Species","Animalia",NA,NA,NA,"Gastropoda","Caenogastropoda","Caenogastropoda incertae sedis","Cerithiidae","Cerithiinae",NA,"Cerithium","Cerithium atratum",NA,NA,"Mollusca",NA,NA,NA,NA,NA,"Cerithioidea",NA,NA,NA,NA,NA,NA,NA,NA,NA,NA
"676",224773,"species","Animalia",NA,NA,NA,"Gastropoda","Caenogastropoda","Caenogastropoda incertae sedis","Cerithiidae","Cerithiinae",NA,"Cerithium","Cerithium guinaicum",NA,NA,"Mollusca",NA,NA,NA,NA,NA,"Cerithioidea",NA,NA,NA,NA,NA,NA,NA,NA,NA,NA
"677",224977,"species","Animalia",NA,NA,NA,"Gastropoda","Caenogastropoda","Littorinimorpha","Cassidae","Cassinae",NA,"Cassis","Cassis tuberosa",NA,NA,"Mollusca",NA,NA,NA,NA,NA,"Tonnoidea",NA,NA,NA,NA,NA,NA,NA,NA,NA,NA
"678",225252,"species","Animalia",NA,NA,NA,"Bivalvia","Autobranchia","Pectinida","Pectinidae","Pectininae","Decatopectinini","Nodipecten","Nodipecten nodosus",NA,NA,"Mollusca",NA,NA,"Pteriomorphia",NA,NA,"Pectinoidea",NA,NA,NA,NA,NA,NA,NA,NA,NA,NA
"679",225463,"Genus","Animalia",NA,NA,NA,"Gastropoda","Vetigastropoda","Trochida","Trochidae","Cantharidinae",NA,"Thalotia",NA,NA,NA,"Mollusca",NA,NA,NA,NA,NA,"Trochoidea",NA,NA,NA,NA,NA,NA,NA,NA,NA,NA
"680",225814,"Species","Animalia",NA,NA,NA,"Malacostraca","Eumalacostraca","Amphipoda","Corophiidae","Corophiinae","Corophiini","Monocorophium","Monocorophium acherusicum",NA,"Peracarida","Arthropoda","Crustacea","Multicrustacea",NA,"Senticaudata","Corophiida","Corophioidea","Corophiidira",NA,NA,NA,NA,NA,NA,NA,NA,NA
"681",226278,"Species","Animalia",NA,NA,NA,"Malacostraca","Eumalacostraca","Mysida","Mysidae","Mysinae","Neomysini","Neomysis","Neomysis awatschensis",NA,"Peracarida","Arthropoda","Crustacea","Multicrustacea",NA,NA,NA,NA,NA,NA,NA,NA,NA,NA,NA,NA,NA,NA
"682",234030,"Genus","Plantae","Viridiplantae","Tracheophyta","Spermatophytina","Magnoliopsida",NA,"Alismatales","Ruppiaceae",NA,NA,"Ruppia",NA,"Streptophyta","Lilianae",NA,NA,NA,NA,NA,NA,NA,NA,NA,NA,NA,NA,NA,NA,NA,NA,NA
"683",234031,"Species","Plantae","Viridiplantae","Tracheophyta","Spermatophytina","Magnoliopsida",NA,"Alismatales","Ruppiaceae",NA,NA,"Ruppia","Ruppia maritima","Streptophyta","Lilianae",NA,NA,NA,NA,NA,NA,NA,NA,NA,NA,NA,NA,NA,NA,NA,NA,NA
"684",234107,"species","Animalia",NA,NA,NA,"Teleostei",NA,"Acanthuriformes","Chaetodontidae",NA,NA,"Chaetodon","Chaetodon sedentarius",NA,NA,"Chordata","Vertebrata","Actinopteri",NA,NA,NA,NA,NA,NA,NA,NA,"Gnathostomata","Osteichthyes","Actinopterygii",NA,NA,NA
"685",234208,"Species","Animalia",NA,NA,NA,"Gastropoda","Patellogastropoda",NA,"Lottiidae",NA,NA,"Testudinalia","Testudinalia testudinalis",NA,NA,"Mollusca",NA,NA,NA,NA,NA,"Lottioidea",NA,NA,NA,NA,NA,NA,NA,NA,NA,NA
"686",234471,"Species","Plantae","Viridiplantae","Chlorophyta","Chlorophytina","Ulvophyceae",NA,"Ulvales","Ulvaceae",NA,NA,"Ulva","Ulva intestinalis",NA,NA,NA,NA,NA,NA,NA,NA,NA,NA,NA,NA,NA,NA,NA,NA,NA,NA,NA
"687",234850,"Species","Animalia",NA,NA,NA,"Polychaeta","Errantia","Phyllodocida","Nereididae","Nereidinae",NA,"Alitta","Alitta succinea",NA,NA,"Annelida",NA,NA,NA,"Nereidiformia",NA,NA,NA,NA,NA,NA,NA,NA,NA,NA,NA,NA
"688",236157,"Species","Plantae","Biliphyta","Rhodophyta","Eurhodophytina","Florideophyceae","Rhodymeniophycidae","Gracilariales","Gracilariaceae","Gracilarioideae","Gracilarieae","Gracilaria","Gracilaria vermiculophylla",NA,NA,NA,NA,NA,NA,NA,NA,NA,NA,NA,NA,NA,NA,NA,NA,NA,NA,NA
"689",236496,"Species","Animalia",NA,NA,NA,"Malacostraca","Eumalacostraca","Amphipoda","Amphilochidae",NA,NA,"Apolochus","Apolochus picadurus",NA,"Peracarida","Arthropoda","Crustacea","Multicrustacea",NA,"Amphilochidea","Amphilochida","Amphilochoidea","Amphilochidira",NA,NA,NA,NA,NA,NA,NA,NA,NA
"690",236551,"Species","Animalia",NA,NA,NA,"Malacostraca","Eumalacostraca","Amphipoda","Caprellidae","Caprellinae",NA,"Caprella","Caprella scaura",NA,"Peracarida","Arthropoda","Crustacea","Multicrustacea",NA,"Senticaudata","Corophiida","Caprelloidea","Caprellidira",NA,NA,NA,NA,NA,NA,NA,NA,NA
"691",236719,"Species","Animalia",NA,NA,NA,"Bivalvia","Autobranchia","Pectinida","Pectinidae","Pedinae","Mimachlamydini","Mimachlamys","Mimachlamys varia",NA,NA,"Mollusca",NA,NA,"Pteriomorphia",NA,NA,"Pectinoidea",NA,NA,NA,NA,NA,NA,NA,NA,NA,NA
"692",238104,"Species","Animalia",NA,NA,NA,"Gastropoda","Caenogastropoda","Littorinimorpha","Hydrobiidae","Hydrobiinae",NA,"Ecrobia","Ecrobia ventrosa",NA,NA,"Mollusca",NA,NA,NA,NA,NA,"Truncatelloidea",NA,NA,NA,NA,NA,NA,NA,NA,NA,NA
"693",238740,"Species","Animalia",NA,NA,NA,"Malacostraca","Eumalacostraca","Amphipoda","Aoridae",NA,NA,"Grandidierella","Grandidierella japonica",NA,"Peracarida","Arthropoda","Crustacea","Multicrustacea",NA,"Senticaudata","Corophiida","Aoroidea","Corophiidira",NA,NA,NA,NA,NA,NA,NA,NA,NA
"694",240777,"Genus","Animalia",NA,NA,NA,"Echinoidea","Euechinoidea","Camarodonta","Toxopneustidae",NA,NA,"Lytechinus",NA,NA,NA,"Echinodermata","Echinozoa",NA,"Carinacea",NA,"Echinidea","Odontophora",NA,"Echinacea",NA,NA,NA,NA,NA,NA,NA,NA
"695",241109,"species","Animalia",NA,NA,NA,"Malacostraca","Eumalacostraca","Decapoda","Portunidae","Thalamitinae",NA,"Cronius","Cronius ruber",NA,"Eucarida","Arthropoda","Crustacea","Multicrustacea",NA,"Pleocyemata","Brachyura","Portunoidea",NA,NA,"Eubrachyura","Heterotremata",NA,NA,NA,NA,NA,NA
"696",241128,"species","Animalia",NA,NA,NA,"Malacostraca","Eumalacostraca","Decapoda","Menippidae",NA,NA,"Menippe","Menippe nodifrons",NA,"Eucarida","Arthropoda","Crustacea","Multicrustacea",NA,"Pleocyemata","Brachyura","Eriphioidea",NA,NA,"Eubrachyura","Heterotremata",NA,NA,NA,NA,NA,NA
"697",241200,"Species","Animalia",NA,NA,NA,"Malacostraca","Eumalacostraca","Decapoda","Grapsidae",NA,NA,"Pachygrapsus","Pachygrapsus gracilis",NA,"Eucarida","Arthropoda","Crustacea","Multicrustacea",NA,"Pleocyemata","Brachyura","Grapsoidea",NA,NA,"Eubrachyura","Thoracotremata",NA,NA,NA,NA,NA,NA
"698",241780,"species","Animalia",NA,NA,NA,"Holothuroidea","Actinopoda","Synallactida","Stichopodidae",NA,NA,"Astichopus","Astichopus multifidus",NA,NA,"Echinodermata","Echinozoa",NA,NA,NA,NA,NA,NA,NA,NA,NA,NA,NA,NA,NA,NA,NA
"699",241876,"species","Animalia",NA,NA,NA,"Holothuroidea","Actinopoda","Holothuriida","Holothuriidae",NA,NA,"Holothuria","Holothuria (Thymiosycia) thomasi",NA,NA,"Echinodermata","Echinozoa",NA,NA,NA,NA,NA,NA,NA,NA,NA,NA,NA,NA,"Holothuria (Thymiosycia)",NA,NA
"700",243214,"species","Animalia",NA,NA,NA,"Ophiuroidea","Myophiuroida","Euryalida","Gorgonocephalidae","Gorgonocephalinae",NA,"Astrophyton","Astrophyton muricatum",NA,"Euryophiurida","Echinodermata","Asterozoa",NA,"Metophiurida",NA,NA,NA,NA,NA,NA,NA,NA,NA,NA,NA,NA,NA
"701",245516,"Species","Animalia",NA,NA,NA,"Ophiuroidea","Myophiuroida","Ophiacanthida","Ophiodermatidae",NA,NA,"Ophioderma","Ophioderma brevispinum",NA,"Ophintegrida","Echinodermata","Asterozoa",NA,"Metophiurida","Ophiodermatina",NA,"Ophiodermatoidea",NA,NA,NA,NA,NA,NA,NA,NA,NA,NA
"702",246230,"species","Animalia",NA,NA,NA,"Malacostraca","Eumalacostraca","Decapoda","Axiidae",NA,NA,"Axiopsis","Axiopsis serratifrons",NA,"Eucarida","Arthropoda","Crustacea","Multicrustacea",NA,"Pleocyemata","Axiidea",NA,NA,NA,NA,NA,NA,NA,NA,NA,NA,NA
"703",246346,"Genus","Animalia",NA,NA,NA,"Malacostraca","Eumalacostraca","Decapoda","Pseudorhombilidae",NA,NA,"Micropanope",NA,NA,"Eucarida","Arthropoda","Crustacea","Multicrustacea",NA,"Pleocyemata","Brachyura","Xanthoidea",NA,NA,"Eubrachyura","Heterotremata",NA,NA,NA,NA,NA,NA
"704",246784,"species","Animalia",NA,NA,NA,"Crinoidea","Articulata","Comatulida","Comatulidae","Comatellinae",NA,"Davidaster","Davidaster rubiginosus",NA,NA,"Echinodermata","Crinozoa",NA,NA,NA,NA,"Comatuloidea",NA,NA,NA,NA,NA,NA,NA,NA,NA,NA
"705",246979,"Genus","Animalia",NA,NA,NA,"Malacostraca","Eumalacostraca","Tanaidacea","Pagurapseudidae","Pagurapseudinae",NA,"Pagurapseudes",NA,NA,"Peracarida","Arthropoda","Crustacea","Multicrustacea",NA,"Apseudomorpha",NA,"Apseudoidea",NA,NA,NA,NA,NA,NA,NA,NA,NA,NA
"706",247538,"Species","Animalia",NA,NA,NA,"Malacostraca","Eumalacostraca","Tanaidacea","Leptocheliidae","Leptocheliinae",NA,"Hargeria","Hargeria rapax",NA,"Peracarida","Arthropoda","Crustacea","Multicrustacea",NA,"Tanaidomorpha",NA,"Paratanaoidea",NA,NA,NA,NA,NA,NA,NA,NA,NA,NA
"707",247710,"Species","Animalia",NA,NA,NA,"Malacostraca","Eumalacostraca","Tanaidacea","Tanaididae","Pancolinae","Anatanaini","Zeuxo","Zeuxo marmoratus",NA,"Peracarida","Arthropoda","Crustacea","Multicrustacea",NA,"Tanaidomorpha",NA,"Tanaidoidea",NA,NA,NA,NA,NA,NA,NA,NA,NA,NA
"708",248643,"Genus","Animalia",NA,NA,NA,"Malacostraca","Eumalacostraca","Isopoda","Idoteidae",NA,NA,"Crabyzos",NA,NA,"Peracarida","Arthropoda","Crustacea","Multicrustacea",NA,"Valvifera",NA,NA,NA,NA,NA,NA,NA,NA,NA,NA,NA,NA
"709",248921,"Genus","Animalia",NA,NA,NA,"Malacostraca","Eumalacostraca","Isopoda","Limnoriidae",NA,NA,"Lynseia",NA,NA,"Peracarida","Arthropoda","Crustacea","Multicrustacea",NA,"Limnoriidea",NA,"Limnorioidea",NA,NA,NA,NA,NA,NA,NA,NA,NA,NA
"710",249103,"Genus","Animalia",NA,NA,NA,"Malacostraca","Eumalacostraca","Isopoda","Sphaeromatidae",NA,NA,"Paracerceis",NA,NA,"Peracarida","Arthropoda","Crustacea","Multicrustacea",NA,"Sphaeromatidea",NA,"Sphaeromatoidea",NA,NA,NA,NA,NA,NA,NA,NA,NA,NA
"711",252289,"Species","Animalia",NA,NA,NA,"Ascidiacea",NA,"Stolidobranchia","Styelidae",NA,NA,"Botrylloides","Botrylloides niger",NA,NA,"Chordata","Tunicata",NA,NA,NA,NA,NA,NA,NA,NA,NA,NA,NA,NA,NA,NA,NA
"712",254882,"genus","Animalia",NA,NA,NA,"Teleostei",NA,"Blenniiformes","Chaenopsidae",NA,NA,"Acanthemblemaria",NA,NA,NA,"Chordata","Vertebrata","Actinopteri",NA,NA,NA,NA,NA,NA,NA,NA,"Gnathostomata","Osteichthyes","Actinopterygii",NA,NA,NA
"713",254883,"species","Animalia",NA,NA,NA,"Teleostei",NA,"Blenniiformes","Chaenopsidae",NA,NA,"Acanthemblemaria","Acanthemblemaria spinosa",NA,NA,"Chordata","Vertebrata","Actinopteri",NA,NA,NA,NA,NA,NA,NA,NA,"Gnathostomata","Osteichthyes","Actinopterygii",NA,NA,NA
"714",255042,"Species","Animalia",NA,NA,NA,"Asteroidea","Ambuloasteroidea","Forcipulatida","Asteriidae",NA,NA,"Meyenaster","Meyenaster gelatinosus",NA,"Forcipulatacea","Echinodermata","Asterozoa",NA,"Neoasteroidea",NA,NA,NA,NA,NA,NA,NA,NA,NA,NA,NA,NA,NA
"715",256270,"Species","Animalia",NA,NA,NA,"Malacostraca","Eumalacostraca","Isopoda","Munnidae",NA,NA,"Uromunna","Uromunna ubiquita",NA,"Peracarida","Arthropoda","Crustacea","Multicrustacea",NA,"Asellota",NA,"Janiroidea",NA,NA,NA,NA,NA,NA,NA,NA,NA,NA
"716",256965,"Species","Animalia",NA,NA,NA,"Malacostraca","Eumalacostraca","Isopoda","Sphaeromatidae",NA,NA,"Cymodoce","Cymodoce japonica",NA,"Peracarida","Arthropoda","Crustacea","Multicrustacea",NA,"Sphaeromatidea",NA,"Sphaeromatoidea",NA,NA,NA,NA,NA,NA,NA,NA,NA,NA
"717",257859,"Species","Animalia",NA,NA,NA,"Malacostraca","Eumalacostraca","Isopoda","Idoteidae",NA,NA,"Erichsonella","Erichsonella crenulata",NA,"Peracarida","Arthropoda","Crustacea","Multicrustacea",NA,"Valvifera",NA,NA,NA,NA,NA,NA,NA,NA,NA,NA,NA,NA
"718",259635,"Species","Animalia",NA,NA,NA,"Malacostraca","Eumalacostraca","Isopoda","Paranthuridae",NA,NA,"Califanthura","Califanthura squamosissima",NA,"Peracarida","Arthropoda","Crustacea","Multicrustacea",NA,"Cymothoida",NA,"Anthuroidea",NA,NA,NA,NA,NA,NA,NA,NA,NA,NA
"719",260378,"Species","Animalia",NA,NA,NA,"Malacostraca","Eumalacostraca","Isopoda","Corallanidae",NA,NA,"Excorallana","Excorallana tricornis",NA,"Peracarida","Arthropoda","Crustacea","Multicrustacea",NA,"Cymothoida",NA,"Cymothooidea",NA,NA,NA,NA,NA,NA,NA,NA,NA,NA
"720",260565,"Species","Animalia",NA,NA,NA,"Malacostraca","Eumalacostraca","Isopoda","Sphaeromatidae",NA,NA,"Harrieta","Harrieta faxoni",NA,"Peracarida","Arthropoda","Crustacea","Multicrustacea",NA,"Sphaeromatidea",NA,"Sphaeromatoidea",NA,NA,NA,NA,NA,NA,NA,NA,NA,NA
"721",261817,"Species","Animalia",NA,NA,NA,"Malacostraca","Eumalacostraca","Isopoda","Sphaeromatidae",NA,NA,"Paracerceis","Paracerceis caudata",NA,"Peracarida","Arthropoda","Crustacea","Multicrustacea",NA,"Sphaeromatidea",NA,"Sphaeromatoidea",NA,NA,NA,NA,NA,NA,NA,NA,NA,NA
"722",261827,"Species","Animalia",NA,NA,NA,"Malacostraca","Eumalacostraca","Isopoda","Sphaeromatidae",NA,NA,"Paracerceis","Paracerceis sculpta",NA,"Peracarida","Arthropoda","Crustacea","Multicrustacea",NA,"Sphaeromatidea",NA,"Sphaeromatoidea",NA,NA,NA,NA,NA,NA,NA,NA,NA,NA
"723",261839,"Species","Animalia",NA,NA,NA,"Malacostraca","Eumalacostraca","Isopoda","Sphaeromatidae",NA,NA,"Paradella","Paradella dianae",NA,"Peracarida","Arthropoda","Crustacea","Multicrustacea",NA,"Sphaeromatidea",NA,"Sphaeromatoidea",NA,NA,NA,NA,NA,NA,NA,NA,NA,NA
"724",261978,"Species","Animalia",NA,NA,NA,"Malacostraca","Eumalacostraca","Isopoda","Idoteidae",NA,NA,"Pentidotea","Pentidotea resecata",NA,"Peracarida","Arthropoda","Crustacea","Multicrustacea",NA,"Valvifera",NA,NA,NA,NA,NA,NA,NA,NA,NA,NA,NA,NA
"725",267277,"genus","Animalia",NA,NA,NA,"Octocorallia",NA,"Scleralcyonacea","Briareidae",NA,NA,"Briareum",NA,NA,NA,"Cnidaria","Anthozoa",NA,NA,NA,NA,NA,NA,NA,NA,NA,NA,NA,NA,NA,NA,NA
"726",267453,"Genus","Animalia",NA,NA,NA,"Octocorallia",NA,"Malacalcyonacea","Gorgoniidae",NA,NA,"Gorgonia",NA,NA,NA,"Cnidaria","Anthozoa",NA,NA,NA,NA,NA,NA,NA,NA,NA,NA,NA,NA,NA,NA,NA
"727",267499,"genus","Animalia",NA,NA,NA,"Octocorallia",NA,"Malacalcyonacea","Melithaeidae",NA,NA,"Iciligorgia",NA,NA,NA,"Cnidaria","Anthozoa",NA,NA,NA,NA,NA,NA,NA,NA,NA,NA,NA,NA,NA,NA,NA
"728",267604,"genus","Animalia",NA,NA,NA,"Octocorallia",NA,"Malacalcyonacea","Pterogorgiidae",NA,NA,"Muriceopsis",NA,NA,NA,"Cnidaria","Anthozoa",NA,NA,NA,NA,NA,NA,NA,NA,NA,NA,NA,NA,NA,NA,NA
"729",267606,"genus","Animalia",NA,NA,NA,"Hexacorallia",NA,"Scleractinia","Faviidae","Mussinae",NA,"Mycetophyllia",NA,NA,NA,"Cnidaria","Anthozoa",NA,NA,"Vacatina",NA,NA,NA,NA,NA,NA,NA,NA,NA,NA,NA,NA
"730",267752,"genus","Animalia",NA,NA,NA,"Octocorallia",NA,"Malacalcyonacea","Plexauridae",NA,NA,"Plexaura",NA,NA,NA,"Cnidaria","Anthozoa",NA,NA,NA,NA,NA,NA,NA,NA,NA,NA,NA,NA,NA,NA,NA
"731",267753,"genus","Animalia",NA,NA,NA,"Octocorallia",NA,"Malacalcyonacea","Plexaurellidae",NA,NA,"Plexaurella",NA,NA,NA,"Cnidaria","Anthozoa",NA,NA,NA,NA,NA,NA,NA,NA,NA,NA,NA,NA,NA,NA,NA
"732",267779,"genus","Animalia",NA,NA,NA,"Octocorallia",NA,"Malacalcyonacea","Plexauridae",NA,NA,"Pseudoplexaura",NA,NA,NA,"Cnidaria","Anthozoa",NA,NA,NA,NA,NA,NA,NA,NA,NA,NA,NA,NA,NA,NA,NA
"733",267781,"genus","Animalia",NA,NA,NA,"Octocorallia",NA,"Malacalcyonacea","Gorgoniidae",NA,NA,"Pseudopterogorgia",NA,NA,NA,"Cnidaria","Anthozoa",NA,NA,NA,NA,NA,NA,NA,NA,NA,NA,NA,NA,NA,NA,NA
"734",267790,"genus","Animalia",NA,NA,NA,"Octocorallia",NA,"Malacalcyonacea","Pterogorgiidae",NA,NA,"Pterogorgia",NA,NA,NA,"Cnidaria","Anthozoa",NA,NA,NA,NA,NA,NA,NA,NA,NA,NA,NA,NA,NA,NA,NA
"735",268418,"genus","Animalia",NA,NA,NA,"Teleostei",NA,"Kurtiformes","Apogonidae","Apogoninae",NA,"Astrapogon",NA,NA,NA,"Chordata","Vertebrata","Actinopteri",NA,NA,NA,NA,NA,NA,NA,NA,"Gnathostomata","Osteichthyes","Actinopterygii",NA,NA,NA
"736",269045,"genus","Animalia",NA,NA,NA,"Teleostei",NA,"Gobiiformes","Gobiidae","Gobiinae",NA,"Elacatinus",NA,NA,NA,"Chordata","Vertebrata","Actinopteri",NA,NA,NA,NA,NA,NA,NA,NA,"Gnathostomata","Osteichthyes","Actinopterygii",NA,NA,NA
"737",269073,"genus","Animalia",NA,NA,NA,"Teleostei",NA,"Blenniiformes","Tripterygiidae","Tripterygiinae",NA,"Enneanectes",NA,NA,NA,"Chordata","Vertebrata","Actinopteri",NA,NA,NA,NA,NA,NA,NA,NA,"Gnathostomata","Osteichthyes","Actinopterygii",NA,NA,NA
"738",269456,"genus","Animalia",NA,NA,NA,"Teleostei",NA,"Perciformes","Serranidae",NA,NA,"Hypoplectrus",NA,NA,NA,"Chordata","Vertebrata","Actinopteri",NA,"Percoidei",NA,NA,NA,NA,NA,NA,"Gnathostomata","Osteichthyes","Actinopterygii",NA,NA,NA
"739",269590,"genus","Animalia",NA,NA,NA,"Teleostei",NA,"Blenniiformes","Labrisomidae",NA,NA,"Labrisomus",NA,NA,NA,"Chordata","Vertebrata","Actinopteri",NA,NA,NA,NA,NA,NA,NA,NA,"Gnathostomata","Osteichthyes","Actinopterygii",NA,NA,NA
"740",269781,"genus","Animalia",NA,NA,NA,"Teleostei",NA,"Blenniiformes","Labrisomidae",NA,NA,"Malacoctenus",NA,NA,NA,"Chordata","Vertebrata","Actinopteri",NA,NA,NA,NA,NA,NA,NA,NA,"Gnathostomata","Osteichthyes","Actinopterygii",NA,NA,NA
"741",271324,"species","Animalia",NA,NA,NA,"Elasmobranchii","Neoselachii","Carcharhiniformes","Carcharhinidae",NA,NA,"Carcharhinus","Carcharhinus perezii",NA,"Galeomorphi","Chordata","Vertebrata",NA,"Selachii",NA,NA,NA,NA,NA,NA,NA,"Gnathostomata","Chondrichthyes",NA,NA,NA,NA
"742",271436,"species","Animalia",NA,NA,NA,"Elasmobranchii","Neoselachii","Myliobatiformes","Dasyatidae",NA,NA,"Dasyatis","Dasyatis hypostigma",NA,NA,"Chordata","Vertebrata",NA,"Batoidea",NA,NA,NA,NA,NA,NA,NA,"Gnathostomata","Chondrichthyes",NA,NA,NA,NA
"743",271805,"species","Animalia",NA,NA,NA,"Teleostei",NA,"Anguilliformes","Muraenidae","Muraeninae",NA,"Enchelycore","Enchelycore carychroa",NA,NA,"Chordata","Vertebrata","Actinopteri",NA,NA,NA,NA,NA,NA,NA,NA,"Gnathostomata","Osteichthyes","Actinopterygii",NA,NA,NA
"744",271852,"species","Animalia",NA,NA,NA,"Teleostei",NA,"Anguilliformes","Muraenidae","Muraeninae",NA,"Gymnothorax","Gymnothorax miliaris",NA,NA,"Chordata","Vertebrata","Actinopteri",NA,NA,NA,NA,NA,NA,NA,NA,"Gnathostomata","Osteichthyes","Actinopterygii",NA,NA,NA
"745",272982,"species","Animalia",NA,NA,NA,"Teleostei",NA,"Kurtiformes","Apogonidae","Apogoninae",NA,"Apogon","Apogon binotatus",NA,NA,"Chordata","Vertebrata","Actinopteri",NA,NA,NA,NA,NA,NA,NA,NA,"Gnathostomata","Osteichthyes","Actinopterygii",NA,NA,NA
"746",273108,"species","Animalia",NA,NA,NA,"Teleostei",NA,"Kurtiformes","Apogonidae","Apogoninae",NA,"Apogon","Apogon townsendi",NA,NA,"Chordata","Vertebrata","Actinopteri",NA,NA,NA,NA,NA,NA,NA,NA,"Gnathostomata","Osteichthyes","Actinopterygii",NA,NA,NA
"747",273125,"species","Animalia",NA,NA,NA,"Teleostei",NA,"Blenniiformes","Blenniidae","Salariinae",NA,"Ophioblennius","Ophioblennius macclurei",NA,NA,"Chordata","Vertebrata","Actinopteri",NA,NA,NA,NA,NA,NA,NA,NA,"Gnathostomata","Osteichthyes","Actinopterygii",NA,NA,NA
"748",273369,"species","Animalia",NA,NA,NA,"Teleostei",NA,"Acanthuriformes","Chaetodontidae",NA,NA,"Prognathodes","Prognathodes aculeatus",NA,NA,"Chordata","Vertebrata","Actinopteri",NA,NA,NA,NA,NA,NA,NA,NA,"Gnathostomata","Osteichthyes","Actinopterygii",NA,NA,NA
"749",273540,"species","Animalia",NA,NA,NA,"Teleostei",NA,"Eupercaria incertae sedis","Labridae",NA,NA,"Bodianus","Bodianus pulchellus",NA,NA,"Chordata","Vertebrata","Actinopteri",NA,NA,NA,NA,NA,NA,NA,NA,"Gnathostomata","Osteichthyes","Actinopterygii",NA,NA,NA
"750",273541,"species","Animalia",NA,NA,NA,"Teleostei",NA,"Eupercaria incertae sedis","Labridae",NA,NA,"Bodianus","Bodianus rufus",NA,NA,"Chordata","Vertebrata","Actinopteri",NA,NA,NA,NA,NA,NA,NA,NA,"Gnathostomata","Osteichthyes","Actinopterygii",NA,NA,NA
"751",273602,"species","Animalia",NA,NA,NA,"Teleostei",NA,"Eupercaria incertae sedis","Labridae",NA,NA,"Xyrichtys","Xyrichtys martinicensis",NA,NA,"Chordata","Vertebrata","Actinopteri",NA,NA,NA,NA,NA,NA,NA,NA,"Gnathostomata","Osteichthyes","Actinopterygii",NA,NA,NA
"752",273608,"species","Animalia",NA,NA,NA,"Teleostei",NA,"Eupercaria incertae sedis","Labridae",NA,NA,"Xyrichtys","Xyrichtys splendens",NA,NA,"Chordata","Vertebrata","Actinopteri",NA,NA,NA,NA,NA,NA,NA,NA,"Gnathostomata","Osteichthyes","Actinopterygii",NA,NA,NA
"753",273718,"species","Animalia",NA,NA,NA,"Teleostei",NA,"Ovalentaria incertae sedis","Pomacentridae",NA,NA,"Chromis","Chromis cyanea",NA,NA,"Chordata","Vertebrata","Actinopteri",NA,NA,NA,NA,NA,NA,NA,NA,"Gnathostomata","Osteichthyes","Actinopterygii",NA,NA,NA
"754",273731,"species","Animalia",NA,NA,NA,"Teleostei",NA,"Ovalentaria incertae sedis","Pomacentridae",NA,NA,"Chromis","Chromis insolata",NA,NA,"Chordata","Vertebrata","Actinopteri",NA,NA,NA,NA,NA,NA,NA,NA,"Gnathostomata","Osteichthyes","Actinopterygii",NA,NA,NA
"755",273743,"species","Animalia",NA,NA,NA,"Teleostei",NA,"Ovalentaria incertae sedis","Pomacentridae",NA,NA,"Chromis","Chromis multilineata",NA,NA,"Chordata","Vertebrata","Actinopteri",NA,NA,NA,NA,NA,NA,NA,NA,"Gnathostomata","Osteichthyes","Actinopterygii",NA,NA,NA
"756",273756,"species","Animalia",NA,NA,NA,"Teleostei",NA,"Ovalentaria incertae sedis","Pomacentridae",NA,NA,"Chromis","Chromis scotti",NA,NA,"Chordata","Vertebrata","Actinopteri",NA,NA,NA,NA,NA,NA,NA,NA,"Gnathostomata","Osteichthyes","Actinopterygii",NA,NA,NA
"757",273771,"species","Animalia",NA,NA,NA,"Teleostei",NA,"Eupercaria incertae sedis","Scaridae","Sparisomatinae",NA,"Sparisoma","Sparisoma atomarium",NA,NA,"Chordata","Vertebrata","Actinopteri",NA,NA,NA,NA,NA,NA,NA,NA,"Gnathostomata","Osteichthyes","Actinopterygii",NA,NA,NA
"758",273772,"species","Animalia",NA,NA,NA,"Teleostei",NA,"Eupercaria incertae sedis","Scaridae","Sparisomatinae",NA,"Sparisoma","Sparisoma aurofrenatum",NA,NA,"Chordata","Vertebrata","Actinopteri",NA,NA,NA,NA,NA,NA,NA,NA,"Gnathostomata","Osteichthyes","Actinopterygii",NA,NA,NA
"759",273773,"species","Animalia",NA,NA,NA,"Teleostei",NA,"Eupercaria incertae sedis","Scaridae","Sparisomatinae",NA,"Sparisoma","Sparisoma axillare",NA,NA,"Chordata","Vertebrata","Actinopteri",NA,NA,NA,NA,NA,NA,NA,NA,"Gnathostomata","Osteichthyes","Actinopterygii",NA,NA,NA
"760",273774,"species","Animalia",NA,NA,NA,"Teleostei",NA,"Eupercaria incertae sedis","Scaridae","Sparisomatinae",NA,"Sparisoma","Sparisoma chrysopterum",NA,NA,"Chordata","Vertebrata","Actinopteri",NA,NA,NA,NA,NA,NA,NA,NA,"Gnathostomata","Osteichthyes","Actinopterygii",NA,NA,NA
"761",273775,"species","Animalia",NA,NA,NA,"Teleostei",NA,"Eupercaria incertae sedis","Scaridae","Sparisomatinae",NA,"Sparisoma","Sparisoma frondosum",NA,NA,"Chordata","Vertebrata","Actinopteri",NA,NA,NA,NA,NA,NA,NA,NA,"Gnathostomata","Osteichthyes","Actinopterygii",NA,NA,NA
"762",273777,"species","Animalia",NA,NA,NA,"Teleostei",NA,"Eupercaria incertae sedis","Scaridae","Sparisomatinae",NA,"Sparisoma","Sparisoma radians",NA,NA,"Chordata","Vertebrata","Actinopteri",NA,NA,NA,NA,NA,NA,NA,NA,"Gnathostomata","Osteichthyes","Actinopterygii",NA,NA,NA
"763",273779,"species","Animalia",NA,NA,NA,"Teleostei",NA,"Eupercaria incertae sedis","Scaridae","Sparisomatinae",NA,"Sparisoma","Sparisoma tuiupiranga",NA,NA,"Chordata","Vertebrata","Actinopteri",NA,NA,NA,NA,NA,NA,NA,NA,"Gnathostomata","Osteichthyes","Actinopterygii",NA,NA,NA
"764",273780,"species","Animalia",NA,NA,NA,"Teleostei",NA,"Eupercaria incertae sedis","Scaridae","Sparisomatinae",NA,"Sparisoma","Sparisoma viride",NA,NA,"Chordata","Vertebrata","Actinopteri",NA,NA,NA,NA,NA,NA,NA,NA,"Gnathostomata","Osteichthyes","Actinopterygii",NA,NA,NA
"765",273819,"species","Animalia",NA,NA,NA,"Teleostei",NA,"Scombriformes","Scombridae","Scombrinae",NA,"Scomberomorus","Scomberomorus regalis",NA,NA,"Chordata","Vertebrata","Actinopteri",NA,NA,NA,NA,NA,NA,NA,NA,"Gnathostomata","Osteichthyes","Actinopterygii",NA,NA,NA
"766",273876,"species","Animalia",NA,NA,NA,"Teleostei",NA,"Perciformes","Epinephelidae",NA,NA,"Mycteroperca","Mycteroperca acutirostris",NA,NA,"Chordata","Vertebrata","Actinopteri",NA,"Percoidei",NA,NA,NA,NA,NA,NA,"Gnathostomata","Osteichthyes","Actinopterygii",NA,NA,NA
"767",273878,"species","Animalia",NA,NA,NA,"Teleostei",NA,"Perciformes","Epinephelidae",NA,NA,"Mycteroperca","Mycteroperca interstitialis",NA,NA,"Chordata","Vertebrata","Actinopteri",NA,"Percoidei",NA,NA,NA,NA,NA,NA,"Gnathostomata","Osteichthyes","Actinopterygii",NA,NA,NA
"768",273884,"species","Animalia",NA,NA,NA,"Teleostei",NA,"Perciformes","Epinephelidae",NA,NA,"Mycteroperca","Mycteroperca tigris",NA,NA,"Chordata","Vertebrata","Actinopteri",NA,"Percoidei",NA,NA,NA,NA,NA,NA,"Gnathostomata","Osteichthyes","Actinopterygii",NA,NA,NA
"769",273885,"species","Animalia",NA,NA,NA,"Teleostei",NA,"Perciformes","Epinephelidae",NA,NA,"Mycteroperca","Mycteroperca venenosa",NA,NA,"Chordata","Vertebrata","Actinopteri",NA,"Percoidei",NA,NA,NA,NA,NA,NA,"Gnathostomata","Osteichthyes","Actinopterygii",NA,NA,NA
"770",273890,"species","Animalia",NA,NA,NA,"Teleostei",NA,"Perciformes","Serranidae",NA,NA,"Serranus","Serranus annularis",NA,NA,"Chordata","Vertebrata","Actinopteri",NA,"Percoidei",NA,NA,NA,NA,NA,NA,"Gnathostomata","Osteichthyes","Actinopterygii",NA,NA,NA
"771",273893,"species","Animalia",NA,NA,NA,"Teleostei",NA,"Perciformes","Serranidae",NA,NA,"Serranus","Serranus baldwini",NA,NA,"Chordata","Vertebrata","Actinopteri",NA,"Percoidei",NA,NA,NA,NA,NA,NA,"Gnathostomata","Osteichthyes","Actinopterygii",NA,NA,NA
"772",273896,"species","Animalia",NA,NA,NA,"Teleostei",NA,"Perciformes","Serranidae",NA,NA,"Serranus","Serranus flaviventris",NA,NA,"Chordata","Vertebrata","Actinopteri",NA,"Percoidei",NA,NA,NA,NA,NA,NA,"Gnathostomata","Osteichthyes","Actinopterygii",NA,NA,NA
"773",273908,"species","Animalia",NA,NA,NA,"Teleostei",NA,"Perciformes","Serranidae",NA,NA,"Serranus","Serranus tabacarius",NA,NA,"Chordata","Vertebrata","Actinopteri",NA,"Percoidei",NA,NA,NA,NA,NA,NA,"Gnathostomata","Osteichthyes","Actinopterygii",NA,NA,NA
"774",273909,"species","Animalia",NA,NA,NA,"Teleostei",NA,"Perciformes","Serranidae",NA,NA,"Serranus","Serranus tigrinus",NA,NA,"Chordata","Vertebrata","Actinopteri",NA,"Percoidei",NA,NA,NA,NA,NA,NA,"Gnathostomata","Osteichthyes","Actinopterygii",NA,NA,NA
"775",273910,"species","Animalia",NA,NA,NA,"Teleostei",NA,"Perciformes","Serranidae",NA,NA,"Serranus","Serranus tortugarum",NA,NA,"Chordata","Vertebrata","Actinopteri",NA,"Percoidei",NA,NA,NA,NA,NA,NA,"Gnathostomata","Osteichthyes","Actinopterygii",NA,NA,NA
"776",273972,"species","Animalia",NA,NA,NA,"Teleostei",NA,"Eupercaria incertae sedis","Sparidae",NA,NA,"Diplodus","Diplodus holbrookii",NA,NA,"Chordata","Vertebrata","Actinopteri",NA,NA,NA,NA,NA,NA,NA,NA,"Gnathostomata","Osteichthyes","Actinopterygii",NA,NA,NA
"777",274187,"species","Animalia",NA,NA,NA,"Teleostei",NA,"Pleuronectiformes","Bothidae",NA,NA,"Bothus","Bothus lunatus",NA,NA,"Chordata","Vertebrata","Actinopteri",NA,NA,NA,NA,NA,NA,NA,NA,"Gnathostomata","Osteichthyes","Actinopterygii",NA,NA,NA
"778",274188,"species","Animalia",NA,NA,NA,"Teleostei",NA,"Pleuronectiformes","Bothidae",NA,NA,"Bothus","Bothus maculiferus",NA,NA,"Chordata","Vertebrata","Actinopteri",NA,NA,NA,NA,NA,NA,NA,NA,"Gnathostomata","Osteichthyes","Actinopterygii",NA,NA,NA
"779",274711,"species","Animalia",NA,NA,NA,"Teleostei",NA,"Perciformes","Scorpaenidae","Scorpaeninae",NA,"Scorpaena","Scorpaena grandicornis",NA,NA,"Chordata","Vertebrata","Actinopteri",NA,"Scorpaenoidei",NA,NA,NA,NA,NA,NA,"Gnathostomata","Osteichthyes","Actinopterygii",NA,NA,NA
"780",274743,"species","Animalia",NA,NA,NA,"Teleostei",NA,"Perciformes","Scorpaenidae","Scorpaeninae",NA,"Scorpaenodes","Scorpaenodes caribbaeus",NA,NA,"Chordata","Vertebrata","Actinopteri",NA,"Scorpaenoidei",NA,NA,NA,NA,NA,NA,"Gnathostomata","Osteichthyes","Actinopterygii",NA,NA,NA
"781",275219,"species","Animalia",NA,NA,NA,"Teleostei",NA,"Syngnathiformes","Syngnathidae","Syngnathinae",NA,"Syngnathus","Syngnathus caribbaeus",NA,NA,"Chordata","Vertebrata","Actinopteri",NA,NA,NA,NA,NA,NA,NA,NA,"Gnathostomata","Osteichthyes","Actinopterygii",NA,NA,NA
"782",275232,"Species","Animalia",NA,NA,NA,"Teleostei",NA,"Syngnathiformes","Syngnathidae","Syngnathinae",NA,"Syngnathus","Syngnathus scovelli",NA,NA,"Chordata","Vertebrata","Actinopteri",NA,NA,NA,NA,NA,NA,NA,NA,"Gnathostomata","Osteichthyes","Actinopterygii",NA,NA,NA
"783",275239,"species","Animalia",NA,NA,NA,"Teleostei",NA,"Tetraodontiformes","Diodontidae",NA,NA,"Chilomycterus","Chilomycterus antennatus",NA,NA,"Chordata","Vertebrata","Actinopteri",NA,NA,NA,NA,NA,NA,NA,NA,"Gnathostomata","Osteichthyes","Actinopterygii",NA,NA,NA
"784",275240,"species","Animalia",NA,NA,NA,"Teleostei",NA,"Tetraodontiformes","Diodontidae",NA,NA,"Chilomycterus","Chilomycterus antillarum",NA,NA,"Chordata","Vertebrata","Actinopteri",NA,NA,NA,NA,NA,NA,NA,NA,"Gnathostomata","Osteichthyes","Actinopterygii",NA,NA,NA
"785",275276,"species","Animalia",NA,NA,NA,"Teleostei",NA,"Tetraodontiformes","Tetraodontidae",NA,NA,"Sphoeroides","Sphoeroides greeleyi",NA,NA,"Chordata","Vertebrata","Actinopteri",NA,NA,NA,NA,NA,NA,NA,NA,"Gnathostomata","Osteichthyes","Actinopterygii",NA,NA,NA
"786",275721,"species","Animalia",NA,NA,NA,"Teleostei",NA,"Eupercaria incertae sedis","Haemulidae","Haemulinae",NA,"Haemulon","Haemulon album",NA,NA,"Chordata","Vertebrata","Actinopteri",NA,NA,NA,NA,NA,NA,NA,NA,"Gnathostomata","Osteichthyes","Actinopterygii",NA,NA,NA
"787",275724,"species","Animalia",NA,NA,NA,"Teleostei",NA,"Eupercaria incertae sedis","Haemulidae","Haemulinae",NA,"Haemulon","Haemulon carbonarium",NA,NA,"Chordata","Vertebrata","Actinopteri",NA,NA,NA,NA,NA,NA,NA,NA,"Gnathostomata","Osteichthyes","Actinopterygii",NA,NA,NA
"788",275725,"species","Animalia",NA,NA,NA,"Teleostei",NA,"Eupercaria incertae sedis","Haemulidae","Haemulinae",NA,"Haemulon","Haemulon chrysargyreum",NA,NA,"Chordata","Vertebrata","Actinopteri",NA,NA,NA,NA,NA,NA,NA,NA,"Gnathostomata","Osteichthyes","Actinopterygii",NA,NA,NA
"789",275727,"species","Animalia",NA,NA,NA,"Teleostei",NA,"Eupercaria incertae sedis","Haemulidae","Haemulinae",NA,"Haemulon","Haemulon flavolineatum",NA,NA,"Chordata","Vertebrata","Actinopteri",NA,NA,NA,NA,NA,NA,NA,NA,"Gnathostomata","Osteichthyes","Actinopterygii",NA,NA,NA
"790",275728,"species","Animalia",NA,NA,NA,"Teleostei",NA,"Eupercaria incertae sedis","Haemulidae","Haemulinae",NA,"Haemulon","Haemulon macrostomum",NA,NA,"Chordata","Vertebrata","Actinopteri",NA,NA,NA,NA,NA,NA,NA,NA,"Gnathostomata","Osteichthyes","Actinopterygii",NA,NA,NA
"791",275730,"species","Animalia",NA,NA,NA,"Teleostei",NA,"Eupercaria incertae sedis","Haemulidae","Haemulinae",NA,"Haemulon","Haemulon melanurum",NA,NA,"Chordata","Vertebrata","Actinopteri",NA,NA,NA,NA,NA,NA,NA,NA,"Gnathostomata","Osteichthyes","Actinopterygii",NA,NA,NA
"792",275731,"species","Animalia",NA,NA,NA,"Teleostei",NA,"Eupercaria incertae sedis","Haemulidae","Haemulinae",NA,"Haemulon","Haemulon parra",NA,NA,"Chordata","Vertebrata","Actinopteri",NA,NA,NA,NA,NA,NA,NA,NA,"Gnathostomata","Osteichthyes","Actinopterygii",NA,NA,NA
"793",275733,"species","Animalia",NA,NA,NA,"Teleostei",NA,"Eupercaria incertae sedis","Haemulidae","Haemulinae",NA,"Haemulon","Haemulon sciurus",NA,NA,"Chordata","Vertebrata","Actinopteri",NA,NA,NA,NA,NA,NA,NA,NA,"Gnathostomata","Osteichthyes","Actinopterygii",NA,NA,NA
"794",275754,"species","Animalia",NA,NA,NA,"Teleostei",NA,"Eupercaria incertae sedis","Labridae",NA,NA,"Halichoeres","Halichoeres brasiliensis",NA,NA,"Chordata","Vertebrata","Actinopteri",NA,NA,NA,NA,NA,NA,NA,NA,"Gnathostomata","Osteichthyes","Actinopterygii",NA,NA,NA
"795",275760,"species","Animalia",NA,NA,NA,"Teleostei",NA,"Eupercaria incertae sedis","Labridae",NA,NA,"Halichoeres","Halichoeres cyanocephalus",NA,NA,"Chordata","Vertebrata","Actinopteri",NA,NA,NA,NA,NA,NA,NA,NA,"Gnathostomata","Osteichthyes","Actinopterygii",NA,NA,NA
"796",275764,"species","Animalia",NA,NA,NA,"Teleostei",NA,"Eupercaria incertae sedis","Labridae",NA,NA,"Halichoeres","Halichoeres garnoti",NA,NA,"Chordata","Vertebrata","Actinopteri",NA,NA,NA,NA,NA,NA,NA,NA,"Gnathostomata","Osteichthyes","Actinopterygii",NA,NA,NA
"797",275772,"species","Animalia",NA,NA,NA,"Teleostei",NA,"Eupercaria incertae sedis","Labridae",NA,NA,"Halichoeres","Halichoeres maculipinna",NA,NA,"Chordata","Vertebrata","Actinopteri",NA,NA,NA,NA,NA,NA,NA,NA,"Gnathostomata","Osteichthyes","Actinopterygii",NA,NA,NA
"798",275787,"species","Animalia",NA,NA,NA,"Teleostei",NA,"Eupercaria incertae sedis","Labridae",NA,NA,"Halichoeres","Halichoeres penrosei",NA,NA,"Chordata","Vertebrata","Actinopteri",NA,NA,NA,NA,NA,NA,NA,NA,"Gnathostomata","Osteichthyes","Actinopterygii",NA,NA,NA
"799",275788,"species","Animalia",NA,NA,NA,"Teleostei",NA,"Eupercaria incertae sedis","Labridae",NA,NA,"Halichoeres","Halichoeres pictus",NA,NA,"Chordata","Vertebrata","Actinopteri",NA,NA,NA,NA,NA,NA,NA,NA,"Gnathostomata","Osteichthyes","Actinopterygii",NA,NA,NA
"800",275790,"species","Animalia",NA,NA,NA,"Teleostei",NA,"Eupercaria incertae sedis","Labridae",NA,NA,"Halichoeres","Halichoeres poeyi",NA,NA,"Chordata","Vertebrata","Actinopteri",NA,NA,NA,NA,NA,NA,NA,NA,"Gnathostomata","Osteichthyes","Actinopterygii",NA,NA,NA
"801",275793,"species","Animalia",NA,NA,NA,"Teleostei",NA,"Eupercaria incertae sedis","Labridae",NA,NA,"Halichoeres","Halichoeres radiatus",NA,NA,"Chordata","Vertebrata","Actinopteri",NA,NA,NA,NA,NA,NA,NA,NA,"Gnathostomata","Osteichthyes","Actinopterygii",NA,NA,NA
"802",275800,"species","Animalia",NA,NA,NA,"Teleostei",NA,"Eupercaria incertae sedis","Labridae",NA,NA,"Halichoeres","Halichoeres socialis",NA,NA,"Chordata","Vertebrata","Actinopteri",NA,NA,NA,NA,NA,NA,NA,NA,"Gnathostomata","Osteichthyes","Actinopterygii",NA,NA,NA
"803",275874,"species","Animalia",NA,NA,NA,"Teleostei",NA,"Tetraodontiformes","Ostraciidae",NA,NA,"Lactophrys","Lactophrys bicaudalis",NA,NA,"Chordata","Vertebrata","Actinopteri",NA,NA,NA,NA,NA,NA,NA,NA,"Gnathostomata","Osteichthyes","Actinopterygii",NA,NA,NA
"804",275954,"species","Animalia",NA,NA,NA,"Teleostei",NA,"Perciformes","Epinephelidae",NA,NA,"Liopropoma","Liopropoma rubre",NA,NA,"Chordata","Vertebrata","Actinopteri",NA,"Percoidei",NA,NA,NA,NA,NA,NA,"Gnathostomata","Osteichthyes","Actinopterygii",NA,NA,NA
"805",275958,"species","Animalia",NA,NA,NA,"Teleostei",NA,"Perciformes","Grammistidae",NA,NA,"Rypticus","Rypticus bistrispinus",NA,NA,"Chordata","Vertebrata","Actinopteri",NA,"Percoidei",NA,NA,NA,NA,NA,NA,"Gnathostomata","Osteichthyes","Actinopterygii",NA,NA,NA
"806",275963,"species","Animalia",NA,NA,NA,"Teleostei",NA,"Perciformes","Grammistidae",NA,NA,"Rypticus","Rypticus saponaceus",NA,NA,"Chordata","Vertebrata","Actinopteri",NA,"Percoidei",NA,NA,NA,NA,NA,NA,"Gnathostomata","Osteichthyes","Actinopterygii",NA,NA,NA
"807",275964,"species","Animalia",NA,NA,NA,"Teleostei",NA,"Perciformes","Grammistidae",NA,NA,"Rypticus","Rypticus subbifrenatus",NA,NA,"Chordata","Vertebrata","Actinopteri",NA,"Percoidei",NA,NA,NA,NA,NA,NA,"Gnathostomata","Osteichthyes","Actinopterygii",NA,NA,NA
"808",276012,"species","Animalia",NA,NA,NA,"Teleostei",NA,"Acanthuriformes","Pomacanthidae",NA,NA,"Holacanthus","Holacanthus ciliaris",NA,NA,"Chordata","Vertebrata","Actinopteri",NA,NA,NA,NA,NA,NA,NA,NA,"Gnathostomata","Osteichthyes","Actinopterygii",NA,NA,NA
"809",276017,"species","Animalia",NA,NA,NA,"Teleostei",NA,"Acanthuriformes","Pomacanthidae",NA,NA,"Holacanthus","Holacanthus tricolor",NA,NA,"Chordata","Vertebrata","Actinopteri",NA,NA,NA,NA,NA,NA,NA,NA,"Gnathostomata","Osteichthyes","Actinopterygii",NA,NA,NA
"810",276025,"species","Animalia",NA,NA,NA,"Teleostei",NA,"Acanthuriformes","Pomacanthidae",NA,NA,"Pomacanthus","Pomacanthus paru",NA,NA,"Chordata","Vertebrata","Actinopteri",NA,NA,NA,NA,NA,NA,NA,NA,"Gnathostomata","Osteichthyes","Actinopterygii",NA,NA,NA
"811",276042,"species","Animalia",NA,NA,NA,"Teleostei",NA,"Eupercaria incertae sedis","Scaridae","Scarinae",NA,"Scarus","Scarus coelestinus",NA,NA,"Chordata","Vertebrata","Actinopteri",NA,NA,NA,NA,NA,NA,NA,NA,"Gnathostomata","Osteichthyes","Actinopterygii",NA,NA,NA
"812",276049,"species","Animalia",NA,NA,NA,"Teleostei",NA,"Eupercaria incertae sedis","Scaridae","Scarinae",NA,"Scarus","Scarus guacamaia",NA,NA,"Chordata","Vertebrata","Actinopteri",NA,NA,NA,NA,NA,NA,NA,NA,"Gnathostomata","Osteichthyes","Actinopterygii",NA,NA,NA
"813",276052,"species","Animalia",NA,NA,NA,"Teleostei",NA,"Eupercaria incertae sedis","Scaridae","Scarinae",NA,"Scarus","Scarus iseri",NA,NA,"Chordata","Vertebrata","Actinopteri",NA,NA,NA,NA,NA,NA,NA,NA,"Gnathostomata","Osteichthyes","Actinopterygii",NA,NA,NA
"814",276058,"species","Animalia",NA,NA,NA,"Teleostei",NA,"Eupercaria incertae sedis","Labridae","Scarinae","Scarini","Scarus","Scarus quoyi",NA,NA,"Chordata","Vertebrata","Actinopteri",NA,NA,NA,NA,NA,NA,NA,NA,"Gnathostomata","Osteichthyes","Actinopterygii",NA,NA,NA
"815",276062,"species","Animalia",NA,NA,NA,"Teleostei",NA,"Eupercaria incertae sedis","Scaridae","Scarinae",NA,"Scarus","Scarus taeniopterus",NA,NA,"Chordata","Vertebrata","Actinopteri",NA,NA,NA,NA,NA,NA,NA,NA,"Gnathostomata","Osteichthyes","Actinopterygii",NA,NA,NA
"816",276064,"species","Animalia",NA,NA,NA,"Teleostei",NA,"Eupercaria incertae sedis","Scaridae","Scarinae",NA,"Scarus","Scarus vetula",NA,NA,"Chordata","Vertebrata","Actinopteri",NA,NA,NA,NA,NA,NA,NA,NA,"Gnathostomata","Osteichthyes","Actinopterygii",NA,NA,NA
"817",276066,"species","Animalia",NA,NA,NA,"Teleostei",NA,"Eupercaria incertae sedis","Scaridae","Scarinae",NA,"Scarus","Scarus zelindae",NA,NA,"Chordata","Vertebrata","Actinopteri",NA,NA,NA,NA,NA,NA,NA,NA,"Gnathostomata","Osteichthyes","Actinopterygii",NA,NA,NA
"818",276097,"species","Animalia",NA,NA,NA,"Teleostei",NA,"Eupercaria incertae sedis","Sciaenidae",NA,NA,"Equetus","Equetus punctatus",NA,NA,"Chordata","Vertebrata","Actinopteri",NA,NA,NA,NA,NA,NA,NA,NA,"Gnathostomata","Osteichthyes","Actinopterygii",NA,NA,NA
"819",276134,"Species","Animalia",NA,NA,NA,"Teleostei",NA,"Cyprinodontiformes","Poeciliidae","Poeciliinae",NA,"Gambusia","Gambusia holbrooki",NA,NA,"Chordata","Vertebrata","Actinopteri",NA,NA,NA,NA,NA,NA,NA,NA,"Gnathostomata","Osteichthyes","Actinopterygii",NA,NA,NA
"820",276176,"species","Animalia",NA,NA,NA,"Teleostei",NA,"Perciformes","Serranidae",NA,NA,"Diplectrum","Diplectrum bivittatum",NA,NA,"Chordata","Vertebrata","Actinopteri",NA,"Percoidei",NA,NA,NA,NA,NA,NA,"Gnathostomata","Osteichthyes","Actinopterygii",NA,NA,NA
"821",276184,"species","Animalia",NA,NA,NA,"Teleostei",NA,"Perciformes","Serranidae",NA,NA,"Diplectrum","Diplectrum radiale",NA,NA,"Chordata","Vertebrata","Actinopteri",NA,"Percoidei",NA,NA,NA,NA,NA,NA,"Gnathostomata","Osteichthyes","Actinopterygii",NA,NA,NA
"822",276189,"species","Animalia",NA,NA,NA,"Teleostei",NA,"Holocentriformes","Holocentridae","Holocentrinae",NA,"Holocentrus","Holocentrus rufus",NA,NA,"Chordata","Vertebrata","Actinopteri",NA,NA,NA,NA,NA,NA,NA,NA,"Gnathostomata","Osteichthyes","Actinopterygii",NA,NA,NA
"823",276205,"species","Animalia",NA,NA,NA,"Teleostei",NA,"Holocentriformes","Holocentridae","Holocentrinae",NA,"Neoniphon","Neoniphon marianus",NA,NA,"Chordata","Vertebrata","Actinopteri",NA,NA,NA,NA,NA,NA,NA,NA,"Gnathostomata","Osteichthyes","Actinopterygii",NA,NA,NA
"824",276250,"species","Animalia",NA,NA,NA,"Teleostei",NA,"Tetraodontiformes","Monacanthidae",NA,NA,"Cantherhines","Cantherhines macrocerus",NA,NA,"Chordata","Vertebrata","Actinopteri",NA,NA,NA,NA,NA,NA,NA,NA,"Gnathostomata","Osteichthyes","Actinopterygii",NA,NA,NA
"825",276314,"species","Animalia",NA,NA,NA,"Teleostei",NA,"Blenniiformes","Blenniidae","Salariinae",NA,"Hypleurochilus","Hypleurochilus fissicornis",NA,NA,"Chordata","Vertebrata","Actinopteri",NA,NA,NA,NA,NA,NA,NA,NA,"Gnathostomata","Osteichthyes","Actinopterygii",NA,NA,NA
"826",276423,"species","Animalia",NA,NA,NA,"Teleostei",NA,"Eupercaria incertae sedis","Gerreidae",NA,NA,"Eucinostomus","Eucinostomus melanopterus",NA,NA,"Chordata","Vertebrata","Actinopteri",NA,NA,NA,NA,NA,NA,NA,NA,"Gnathostomata","Osteichthyes","Actinopterygii",NA,NA,NA
"827",276424,"species","Animalia",NA,NA,NA,"Teleostei",NA,"Gobiiformes","Gobiidae","Gobiinae",NA,"Coryphopterus","Coryphopterus alloides",NA,NA,"Chordata","Vertebrata","Actinopteri",NA,NA,NA,NA,NA,NA,NA,NA,"Gnathostomata","Osteichthyes","Actinopterygii",NA,NA,NA
"828",276425,"species","Animalia",NA,NA,NA,"Teleostei",NA,"Gobiiformes","Gobiidae","Gobiinae",NA,"Coryphopterus","Coryphopterus dicrus",NA,NA,"Chordata","Vertebrata","Actinopteri",NA,NA,NA,NA,NA,NA,NA,NA,"Gnathostomata","Osteichthyes","Actinopterygii",NA,NA,NA
"829",276426,"species","Animalia",NA,NA,NA,"Teleostei",NA,"Gobiiformes","Gobiidae","Gobiinae",NA,"Coryphopterus","Coryphopterus eidolon",NA,NA,"Chordata","Vertebrata","Actinopteri",NA,NA,NA,NA,NA,NA,NA,NA,"Gnathostomata","Osteichthyes","Actinopterygii",NA,NA,NA
"830",276429,"species","Animalia",NA,NA,NA,"Teleostei",NA,"Gobiiformes","Gobiidae","Gobiinae",NA,"Coryphopterus","Coryphopterus hyalinus",NA,NA,"Chordata","Vertebrata","Actinopteri",NA,NA,NA,NA,NA,NA,NA,NA,"Gnathostomata","Osteichthyes","Actinopterygii",NA,NA,NA
"831",276430,"species","Animalia",NA,NA,NA,"Teleostei",NA,"Gobiiformes","Gobiidae","Gobiinae",NA,"Coryphopterus","Coryphopterus kuna",NA,NA,"Chordata","Vertebrata","Actinopteri",NA,NA,NA,NA,NA,NA,NA,NA,"Gnathostomata","Osteichthyes","Actinopterygii",NA,NA,NA
"832",276431,"species","Animalia",NA,NA,NA,"Teleostei",NA,"Gobiiformes","Gobiidae","Gobiinae",NA,"Coryphopterus","Coryphopterus lipernes",NA,NA,"Chordata","Vertebrata","Actinopteri",NA,NA,NA,NA,NA,NA,NA,NA,"Gnathostomata","Osteichthyes","Actinopterygii",NA,NA,NA
"833",276432,"species","Animalia",NA,NA,NA,"Teleostei",NA,"Gobiiformes","Gobiidae","Gobiinae",NA,"Coryphopterus","Coryphopterus personatus",NA,NA,"Chordata","Vertebrata","Actinopteri",NA,NA,NA,NA,NA,NA,NA,NA,"Gnathostomata","Osteichthyes","Actinopterygii",NA,NA,NA
"834",276434,"species","Animalia",NA,NA,NA,"Teleostei",NA,"Gobiiformes","Gobiidae","Gobiinae",NA,"Coryphopterus","Coryphopterus thrix",NA,NA,"Chordata","Vertebrata","Actinopteri",NA,NA,NA,NA,NA,NA,NA,NA,"Gnathostomata","Osteichthyes","Actinopterygii",NA,NA,NA
"835",276442,"species","Animalia",NA,NA,NA,"Teleostei",NA,"Ovalentaria incertae sedis","Opistognathidae",NA,NA,"Opistognathus","Opistognathus aurifrons",NA,NA,"Chordata","Vertebrata","Actinopteri",NA,NA,NA,NA,NA,NA,NA,NA,"Gnathostomata","Osteichthyes","Actinopterygii",NA,NA,NA
"836",276463,"species","Animalia",NA,NA,NA,"Teleostei",NA,"Ovalentaria incertae sedis","Opistognathidae",NA,NA,"Opistognathus","Opistognathus macrognathus",NA,NA,"Chordata","Vertebrata","Actinopteri",NA,NA,NA,NA,NA,NA,NA,NA,"Gnathostomata","Osteichthyes","Actinopterygii",NA,NA,NA
"837",276480,"species","Animalia",NA,NA,NA,"Teleostei",NA,"Ovalentaria incertae sedis","Opistognathidae",NA,NA,"Opistognathus","Opistognathus whitehursti",NA,NA,"Chordata","Vertebrata","Actinopteri",NA,NA,NA,NA,NA,NA,NA,NA,"Gnathostomata","Osteichthyes","Actinopterygii",NA,NA,NA
"838",276488,"species","Animalia",NA,NA,NA,"Teleostei",NA,"Gobiiformes","Gobiidae","Gobionellinae",NA,"Ctenogobius","Ctenogobius saepepallens",NA,NA,"Chordata","Vertebrata","Actinopteri",NA,NA,NA,NA,NA,NA,NA,NA,"Gnathostomata","Osteichthyes","Actinopterygii",NA,NA,NA
"839",276659,"species","Animalia",NA,NA,NA,"Teleostei",NA,"Ovalentaria incertae sedis","Pomacentridae",NA,NA,"Stegastes","Stegastes adustus",NA,NA,"Chordata","Vertebrata","Actinopteri",NA,NA,NA,NA,NA,NA,NA,NA,"Gnathostomata","Osteichthyes","Actinopterygii",NA,NA,NA
"840",276666,"species","Animalia",NA,NA,NA,"Teleostei",NA,"Ovalentaria incertae sedis","Pomacentridae",NA,NA,"Stegastes","Stegastes diencaeus",NA,NA,"Chordata","Vertebrata","Actinopteri",NA,NA,NA,NA,NA,NA,NA,NA,"Gnathostomata","Osteichthyes","Actinopterygii",NA,NA,NA
"841",276669,"species","Animalia",NA,NA,NA,"Teleostei",NA,"Ovalentaria incertae sedis","Pomacentridae",NA,NA,"Stegastes","Stegastes fuscus",NA,NA,"Chordata","Vertebrata","Actinopteri",NA,NA,NA,NA,NA,NA,NA,NA,"Gnathostomata","Osteichthyes","Actinopterygii",NA,NA,NA
"842",276677,"species","Animalia",NA,NA,NA,"Teleostei",NA,"Ovalentaria incertae sedis","Pomacentridae",NA,NA,"Stegastes","Stegastes partitus",NA,NA,"Chordata","Vertebrata","Actinopteri",NA,NA,NA,NA,NA,NA,NA,NA,"Gnathostomata","Osteichthyes","Actinopterygii",NA,NA,NA
"843",276678,"species","Animalia",NA,NA,NA,"Teleostei",NA,"Ovalentaria incertae sedis","Pomacentridae",NA,NA,"Stegastes","Stegastes pictus",NA,NA,"Chordata","Vertebrata","Actinopteri",NA,NA,NA,NA,NA,NA,NA,NA,"Gnathostomata","Osteichthyes","Actinopterygii",NA,NA,NA
"844",276679,"species","Animalia",NA,NA,NA,"Teleostei",NA,"Ovalentaria incertae sedis","Pomacentridae",NA,NA,"Stegastes","Stegastes planifrons",NA,NA,"Chordata","Vertebrata","Actinopteri",NA,NA,NA,NA,NA,NA,NA,NA,"Gnathostomata","Osteichthyes","Actinopterygii",NA,NA,NA
"845",276688,"species","Animalia",NA,NA,NA,"Teleostei",NA,"Ovalentaria incertae sedis","Pomacentridae",NA,NA,"Stegastes","Stegastes variabilis",NA,NA,"Chordata","Vertebrata","Actinopteri",NA,NA,NA,NA,NA,NA,NA,NA,"Gnathostomata","Osteichthyes","Actinopterygii",NA,NA,NA
"846",276769,"species","Animalia",NA,NA,NA,"Teleostei",NA,"Gobiiformes","Gobiidae","Gobiinae",NA,"Priolepis","Priolepis hipoliti",NA,NA,"Chordata","Vertebrata","Actinopteri",NA,NA,NA,NA,NA,NA,NA,NA,"Gnathostomata","Osteichthyes","Actinopterygii",NA,NA,NA
"847",276954,"species","Animalia",NA,NA,NA,"Teleostei",NA,"Eupercaria incertae sedis","Gerreidae",NA,NA,"Gerres","Gerres cinereus",NA,NA,"Chordata","Vertebrata","Actinopteri",NA,NA,NA,NA,NA,NA,NA,NA,"Gnathostomata","Osteichthyes","Actinopterygii",NA,NA,NA
"848",277068,"species","Animalia",NA,NA,NA,"Teleostei",NA,"Acropomatiformes","Pempheridae",NA,NA,"Pempheris","Pempheris schomburgkii",NA,NA,"Chordata","Vertebrata","Actinopteri",NA,NA,NA,NA,NA,NA,NA,NA,"Gnathostomata","Osteichthyes","Actinopterygii",NA,NA,NA
"849",277118,"species","Animalia",NA,NA,NA,"Teleostei",NA,"Eupercaria incertae sedis","Scaridae","Sparisomatinae",NA,"Cryptotomus","Cryptotomus roseus",NA,NA,"Chordata","Vertebrata","Actinopteri",NA,NA,NA,NA,NA,NA,NA,NA,"Gnathostomata","Osteichthyes","Actinopterygii",NA,NA,NA
"850",277120,"species","Animalia",NA,NA,NA,"Teleostei",NA,"Gobiiformes","Microdesmidae","Ptereleotrinae",NA,"Ptereleotris","Ptereleotris calliura",NA,NA,"Chordata","Vertebrata","Actinopteri",NA,NA,NA,NA,NA,NA,NA,NA,"Gnathostomata","Osteichthyes","Actinopterygii",NA,NA,NA
"851",277123,"species","Animalia",NA,NA,NA,"Teleostei",NA,"Gobiiformes","Microdesmidae","Ptereleotrinae",NA,"Ptereleotris","Ptereleotris helenae",NA,NA,"Chordata","Vertebrata","Actinopteri",NA,NA,NA,NA,NA,NA,NA,NA,"Gnathostomata","Osteichthyes","Actinopterygii",NA,NA,NA
"852",277261,"species","Animalia",NA,NA,NA,"Teleostei",NA,"Eupercaria incertae sedis","Malacanthidae","Malacanthinae",NA,"Malacanthus","Malacanthus plumieri",NA,NA,"Chordata","Vertebrata","Actinopteri",NA,NA,NA,NA,NA,NA,NA,NA,"Gnathostomata","Osteichthyes","Actinopterygii",NA,NA,NA
"853",277493,"species","Animalia",NA,NA,NA,"Teleostei",NA,"Gobiiformes","Gobiidae","Gobionellinae",NA,"Gnatholepis","Gnatholepis thompsoni",NA,NA,"Chordata","Vertebrata","Actinopteri",NA,NA,NA,NA,NA,NA,NA,NA,"Gnathostomata","Osteichthyes","Actinopterygii",NA,NA,NA
"854",277551,"species","Animalia",NA,NA,NA,"Teleostei",NA,"Clupeiformes","Dorosomatidae",NA,NA,"Harengula","Harengula jaguana",NA,NA,"Chordata","Vertebrata","Actinopteri",NA,NA,NA,NA,NA,NA,NA,NA,"Gnathostomata","Osteichthyes","Actinopterygii",NA,NA,NA
"855",277569,"species","Animalia",NA,NA,NA,"Teleostei",NA,"Centrarchiformes","Cirrhitidae",NA,NA,"Amblycirrhitus","Amblycirrhitus pinos",NA,NA,"Chordata","Vertebrata","Actinopteri",NA,NA,NA,NA,NA,NA,NA,NA,"Gnathostomata","Osteichthyes","Actinopterygii",NA,NA,NA
"856",277991,"species","Animalia",NA,NA,NA,"Teleostei",NA,"Mulliformes","Mullidae",NA,NA,"Mulloidichthys","Mulloidichthys martinicus",NA,NA,"Chordata","Vertebrata","Actinopteri",NA,NA,NA,NA,NA,NA,NA,NA,"Gnathostomata","Osteichthyes","Actinopterygii",NA,NA,NA
"857",278055,"species","Animalia",NA,NA,NA,"Teleostei",NA,"Syngnathiformes","Syngnathidae","Syngnathinae",NA,"Cosmocampus","Cosmocampus albirostris",NA,NA,"Chordata","Vertebrata","Actinopteri",NA,NA,NA,NA,NA,NA,NA,NA,"Gnathostomata","Osteichthyes","Actinopterygii",NA,NA,NA
"858",278059,"species","Animalia",NA,NA,NA,"Teleostei",NA,"Syngnathiformes","Syngnathidae","Syngnathinae",NA,"Cosmocampus","Cosmocampus elucens",NA,NA,"Chordata","Vertebrata","Actinopteri",NA,NA,NA,NA,NA,NA,NA,NA,"Gnathostomata","Osteichthyes","Actinopterygii",NA,NA,NA
"859",278080,"species","Animalia",NA,NA,NA,"Teleostei",NA,"Syngnathiformes","Aulostomidae",NA,NA,"Aulostomus","Aulostomus maculatus",NA,NA,"Chordata","Vertebrata","Actinopteri",NA,NA,NA,NA,NA,NA,NA,NA,"Gnathostomata","Osteichthyes","Actinopterygii",NA,NA,NA
"860",278676,"species","Animalia",NA,NA,NA,"Teleostei",NA,"Anguilliformes","Muraenidae","Muraeninae",NA,"Echidna","Echidna catenata",NA,NA,"Chordata","Vertebrata","Actinopteri",NA,NA,NA,NA,NA,NA,NA,NA,"Gnathostomata","Osteichthyes","Actinopterygii",NA,NA,NA
"861",278827,"species","Animalia",NA,NA,NA,"Teleostei",NA,"Acanthuriformes","Pomacanthidae",NA,NA,"Centropyge","Centropyge argi",NA,NA,"Chordata","Vertebrata","Actinopteri",NA,NA,NA,NA,NA,NA,NA,NA,"Gnathostomata","Osteichthyes","Actinopterygii",NA,NA,NA
"862",279146,"species","Animalia",NA,NA,NA,"Teleostei",NA,"Perciformes","Epinephelidae",NA,NA,"Cephalopholis","Cephalopholis cruentata",NA,NA,"Chordata","Vertebrata","Actinopteri",NA,"Percoidei",NA,NA,NA,NA,NA,NA,"Gnathostomata","Osteichthyes","Actinopterygii",NA,NA,NA
"863",279148,"species","Animalia",NA,NA,NA,"Teleostei",NA,"Perciformes","Epinephelidae",NA,NA,"Cephalopholis","Cephalopholis fulva",NA,NA,"Chordata","Vertebrata","Actinopteri",NA,"Percoidei",NA,NA,NA,NA,NA,NA,"Gnathostomata","Osteichthyes","Actinopterygii",NA,NA,NA
"864",279443,"species","Animalia",NA,NA,NA,"Teleostei",NA,"Blenniiformes","Chaenopsidae",NA,NA,"Acanthemblemaria","Acanthemblemaria aspera",NA,NA,"Chordata","Vertebrata","Actinopteri",NA,NA,NA,NA,NA,NA,NA,NA,"Gnathostomata","Osteichthyes","Actinopterygii",NA,NA,NA
"865",279451,"species","Animalia",NA,NA,NA,"Teleostei",NA,"Blenniiformes","Chaenopsidae",NA,NA,"Acanthemblemaria","Acanthemblemaria greenfieldi",NA,NA,"Chordata","Vertebrata","Actinopteri",NA,NA,NA,NA,NA,NA,NA,NA,"Gnathostomata","Osteichthyes","Actinopterygii",NA,NA,NA
"866",279457,"species","Animalia",NA,NA,NA,"Teleostei",NA,"Blenniiformes","Chaenopsidae",NA,NA,"Acanthemblemaria","Acanthemblemaria maria",NA,NA,"Chordata","Vertebrata","Actinopteri",NA,NA,NA,NA,NA,NA,NA,NA,"Gnathostomata","Osteichthyes","Actinopterygii",NA,NA,NA
"867",279623,"species","Animalia",NA,NA,NA,"Teleostei",NA,"Eupercaria incertae sedis","Haemulidae","Haemulinae",NA,"Anisotremus","Anisotremus surinamensis",NA,NA,"Chordata","Vertebrata","Actinopteri",NA,NA,NA,NA,NA,NA,NA,NA,"Gnathostomata","Osteichthyes","Actinopterygii",NA,NA,NA
"868",279625,"species","Animalia",NA,NA,NA,"Teleostei",NA,"Eupercaria incertae sedis","Haemulidae","Haemulinae",NA,"Anisotremus","Anisotremus virginicus",NA,NA,"Chordata","Vertebrata","Actinopteri",NA,NA,NA,NA,NA,NA,NA,NA,"Gnathostomata","Osteichthyes","Actinopterygii",NA,NA,NA
"869",279773,"species","Animalia",NA,NA,NA,"Teleostei",NA,"Kurtiformes","Apogonidae","Apogoninae",NA,"Astrapogon","Astrapogon puncticulatus",NA,NA,"Chordata","Vertebrata","Actinopteri",NA,NA,NA,NA,NA,NA,NA,NA,"Gnathostomata","Osteichthyes","Actinopterygii",NA,NA,NA
"870",279774,"species","Animalia",NA,NA,NA,"Teleostei",NA,"Kurtiformes","Apogonidae","Apogoninae",NA,"Astrapogon","Astrapogon stellatus",NA,NA,"Chordata","Vertebrata","Actinopteri",NA,NA,NA,NA,NA,NA,NA,NA,"Gnathostomata","Osteichthyes","Actinopterygii",NA,NA,NA
"871",280064,"species","Animalia",NA,NA,NA,"Teleostei",NA,"Carangaria incertae sedis","Centropomidae",NA,NA,"Centropomus","Centropomus parallelus",NA,NA,"Chordata","Vertebrata","Actinopteri",NA,NA,NA,NA,NA,NA,NA,NA,"Gnathostomata","Osteichthyes","Actinopterygii",NA,NA,NA
"872",280105,"species","Animalia",NA,NA,NA,"Teleostei",NA,"Blenniiformes","Chaenopsidae",NA,NA,"Chaenopsis","Chaenopsis limbaughi",NA,NA,"Chordata","Vertebrata","Actinopteri",NA,NA,NA,NA,NA,NA,NA,NA,"Gnathostomata","Osteichthyes","Actinopterygii",NA,NA,NA
"873",280214,"species","Animalia",NA,NA,NA,"Teleostei",NA,"Eupercaria incertae sedis","Labridae",NA,NA,"Clepticus","Clepticus parrae",NA,NA,"Chordata","Vertebrata","Actinopteri",NA,NA,NA,NA,NA,NA,NA,NA,"Gnathostomata","Osteichthyes","Actinopterygii",NA,NA,NA
"874",280598,"species","Animalia",NA,NA,NA,"Teleostei",NA,"Gobiiformes","Gobiidae","Gobiinae",NA,"Elacatinus","Elacatinus chancei",NA,NA,"Chordata","Vertebrata","Actinopteri",NA,NA,NA,NA,NA,NA,NA,NA,"Gnathostomata","Osteichthyes","Actinopterygii",NA,NA,NA
"875",280600,"species","Animalia",NA,NA,NA,"Teleostei",NA,"Gobiiformes","Gobiidae","Gobiinae",NA,"Elacatinus","Elacatinus dilepis",NA,NA,"Chordata","Vertebrata","Actinopteri",NA,NA,NA,NA,NA,NA,NA,NA,"Gnathostomata","Osteichthyes","Actinopterygii",NA,NA,NA
"876",280601,"species","Animalia",NA,NA,NA,"Teleostei",NA,"Gobiiformes","Gobiidae","Gobiinae",NA,"Elacatinus","Elacatinus evelynae",NA,NA,"Chordata","Vertebrata","Actinopteri",NA,NA,NA,NA,NA,NA,NA,NA,"Gnathostomata","Osteichthyes","Actinopterygii",NA,NA,NA
"877",280602,"species","Animalia",NA,NA,NA,"Teleostei",NA,"Gobiiformes","Gobiidae","Gobiinae",NA,"Elacatinus","Elacatinus figaro",NA,NA,"Chordata","Vertebrata","Actinopteri",NA,NA,NA,NA,NA,NA,NA,NA,"Gnathostomata","Osteichthyes","Actinopterygii",NA,NA,NA
"878",280605,"species","Animalia",NA,NA,NA,"Teleostei",NA,"Gobiiformes","Gobiidae","Gobiinae",NA,"Elacatinus","Elacatinus horsti",NA,NA,"Chordata","Vertebrata","Actinopteri",NA,NA,NA,NA,NA,NA,NA,NA,"Gnathostomata","Osteichthyes","Actinopterygii",NA,NA,NA
"879",280606,"species","Animalia",NA,NA,NA,"Teleostei",NA,"Gobiiformes","Gobiidae","Gobiinae",NA,"Elacatinus","Elacatinus illecebrosus",NA,NA,"Chordata","Vertebrata","Actinopteri",NA,NA,NA,NA,NA,NA,NA,NA,"Gnathostomata","Osteichthyes","Actinopterygii",NA,NA,NA
"880",280616,"species","Animalia",NA,NA,NA,"Teleostei",NA,"Gobiiformes","Gobiidae","Gobiinae",NA,"Elacatinus","Elacatinus oceanops",NA,NA,"Chordata","Vertebrata","Actinopteri",NA,NA,NA,NA,NA,NA,NA,NA,"Gnathostomata","Osteichthyes","Actinopterygii",NA,NA,NA
"881",280619,"species","Animalia",NA,NA,NA,"Teleostei",NA,"Gobiiformes","Gobiidae","Gobiinae",NA,"Elacatinus","Elacatinus prochilos",NA,NA,"Chordata","Vertebrata","Actinopteri",NA,NA,NA,NA,NA,NA,NA,NA,"Gnathostomata","Osteichthyes","Actinopterygii",NA,NA,NA
"882",280621,"species","Animalia",NA,NA,NA,"Teleostei",NA,"Gobiiformes","Gobiidae","Gobiinae",NA,"Elacatinus","Elacatinus randalli",NA,NA,"Chordata","Vertebrata","Actinopteri",NA,NA,NA,NA,NA,NA,NA,NA,"Gnathostomata","Osteichthyes","Actinopterygii",NA,NA,NA
"883",280653,"species","Animalia",NA,NA,NA,"Teleostei",NA,"Blenniiformes","Chaenopsidae",NA,NA,"Emblemaria","Emblemaria pandionis",NA,NA,"Chordata","Vertebrata","Actinopteri",NA,NA,NA,NA,NA,NA,NA,NA,"Gnathostomata","Osteichthyes","Actinopterygii",NA,NA,NA
"884",280658,"species","Animalia",NA,NA,NA,"Teleostei",NA,"Blenniiformes","Chaenopsidae",NA,NA,"Emblemariopsis","Emblemariopsis bahamensis",NA,NA,"Chordata","Vertebrata","Actinopteri",NA,NA,NA,NA,NA,NA,NA,NA,"Gnathostomata","Osteichthyes","Actinopterygii",NA,NA,NA
"885",280663,"species","Animalia",NA,NA,NA,"Teleostei",NA,"Blenniiformes","Chaenopsidae",NA,NA,"Emblemariopsis","Emblemariopsis pricei",NA,NA,"Chordata","Vertebrata","Actinopteri",NA,NA,NA,NA,NA,NA,NA,NA,"Gnathostomata","Osteichthyes","Actinopterygii",NA,NA,NA
"886",280677,"species","Animalia",NA,NA,NA,"Teleostei",NA,"Blenniiformes","Tripterygiidae","Tripterygiinae",NA,"Enneanectes","Enneanectes altivelis",NA,NA,"Chordata","Vertebrata","Actinopteri",NA,NA,NA,NA,NA,NA,NA,NA,"Gnathostomata","Osteichthyes","Actinopterygii",NA,NA,NA
"887",280682,"species","Animalia",NA,NA,NA,"Teleostei",NA,"Blenniiformes","Tripterygiidae","Tripterygiinae",NA,"Enneanectes","Enneanectes pectoralis",NA,NA,"Chordata","Vertebrata","Actinopteri",NA,NA,NA,NA,NA,NA,NA,NA,"Gnathostomata","Osteichthyes","Actinopterygii",NA,NA,NA
"888",280932,"species","Animalia",NA,NA,NA,"Teleostei",NA,"Ovalentaria incertae sedis","Grammatidae",NA,NA,"Gramma","Gramma loreto",NA,NA,"Chordata","Vertebrata","Actinopteri",NA,NA,NA,NA,NA,NA,NA,NA,"Gnathostomata","Osteichthyes","Actinopterygii",NA,NA,NA
"889",281022,"species","Animalia",NA,NA,NA,"Teleostei",NA,"Blenniiformes","Chaenopsidae",NA,NA,"Hemiemblemaria","Hemiemblemaria simulus",NA,NA,"Chordata","Vertebrata","Actinopteri",NA,NA,NA,NA,NA,NA,NA,NA,"Gnathostomata","Osteichthyes","Actinopterygii",NA,NA,NA
"890",281112,"species","Animalia",NA,NA,NA,"Teleostei",NA,"Perciformes","Serranidae",NA,NA,"Hypoplectrus","Hypoplectrus aberrans",NA,NA,"Chordata","Vertebrata","Actinopteri",NA,"Percoidei",NA,NA,NA,NA,NA,NA,"Gnathostomata","Osteichthyes","Actinopterygii",NA,NA,NA
"891",281113,"species","Animalia",NA,NA,NA,"Teleostei",NA,"Perciformes","Serranidae",NA,NA,"Hypoplectrus","Hypoplectrus chlorurus",NA,NA,"Chordata","Vertebrata","Actinopteri",NA,"Percoidei",NA,NA,NA,NA,NA,NA,"Gnathostomata","Osteichthyes","Actinopterygii",NA,NA,NA
"892",281114,"species","Animalia",NA,NA,NA,"Teleostei",NA,"Perciformes","Serranidae",NA,NA,"Hypoplectrus","Hypoplectrus gemma",NA,NA,"Chordata","Vertebrata","Actinopteri",NA,"Percoidei",NA,NA,NA,NA,NA,NA,"Gnathostomata","Osteichthyes","Actinopterygii",NA,NA,NA
"893",281116,"species","Animalia",NA,NA,NA,"Teleostei",NA,"Perciformes","Serranidae",NA,NA,"Hypoplectrus","Hypoplectrus guttavarius",NA,NA,"Chordata","Vertebrata","Actinopteri",NA,"Percoidei",NA,NA,NA,NA,NA,NA,"Gnathostomata","Osteichthyes","Actinopterygii",NA,NA,NA
"894",281117,"species","Animalia",NA,NA,NA,"Teleostei",NA,"Perciformes","Serranidae",NA,NA,"Hypoplectrus","Hypoplectrus indigo",NA,NA,"Chordata","Vertebrata","Actinopteri",NA,"Percoidei",NA,NA,NA,NA,NA,NA,"Gnathostomata","Osteichthyes","Actinopterygii",NA,NA,NA
"895",281118,"species","Animalia",NA,NA,NA,"Teleostei",NA,"Perciformes","Serranidae",NA,NA,"Hypoplectrus","Hypoplectrus nigricans",NA,NA,"Chordata","Vertebrata","Actinopteri",NA,"Percoidei",NA,NA,NA,NA,NA,NA,"Gnathostomata","Osteichthyes","Actinopterygii",NA,NA,NA
"896",281120,"species","Animalia",NA,NA,NA,"Teleostei",NA,"Perciformes","Serranidae",NA,NA,"Hypoplectrus","Hypoplectrus puella",NA,NA,"Chordata","Vertebrata","Actinopteri",NA,"Percoidei",NA,NA,NA,NA,NA,NA,"Gnathostomata","Osteichthyes","Actinopterygii",NA,NA,NA
"897",281121,"species","Animalia",NA,NA,NA,"Teleostei",NA,"Perciformes","Serranidae",NA,NA,"Hypoplectrus","Hypoplectrus unicolor",NA,NA,"Chordata","Vertebrata","Actinopteri",NA,"Percoidei",NA,NA,NA,NA,NA,NA,"Gnathostomata","Osteichthyes","Actinopterygii",NA,NA,NA
"898",281180,"species","Animalia",NA,NA,NA,"Teleostei",NA,"Eupercaria incertae sedis","Haemulidae","Haemulinae",NA,"Inermia","Inermia vittata",NA,NA,"Chordata","Vertebrata","Actinopteri",NA,NA,NA,NA,NA,NA,NA,NA,"Gnathostomata","Osteichthyes","Actinopterygii",NA,NA,NA
"899",281252,"species","Animalia",NA,NA,NA,"Teleostei",NA,"Blenniiformes","Labrisomidae",NA,NA,"Labrisomus","Labrisomus filamentosus",NA,NA,"Chordata","Vertebrata","Actinopteri",NA,NA,NA,NA,NA,NA,NA,NA,"Gnathostomata","Osteichthyes","Actinopterygii",NA,NA,NA
"900",281257,"species","Animalia",NA,NA,NA,"Teleostei",NA,"Blenniiformes","Labrisomidae",NA,NA,"Labrisomus","Labrisomus kalisherae",NA,NA,"Chordata","Vertebrata","Actinopteri",NA,NA,NA,NA,NA,NA,NA,NA,"Gnathostomata","Osteichthyes","Actinopterygii",NA,NA,NA
"901",281260,"species","Animalia",NA,NA,NA,"Teleostei",NA,"Blenniiformes","Labrisomidae",NA,NA,"Labrisomus","Labrisomus nuchipinnis",NA,NA,"Chordata","Vertebrata","Actinopteri",NA,NA,NA,NA,NA,NA,NA,NA,"Gnathostomata","Osteichthyes","Actinopterygii",NA,NA,NA
"902",281396,"species","Animalia",NA,NA,NA,"Teleostei",NA,"Gobiiformes","Gobiidae","Gobiinae",NA,"Lophogobius","Lophogobius cyprinoides",NA,NA,"Chordata","Vertebrata","Actinopteri",NA,NA,NA,NA,NA,NA,NA,NA,"Gnathostomata","Osteichthyes","Actinopterygii",NA,NA,NA
"903",281410,"species","Animalia",NA,NA,NA,"Teleostei",NA,"Blenniiformes","Chaenopsidae",NA,NA,"Lucayablennius","Lucayablennius zingaro",NA,NA,"Chordata","Vertebrata","Actinopteri",NA,NA,NA,NA,NA,NA,NA,NA,"Gnathostomata","Osteichthyes","Actinopterygii",NA,NA,NA
"904",281491,"species","Animalia",NA,NA,NA,"Teleostei",NA,"Blenniiformes","Labrisomidae",NA,NA,"Malacoctenus","Malacoctenus aurolineatus",NA,NA,"Chordata","Vertebrata","Actinopteri",NA,NA,NA,NA,NA,NA,NA,NA,"Gnathostomata","Osteichthyes","Actinopterygii",NA,NA,NA
"905",281492,"species","Animalia",NA,NA,NA,"Teleostei",NA,"Blenniiformes","Labrisomidae",NA,NA,"Malacoctenus","Malacoctenus boehlkei",NA,NA,"Chordata","Vertebrata","Actinopteri",NA,NA,NA,NA,NA,NA,NA,NA,"Gnathostomata","Osteichthyes","Actinopterygii",NA,NA,NA
"906",281494,"species","Animalia",NA,NA,NA,"Teleostei",NA,"Blenniiformes","Labrisomidae",NA,NA,"Malacoctenus","Malacoctenus delalandii",NA,NA,"Chordata","Vertebrata","Actinopteri",NA,NA,NA,NA,NA,NA,NA,NA,"Gnathostomata","Osteichthyes","Actinopterygii",NA,NA,NA
"907",281500,"species","Animalia",NA,NA,NA,"Teleostei",NA,"Blenniiformes","Labrisomidae",NA,NA,"Malacoctenus","Malacoctenus macropus",NA,NA,"Chordata","Vertebrata","Actinopteri",NA,NA,NA,NA,NA,NA,NA,NA,"Gnathostomata","Osteichthyes","Actinopterygii",NA,NA,NA
"908",281503,"species","Animalia",NA,NA,NA,"Teleostei",NA,"Blenniiformes","Labrisomidae",NA,NA,"Malacoctenus","Malacoctenus triangulatus",NA,NA,"Chordata","Vertebrata","Actinopteri",NA,NA,NA,NA,NA,NA,NA,NA,"Gnathostomata","Osteichthyes","Actinopterygii",NA,NA,NA
"909",281571,"species","Animalia",NA,NA,NA,"Teleostei",NA,"Ovalentaria incertae sedis","Pomacentridae",NA,NA,"Microspathodon","Microspathodon chrysurus",NA,NA,"Chordata","Vertebrata","Actinopteri",NA,NA,NA,NA,NA,NA,NA,NA,"Gnathostomata","Osteichthyes","Actinopterygii",NA,NA,NA
"910",281732,"species","Animalia",NA,NA,NA,"Teleostei",NA,"Gobiiformes","Gobiidae","Gobiinae",NA,"Nes","Nes longus",NA,NA,"Chordata","Vertebrata","Actinopteri",NA,NA,NA,NA,NA,NA,NA,NA,"Gnathostomata","Osteichthyes","Actinopterygii",NA,NA,NA
"911",281837,"species","Animalia",NA,NA,NA,"Teleostei",NA,"Eupercaria incertae sedis","Sciaenidae",NA,NA,"Odontoscion","Odontoscion dentex",NA,NA,"Chordata","Vertebrata","Actinopteri",NA,NA,NA,NA,NA,NA,NA,NA,"Gnathostomata","Osteichthyes","Actinopterygii",NA,NA,NA
"912",282021,"species","Animalia",NA,NA,NA,"Teleostei",NA,"Blenniiformes","Labrisomidae",NA,NA,"Paraclinus","Paraclinus fasciatus",NA,NA,"Chordata","Vertebrata","Actinopteri",NA,NA,NA,NA,NA,NA,NA,NA,"Gnathostomata","Osteichthyes","Actinopterygii",NA,NA,NA
"913",282027,"species","Animalia",NA,NA,NA,"Teleostei",NA,"Blenniiformes","Labrisomidae",NA,NA,"Paraclinus","Paraclinus marmoratus",NA,NA,"Chordata","Vertebrata","Actinopteri",NA,NA,NA,NA,NA,NA,NA,NA,"Gnathostomata","Osteichthyes","Actinopterygii",NA,NA,NA
"914",282084,"species","Animalia",NA,NA,NA,"Teleostei",NA,"Perciformes","Epinephelidae",NA,NA,"Paranthias","Paranthias furcifer",NA,NA,"Chordata","Vertebrata","Actinopteri",NA,"Percoidei",NA,NA,NA,NA,NA,NA,"Gnathostomata","Osteichthyes","Actinopterygii",NA,NA,NA
"915",282139,"species","Animalia",NA,NA,NA,"Teleostei",NA,"Eupercaria incertae sedis","Sciaenidae",NA,NA,"Pareques","Pareques acuminatus",NA,NA,"Chordata","Vertebrata","Actinopteri",NA,NA,NA,NA,NA,NA,NA,NA,"Gnathostomata","Osteichthyes","Actinopterygii",NA,NA,NA
"916",282143,"species","Animalia",NA,NA,NA,"Teleostei",NA,"Eupercaria incertae sedis","Sciaenidae",NA,NA,"Pareques","Pareques umbrosus",NA,NA,"Chordata","Vertebrata","Actinopteri",NA,NA,NA,NA,NA,NA,NA,NA,"Gnathostomata","Osteichthyes","Actinopterygii",NA,NA,NA
"917",282620,"species","Animalia",NA,NA,NA,"Teleostei",NA,"Gobiiformes","Gobiidae","Gobiinae",NA,"Risor","Risor ruber",NA,NA,"Chordata","Vertebrata","Actinopteri",NA,NA,NA,NA,NA,NA,NA,NA,"Gnathostomata","Osteichthyes","Actinopterygii",NA,NA,NA
"918",282910,"species","Animalia",NA,NA,NA,"Teleostei",NA,"Ophidiiformes","Bythitidae","Bythitinae",NA,"Stygnobrotula","Stygnobrotula latebricola",NA,NA,"Chordata","Vertebrata","Actinopteri",NA,NA,NA,NA,NA,NA,NA,NA,"Gnathostomata","Osteichthyes","Actinopterygii",NA,NA,NA
"919",283086,"species","Animalia",NA,NA,NA,"Elasmobranchii","Neoselachii","Myliobatiformes","Urotrygonidae",NA,NA,"Urobatis","Urobatis jamaicensis",NA,NA,"Chordata","Vertebrata",NA,"Batoidea",NA,NA,NA,NA,NA,NA,NA,"Gnathostomata","Chondrichthyes",NA,NA,NA,NA
"920",283090,"Species","Animalia",NA,NA,NA,"Teleostei",NA,"Syngnathiformes","Syngnathidae","Syngnathinae",NA,"Urocampus","Urocampus carinirostris",NA,NA,"Chordata","Vertebrata","Actinopteri",NA,NA,NA,NA,NA,NA,NA,NA,"Gnathostomata","Osteichthyes","Actinopterygii",NA,NA,NA
"921",285905,"species","Animalia",NA,NA,NA,"Hydrozoa","Hydroidolina","Anthoathecata","Stylasteridae",NA,NA,"Stylaster","Stylaster roseus",NA,NA,"Cnidaria","Medusozoa",NA,NA,"Filifera",NA,NA,NA,NA,NA,NA,NA,NA,NA,NA,NA,NA
"922",286778,"Species","Animalia",NA,NA,NA,"Hexacorallia",NA,"Scleractinia","Cladocoridae",NA,NA,"Cladocora","Cladocora arbuscula",NA,NA,"Cnidaria","Anthozoa",NA,NA,"Vacatina",NA,NA,NA,NA,NA,NA,NA,NA,NA,NA,NA,NA
"923",287097,"species","Animalia",NA,NA,NA,"Hexacorallia",NA,"Scleractinia","Oculinidae",NA,NA,"Oculina","Oculina diffusa",NA,NA,"Cnidaria","Anthozoa",NA,NA,"Vacatina",NA,NA,NA,NA,NA,NA,NA,NA,NA,NA,NA,NA
"924",287107,"species","Animalia",NA,NA,NA,"Hexacorallia",NA,"Scleractinia","Pocilloporidae",NA,NA,"Madracis","Madracis decactis",NA,NA,"Cnidaria","Anthozoa",NA,NA,"Vacatina",NA,NA,NA,NA,NA,NA,NA,NA,NA,NA,NA,NA
"925",287112,"species","Animalia",NA,NA,NA,"Hexacorallia",NA,"Scleractinia","Pocilloporidae",NA,NA,"Madracis","Madracis senaria",NA,NA,"Cnidaria","Anthozoa",NA,NA,"Vacatina",NA,NA,NA,NA,NA,NA,NA,NA,NA,NA,NA,NA
"926",287166,"species","Animalia",NA,NA,NA,"Scyphozoa","Discomedusae","Rhizostomeae","Cassiopeidae",NA,NA,"Cassiopea","Cassiopea frondosa",NA,NA,"Cnidaria","Medusozoa",NA,NA,"Kolpophorae","Kampylomyaria",NA,NA,NA,NA,NA,NA,NA,NA,NA,NA,NA
"927",287172,"species","Animalia",NA,NA,NA,"Scyphozoa","Discomedusae","Rhizostomeae","Cassiopeidae",NA,NA,"Cassiopea","Cassiopea xamachana",NA,NA,"Cnidaria","Medusozoa",NA,NA,"Kolpophorae","Kampylomyaria",NA,NA,NA,NA,NA,NA,NA,NA,NA,NA,NA
"928",287421,"species","Animalia",NA,NA,NA,"Hydrozoa","Hydroidolina","Anthoathecata","Milleporidae",NA,NA,"Millepora","Millepora complanata",NA,NA,"Cnidaria","Medusozoa",NA,NA,"Capitata",NA,NA,NA,NA,NA,NA,NA,NA,NA,NA,NA,NA
"929",287425,"species","Animalia",NA,NA,NA,"Hydrozoa","Hydroidolina","Anthoathecata","Milleporidae",NA,NA,"Millepora","Millepora squarrosa",NA,NA,"Cnidaria","Medusozoa",NA,NA,"Capitata",NA,NA,NA,NA,NA,NA,NA,NA,NA,NA,NA,NA
"930",287852,"species","Animalia",NA,NA,NA,"Hexacorallia",NA,"Scleractinia","Faviidae","Mussinae",NA,"Scolymia","Scolymia cubensis",NA,NA,"Cnidaria","Anthozoa",NA,NA,"Vacatina",NA,NA,NA,NA,NA,NA,NA,NA,NA,NA,NA,NA
"931",287853,"species","Animalia",NA,NA,NA,"Hexacorallia",NA,"Scleractinia","Faviidae","Mussinae",NA,"Scolymia","Scolymia lacera",NA,NA,"Cnidaria","Anthozoa",NA,NA,"Vacatina",NA,NA,NA,NA,NA,NA,NA,NA,NA,NA,NA,NA
"932",287911,"species","Animalia",NA,NA,NA,"Hexacorallia",NA,"Scleractinia","Agariciidae",NA,NA,"Agaricia","Agaricia agaricites",NA,NA,"Cnidaria","Anthozoa",NA,NA,"Refertina",NA,NA,NA,NA,NA,NA,NA,NA,NA,NA,NA,NA
"933",287912,"species","Animalia",NA,NA,NA,"Hexacorallia",NA,"Scleractinia","Agariciidae",NA,NA,"Agaricia","Agaricia fragilis",NA,NA,"Cnidaria","Anthozoa",NA,NA,"Refertina",NA,NA,NA,NA,NA,NA,NA,NA,NA,NA,NA,NA
"934",287913,"species","Animalia",NA,NA,NA,"Hexacorallia",NA,"Scleractinia","Agariciidae",NA,NA,"Agaricia","Agaricia grahamae",NA,NA,"Cnidaria","Anthozoa",NA,NA,"Refertina",NA,NA,NA,NA,NA,NA,NA,NA,NA,NA,NA,NA
"935",287914,"species","Animalia",NA,NA,NA,"Hexacorallia",NA,"Scleractinia","Agariciidae",NA,NA,"Agaricia","Agaricia humilis",NA,NA,"Cnidaria","Anthozoa",NA,NA,"Refertina",NA,NA,NA,NA,NA,NA,NA,NA,NA,NA,NA,NA
"936",287915,"species","Animalia",NA,NA,NA,"Hexacorallia",NA,"Scleractinia","Agariciidae",NA,NA,"Agaricia","Agaricia lamarcki",NA,NA,"Cnidaria","Anthozoa",NA,NA,"Refertina",NA,NA,NA,NA,NA,NA,NA,NA,NA,NA,NA,NA
"937",287916,"species","Animalia",NA,NA,NA,"Hexacorallia",NA,"Scleractinia","Agariciidae",NA,NA,"Agaricia","Agaricia tenuifolia",NA,NA,"Cnidaria","Anthozoa",NA,NA,"Refertina",NA,NA,NA,NA,NA,NA,NA,NA,NA,NA,NA,NA
"938",287962,"species","Animalia",NA,NA,NA,"Hexacorallia",NA,"Scleractinia","Montastraeidae",NA,NA,"Montastraea","Montastraea cavernosa",NA,NA,"Cnidaria","Anthozoa",NA,NA,"Vacatina",NA,NA,NA,NA,NA,NA,NA,NA,NA,NA,NA,NA
"939",288227,"species","Animalia",NA,NA,NA,"Hexacorallia",NA,"Scleractinia","Acroporidae",NA,NA,"Acropora","Acropora palmata",NA,NA,"Cnidaria","Anthozoa",NA,NA,"Refertina",NA,NA,NA,NA,NA,NA,NA,NA,NA,NA,NA,NA
"940",288235,"species","Animalia",NA,NA,NA,"Hexacorallia",NA,"Scleractinia","Acroporidae",NA,NA,"Acropora","Acropora prolifera",NA,NA,"Cnidaria","Anthozoa",NA,NA,"Refertina",NA,NA,NA,NA,NA,NA,NA,NA,NA,NA,NA,NA
"941",288889,"species","Animalia",NA,NA,NA,"Hexacorallia",NA,"Scleractinia","Poritidae",NA,NA,"Porites","Porites astreoides",NA,NA,"Cnidaria","Anthozoa",NA,NA,"Refertina",NA,NA,NA,NA,NA,NA,NA,NA,NA,NA,NA,NA
"942",288902,"species","Animalia",NA,NA,NA,"Hexacorallia",NA,"Scleractinia","Poritidae",NA,NA,"Porites","Porites furcata",NA,NA,"Cnidaria","Anthozoa",NA,NA,"Refertina",NA,NA,NA,NA,NA,NA,NA,NA,NA,NA,NA,NA
"943",289232,"species","Animalia",NA,NA,NA,"Hexacorallia",NA,"Scleractinia","Meandrinidae",NA,NA,"Meandrina","Meandrina meandrites",NA,NA,"Cnidaria","Anthozoa",NA,NA,"Vacatina",NA,NA,NA,NA,NA,NA,NA,NA,NA,NA,NA,NA
"944",289697,"species","Animalia",NA,NA,NA,"Hexacorallia",NA,"Scleractinia","Faviidae","Faviinae",NA,"Colpophyllia","Colpophyllia natans",NA,NA,"Cnidaria","Anthozoa",NA,NA,"Vacatina",NA,NA,NA,NA,NA,NA,NA,NA,NA,NA,NA,NA
"945",289806,"species","Animalia",NA,NA,NA,"Hexacorallia",NA,"Scleractinia","Meandrinidae",NA,NA,"Dichocoenia","Dichocoenia stellaris",NA,NA,"Cnidaria","Anthozoa",NA,NA,"Vacatina",NA,NA,NA,NA,NA,NA,NA,NA,NA,NA,NA,NA
"946",289826,"species","Animalia",NA,NA,NA,"Hexacorallia",NA,"Scleractinia","Faviidae","Faviinae",NA,"Diploria","Diploria labyrinthiformis",NA,NA,"Cnidaria","Anthozoa",NA,NA,"Vacatina",NA,NA,NA,NA,NA,NA,NA,NA,NA,NA,NA,NA
"947",289919,"species","Animalia",NA,NA,NA,"Octocorallia",NA,"Scleralcyonacea","Erythropodiidae",NA,NA,"Erythropodium","Erythropodium caribaeorum",NA,NA,"Cnidaria","Anthozoa",NA,NA,NA,NA,NA,NA,NA,NA,NA,NA,NA,NA,NA,NA,NA
"948",289939,"species","Animalia",NA,NA,NA,"Hexacorallia",NA,"Scleractinia","Meandrinidae",NA,NA,"Eusmilia","Eusmilia fastigiata",NA,NA,"Cnidaria","Anthozoa",NA,NA,"Vacatina",NA,NA,NA,NA,NA,NA,NA,NA,NA,NA,NA,NA
"949",290083,"species","Animalia",NA,NA,NA,"Hexacorallia",NA,"Scleractinia","Agariciidae",NA,NA,"Helioseris","Helioseris cucullata",NA,NA,"Cnidaria","Anthozoa",NA,NA,"Refertina",NA,NA,NA,NA,NA,NA,NA,NA,NA,NA,NA,NA
"950",290327,"Species","Animalia",NA,NA,NA,"Hexacorallia",NA,"Scleractinia","Faviidae","Faviinae",NA,"Manicina","Manicina areolata",NA,NA,"Cnidaria","Anthozoa",NA,NA,"Vacatina",NA,NA,NA,NA,NA,NA,NA,NA,NA,NA,NA,NA
"951",290424,"species","Animalia",NA,NA,NA,"Hexacorallia",NA,"Scleractinia","Faviidae","Mussinae",NA,"Mycetophyllia","Mycetophyllia aliciae",NA,NA,"Cnidaria","Anthozoa",NA,NA,"Vacatina",NA,NA,NA,NA,NA,NA,NA,NA,NA,NA,NA,NA
"952",290425,"species","Animalia",NA,NA,NA,"Hexacorallia",NA,"Scleractinia","Faviidae","Mussinae",NA,"Mycetophyllia","Mycetophyllia danaana",NA,NA,"Cnidaria","Anthozoa",NA,NA,"Vacatina",NA,NA,NA,NA,NA,NA,NA,NA,NA,NA,NA,NA
"953",290426,"species","Animalia",NA,NA,NA,"Hexacorallia",NA,"Scleractinia","Faviidae","Mussinae",NA,"Mycetophyllia","Mycetophyllia ferox",NA,NA,"Cnidaria","Anthozoa",NA,NA,"Vacatina",NA,NA,NA,NA,NA,NA,NA,NA,NA,NA,NA,NA
"954",291054,"species","Animalia",NA,NA,NA,"Hexacorallia",NA,"Scleractinia","Scleractinia incertae sedis",NA,NA,"Solenastrea","Solenastrea bournoni",NA,NA,"Cnidaria","Anthozoa",NA,NA,NA,NA,NA,NA,NA,NA,NA,NA,NA,NA,NA,NA,NA
"955",291055,"species","Animalia",NA,NA,NA,"Hexacorallia",NA,"Scleractinia","Scleractinia incertae sedis",NA,NA,"Solenastrea","Solenastrea hyades",NA,NA,"Cnidaria","Anthozoa",NA,NA,NA,NA,NA,NA,NA,NA,NA,NA,NA,NA,NA,NA,NA
"956",291119,"species","Animalia",NA,NA,NA,"Hexacorallia",NA,"Scleractinia","Astrocoeniidae",NA,NA,"Stephanocoenia","Stephanocoenia intersepta",NA,NA,"Cnidaria","Anthozoa",NA,NA,"Vacatina",NA,NA,NA,NA,NA,NA,NA,NA,NA,NA,NA,NA
"957",291322,"genus","Animalia",NA,NA,NA,"Octocorallia",NA,"Malacalcyonacea","Plexauridae",NA,NA,"Eunicea",NA,NA,NA,"Cnidaria","Anthozoa",NA,NA,NA,NA,NA,NA,NA,NA,NA,NA,NA,NA,NA,NA,NA
"958",292944,"Superfamily","Animalia",NA,NA,NA,"Malacostraca","Eumalacostraca","Isopoda",NA,NA,NA,NA,NA,NA,"Peracarida","Arthropoda","Crustacea","Multicrustacea",NA,"Cymothoida",NA,"Anthuroidea",NA,NA,NA,NA,NA,NA,NA,NA,NA,NA
"959",293578,"species","Animalia",NA,NA,NA,"Teleostei",NA,"Eupercaria incertae sedis","Sparidae",NA,NA,"Diplodus","Diplodus argenteus",NA,NA,"Chordata","Vertebrata","Actinopteri",NA,NA,NA,NA,NA,NA,NA,NA,"Gnathostomata","Osteichthyes","Actinopterygii",NA,NA,NA
"960",298438,"species","Animalia",NA,NA,NA,"Elasmobranchii","Neoselachii","Carcharhiniformes","Carcharhinidae",NA,NA,"Carcharhinus","Carcharhinus perezi",NA,"Galeomorphi","Chordata","Vertebrata",NA,"Selachii",NA,NA,NA,NA,NA,NA,NA,"Gnathostomata","Chondrichthyes",NA,NA,NA,NA
"961",300551,"species","Animalia",NA,NA,NA,"Teleostei",NA,"Clupeiformes","Dorosomatidae",NA,NA,"Sardinella","Sardinella brasiliensis",NA,NA,"Chordata","Vertebrata","Actinopteri",NA,NA,NA,NA,NA,NA,NA,NA,"Gnathostomata","Osteichthyes","Actinopterygii",NA,NA,NA
"962",301914,"species","Animalia",NA,NA,NA,"Teleostei",NA,"Acanthuriformes","Acanthuridae",NA,NA,"Acanthurus","Acanthurus tractus",NA,NA,"Chordata","Vertebrata","Actinopteri",NA,NA,NA,NA,NA,NA,NA,NA,"Gnathostomata","Osteichthyes","Actinopterygii",NA,NA,NA
"963",302312,"species","Animalia",NA,NA,NA,"Teleostei",NA,"Carangiformes","Carangidae",NA,NA,"Caranx","Caranx bartholomaei",NA,NA,"Chordata","Vertebrata","Actinopteri",NA,NA,NA,NA,NA,NA,NA,NA,"Gnathostomata","Osteichthyes","Actinopterygii",NA,NA,NA
"964",302432,"species","Animalia",NA,NA,NA,"Teleostei",NA,"Carangiformes","Carangidae",NA,NA,"Caranx","Caranx ruber",NA,NA,"Chordata","Vertebrata","Actinopteri",NA,NA,NA,NA,NA,NA,NA,NA,"Gnathostomata","Osteichthyes","Actinopterygii",NA,NA,NA
"965",303486,"species","Animalia",NA,NA,NA,"Teleostei",NA,"Centrarchiformes","Kyphosidae",NA,NA,"Kyphosus","Kyphosus sectatrix",NA,NA,"Chordata","Vertebrata","Actinopteri",NA,NA,NA,NA,NA,NA,NA,NA,"Gnathostomata","Osteichthyes","Actinopterygii",NA,NA,NA
"966",308599,"species","Animalia",NA,NA,NA,"Teleostei",NA,"Eupercaria incertae sedis","Haemulidae","Haemulinae",NA,"Haemulon","Haemulon plumieri",NA,NA,"Chordata","Vertebrata","Actinopteri",NA,NA,NA,NA,NA,NA,NA,NA,"Gnathostomata","Osteichthyes","Actinopterygii",NA,NA,NA
"967",309494,"species","Animalia",NA,NA,NA,"Teleostei",NA,"Gobiiformes","Gobiidae","Gobiinae",NA,"Coryphopterus","Coryphopterus tortugae",NA,NA,"Chordata","Vertebrata","Actinopteri",NA,NA,NA,NA,NA,NA,NA,NA,"Gnathostomata","Osteichthyes","Actinopterygii",NA,NA,NA
"968",309498,"species","Animalia",NA,NA,NA,"Teleostei",NA,"Ovalentaria incertae sedis","Opistognathidae",NA,NA,"Opistognathus","Opistognathus whitehurstii",NA,NA,"Chordata","Vertebrata","Actinopteri",NA,NA,NA,NA,NA,NA,NA,NA,"Gnathostomata","Osteichthyes","Actinopterygii",NA,NA,NA
"969",310415,"species","Animalia",NA,NA,NA,"Teleostei",NA,"Syngnathiformes","Syngnathidae","Syngnathinae",NA,"Halicampus","Halicampus crinitus",NA,NA,"Chordata","Vertebrata","Actinopteri",NA,NA,NA,NA,NA,NA,NA,NA,"Gnathostomata","Osteichthyes","Actinopterygii",NA,NA,NA
"970",314211,"species","Animalia",NA,NA,NA,"Teleostei",NA,"Eupercaria incertae sedis","Sciaenidae",NA,NA,"Corvula","Corvula batabana",NA,NA,"Chordata","Vertebrata","Actinopteri",NA,NA,NA,NA,NA,NA,NA,NA,"Gnathostomata","Osteichthyes","Actinopterygii",NA,NA,NA
"971",314341,"species","Animalia",NA,NA,NA,"Teleostei",NA,"Blenniiformes","Chaenopsidae",NA,NA,"Emblemariopsis","Emblemariopsis diaphana",NA,NA,"Chordata","Vertebrata","Actinopteri",NA,NA,NA,NA,NA,NA,NA,NA,"Gnathostomata","Osteichthyes","Actinopterygii",NA,NA,NA
"972",315166,"species","Animalia",NA,NA,NA,"Teleostei",NA,"Callionymiformes","Callionymidae",NA,NA,"Paradiplogrammus","Paradiplogrammus bairdi",NA,NA,"Chordata","Vertebrata","Actinopteri",NA,NA,NA,NA,NA,NA,NA,NA,"Gnathostomata","Osteichthyes","Actinopterygii",NA,NA,NA
"973",317003,"species","Animalia",NA,NA,NA,"Teleostei",NA,"Callionymiformes","Callionymidae",NA,NA,"Chalinops","Chalinops pauciradiatus",NA,NA,"Chordata","Vertebrata","Actinopteri",NA,NA,NA,NA,NA,NA,NA,NA,"Gnathostomata","Osteichthyes","Actinopterygii",NA,NA,NA
"974",318653,"species","Animalia",NA,NA,NA,"Teleostei",NA,"Gobiiformes","Microdesmidae","Ptereleotrinae",NA,"Ioglossus","Ioglossus helenae",NA,NA,"Chordata","Vertebrata","Actinopteri",NA,NA,NA,NA,NA,NA,NA,NA,"Gnathostomata","Osteichthyes","Actinopterygii",NA,NA,NA
"975",320988,"species","Animalia",NA,NA,NA,"Teleostei",NA,"Tetraodontiformes","Ostraciidae",NA,NA,"Rhinesomus","Rhinesomus triqueter",NA,NA,"Chordata","Vertebrata","Actinopteri",NA,NA,NA,NA,NA,NA,NA,NA,"Gnathostomata","Osteichthyes","Actinopterygii",NA,NA,NA
"976",322267,"species","Animalia",NA,NA,NA,"Teleostei",NA,"Eupercaria incertae sedis","Gerreidae",NA,NA,"Ulaema","Ulaema lefroyi",NA,NA,"Chordata","Vertebrata","Actinopteri",NA,NA,NA,NA,NA,NA,NA,NA,"Gnathostomata","Osteichthyes","Actinopterygii",NA,NA,NA
"977",325031,"Genus","Animalia",NA,NA,NA,"Polychaeta","Errantia","Phyllodocida","Syllidae",NA,NA,"Brachysyllis",NA,NA,NA,"Annelida",NA,NA,NA,"Nereidiformia",NA,NA,NA,NA,NA,NA,NA,NA,NA,NA,NA,NA
"978",333453,"Species","Animalia",NA,NA,NA,"Polychaeta","Errantia","Phyllodocida","Syllidae","Exogoninae",NA,"Exogone","Exogone dispar",NA,NA,"Annelida",NA,NA,NA,"Nereidiformia",NA,NA,NA,NA,NA,NA,NA,NA,NA,NA,NA,NA
"979",334557,"Species","Animalia",NA,NA,NA,"Polychaeta","Errantia","Phyllodocida","Nereididae","Nereidinae",NA,"Platynereis","Platynereis bicanaliculata",NA,NA,"Annelida",NA,NA,NA,"Nereidiformia",NA,NA,NA,NA,NA,NA,NA,NA,NA,NA,NA,NA
"980",341954,"species","Animalia",NA,NA,NA,"Cephalopoda","Coleoidea","Octopoda","Octopodidae",NA,NA,"Octopus","Octopus briareus",NA,"Octopodiformes","Mollusca",NA,NA,NA,"Incirrata",NA,"Octopodoidea",NA,NA,NA,NA,NA,NA,NA,NA,NA,NA
"981",342241,"species","Animalia",NA,NA,NA,"Cephalopoda","Coleoidea","Myopsida","Loliginidae",NA,NA,"Sepioteuthis","Sepioteuthis sepioidea",NA,"Decapodiformes","Mollusca",NA,NA,NA,NA,NA,NA,NA,NA,NA,NA,NA,NA,NA,NA,NA,NA
"982",342380,"species","Animalia",NA,NA,NA,"Cephalopoda","Coleoidea","Myopsida","Loliginidae",NA,NA,"Pickfordiateuthis","Pickfordiateuthis pulchella",NA,"Decapodiformes","Mollusca",NA,NA,NA,NA,NA,NA,NA,NA,NA,NA,NA,NA,NA,NA,NA,NA
"983",345843,"species","Animalia",NA,NA,NA,"Teleostei",NA,"Carangaria incertae sedis","Sphyraenidae",NA,NA,"Sphyraena","Sphyraena barracuda",NA,NA,"Chordata","Vertebrata","Actinopteri",NA,NA,NA,NA,NA,NA,NA,NA,"Gnathostomata","Osteichthyes","Actinopterygii",NA,NA,NA
"984",346012,"Family","Animalia",NA,NA,NA,"Copepoda",NA,"Siphonostomatoida","Dissonidae",NA,NA,NA,NA,NA,"Podoplea","Arthropoda","Crustacea","Multicrustacea","Neocopepoda",NA,NA,NA,NA,NA,NA,NA,NA,NA,NA,NA,NA,NA
"985",366476,"genus","Animalia",NA,NA,NA,"Malacostraca","Eumalacostraca","Decapoda","Paguridae",NA,NA,"Iridopagurus",NA,NA,"Eucarida","Arthropoda","Crustacea","Multicrustacea",NA,"Pleocyemata","Anomura","Paguroidea",NA,NA,NA,NA,NA,NA,NA,NA,NA,NA
"986",366484,"species","Animalia",NA,NA,NA,"Malacostraca","Eumalacostraca","Decapoda","Paguridae",NA,NA,"Iridopagurus","Iridopagurus reticulatus",NA,"Eucarida","Arthropoda","Crustacea","Multicrustacea",NA,"Pleocyemata","Anomura","Paguroidea",NA,NA,NA,NA,NA,NA,NA,NA,NA,NA
"987",366662,"Species","Animalia",NA,NA,NA,"Malacostraca","Eumalacostraca","Decapoda","Paguridae",NA,NA,"Pagurus","Pagurus brevidactylus",NA,"Eucarida","Arthropoda","Crustacea","Multicrustacea",NA,"Pleocyemata","Anomura","Paguroidea",NA,NA,NA,NA,NA,NA,NA,NA,NA,NA
"988",366674,"species","Animalia",NA,NA,NA,"Malacostraca","Eumalacostraca","Decapoda","Paguridae",NA,NA,"Pagurus","Pagurus criniticornis",NA,"Eucarida","Arthropoda","Crustacea","Multicrustacea",NA,"Pleocyemata","Anomura","Paguroidea",NA,NA,NA,NA,NA,NA,NA,NA,NA,NA
"989",366724,"Species","Animalia",NA,NA,NA,"Malacostraca","Eumalacostraca","Decapoda","Paguridae",NA,NA,"Pagurus","Pagurus maclaughlinae",NA,"Eucarida","Arthropoda","Crustacea","Multicrustacea",NA,"Pleocyemata","Anomura","Paguroidea",NA,NA,NA,NA,NA,NA,NA,NA,NA,NA
"990",366786,"Species","Animalia",NA,NA,NA,"Malacostraca","Eumalacostraca","Decapoda","Paguridae",NA,NA,"Pagurus","Pagurus samuelis",NA,"Eucarida","Arthropoda","Crustacea","Multicrustacea",NA,"Pleocyemata","Anomura","Paguroidea",NA,NA,NA,NA,NA,NA,NA,NA,NA,NA
"991",366818,"species","Animalia",NA,NA,NA,"Malacostraca","Eumalacostraca","Decapoda","Paguridae",NA,NA,"Phimochirus","Phimochirus holthuisi",NA,"Eucarida","Arthropoda","Crustacea","Multicrustacea",NA,"Pleocyemata","Anomura","Paguroidea",NA,NA,NA,NA,NA,NA,NA,NA,NA,NA
"992",366821,"species","Animalia",NA,NA,NA,"Malacostraca","Eumalacostraca","Decapoda","Paguridae",NA,NA,"Phimochirus","Phimochirus operculatus",NA,"Eucarida","Arthropoda","Crustacea","Multicrustacea",NA,"Pleocyemata","Anomura","Paguroidea",NA,NA,NA,NA,NA,NA,NA,NA,NA,NA
"993",367457,"species","Animalia",NA,NA,NA,"Malacostraca","Eumalacostraca","Decapoda","Diogenidae",NA,NA,"Calcinus","Calcinus tibicen",NA,"Eucarida","Arthropoda","Crustacea","Multicrustacea",NA,"Pleocyemata","Anomura","Paguroidea",NA,NA,NA,NA,NA,NA,NA,NA,NA,NA
"994",367527,"species","Animalia",NA,NA,NA,"Malacostraca","Eumalacostraca","Decapoda","Diogenidae",NA,NA,"Clibanarius","Clibanarius tricolor",NA,"Eucarida","Arthropoda","Crustacea","Multicrustacea",NA,"Pleocyemata","Anomura","Paguroidea",NA,NA,NA,NA,NA,NA,NA,NA,NA,NA
"995",367581,"species","Animalia",NA,NA,NA,"Malacostraca","Eumalacostraca","Decapoda","Diogenidae",NA,NA,"Dardanus","Dardanus fucosus",NA,"Eucarida","Arthropoda","Crustacea","Multicrustacea",NA,"Pleocyemata","Anomura","Paguroidea",NA,NA,NA,NA,NA,NA,NA,NA,NA,NA
"996",367596,"Species","Animalia",NA,NA,NA,"Malacostraca","Eumalacostraca","Decapoda","Diogenidae",NA,NA,"Dardanus","Dardanus venosus",NA,"Eucarida","Arthropoda","Crustacea","Multicrustacea",NA,"Pleocyemata","Anomura","Paguroidea",NA,NA,NA,NA,NA,NA,NA,NA,NA,NA
"997",367846,"species","Animalia",NA,NA,NA,"Echinoidea","Euechinoidea","Spatangoida","Brissidae",NA,NA,"Meoma","Meoma ventricosa",NA,NA,"Echinodermata","Echinozoa",NA,"Irregularia","Brissidina",NA,NA,NA,"Atelostomata",NA,NA,NA,NA,NA,NA,NA,NA
"998",367850,"species","Animalia",NA,NA,NA,"Echinoidea","Euechinoidea","Camarodonta","Toxopneustidae",NA,NA,"Lytechinus","Lytechinus variegatus",NA,NA,"Echinodermata","Echinozoa",NA,"Carinacea",NA,"Echinidea","Odontophora",NA,"Echinacea",NA,NA,NA,NA,NA,NA,NA,NA
"999",367868,"species","Animalia",NA,NA,NA,"Holothuroidea","Actinopoda","Synallactida","Stichopodidae",NA,NA,"Isostichopus","Isostichopus badionotus",NA,NA,"Echinodermata","Echinozoa",NA,NA,NA,NA,NA,NA,NA,NA,NA,NA,NA,NA,NA,NA,NA
"1000",367962,"species","Animalia",NA,NA,NA,"Echinoidea","Euechinoidea","Clypeasteroida","Clypeasteridae",NA,NA,"Clypeaster","Clypeaster rosaceus",NA,"Luminacea","Echinodermata","Echinozoa",NA,"Irregularia","Clypeasterina",NA,NA,NA,"Neognathostomata",NA,NA,NA,NA,NA,NA,NA,NA
"1001",368215,"species","Animalia",NA,NA,NA,"Malacostraca","Eumalacostraca","Decapoda","Diogenidae",NA,NA,"Paguristes","Paguristes cadenati",NA,"Eucarida","Arthropoda","Crustacea","Multicrustacea",NA,"Pleocyemata","Anomura","Paguroidea",NA,NA,NA,NA,NA,NA,NA,NA,NA,NA
"1002",368224,"species","Animalia",NA,NA,NA,"Malacostraca","Eumalacostraca","Decapoda","Diogenidae",NA,NA,"Paguristes","Paguristes erythrops",NA,"Eucarida","Arthropoda","Crustacea","Multicrustacea",NA,"Pleocyemata","Anomura","Paguroidea",NA,NA,NA,NA,NA,NA,NA,NA,NA,NA
"1003",368275,"species","Animalia",NA,NA,NA,"Malacostraca","Eumalacostraca","Decapoda","Diogenidae",NA,NA,"Paguristes","Paguristes puncticeps",NA,"Eucarida","Arthropoda","Crustacea","Multicrustacea",NA,"Pleocyemata","Anomura","Paguroidea",NA,NA,NA,NA,NA,NA,NA,NA,NA,NA
"1004",368285,"species","Animalia",NA,NA,NA,"Malacostraca","Eumalacostraca","Decapoda","Diogenidae",NA,NA,"Paguristes","Paguristes sericeus",NA,"Eucarida","Arthropoda","Crustacea","Multicrustacea",NA,"Pleocyemata","Anomura","Paguroidea",NA,NA,NA,NA,NA,NA,NA,NA,NA,NA
"1005",368299,"species","Animalia",NA,NA,NA,"Malacostraca","Eumalacostraca","Decapoda","Diogenidae",NA,NA,"Paguristes","Paguristes tortugae",NA,"Eucarida","Arthropoda","Crustacea","Multicrustacea",NA,"Pleocyemata","Anomura","Paguroidea",NA,NA,NA,NA,NA,NA,NA,NA,NA,NA
"1006",368346,"species","Animalia",NA,NA,NA,"Malacostraca","Eumalacostraca","Decapoda","Diogenidae",NA,NA,"Petrochirus","Petrochirus diogenes",NA,"Eucarida","Arthropoda","Crustacea","Multicrustacea",NA,"Pleocyemata","Anomura","Paguroidea",NA,NA,NA,NA,NA,NA,NA,NA,NA,NA
"1007",369177,"Species","Animalia",NA,NA,NA,"Asteroidea","Ambuloasteroidea","Forcipulatida","Asteriidae",NA,NA,"Leptasterias","Leptasterias hexactis",NA,"Forcipulatacea","Echinodermata","Asterozoa",NA,"Neoasteroidea",NA,NA,NA,NA,NA,NA,NA,NA,NA,NA,NA,NA,NA
"1008",370153,"Genus","Plantae","Viridiplantae","Chlorophyta","Chlorophytina","Ulvophyceae",NA,"Bryopsidales","Halimedaceae",NA,"Udoteeae","Rhipocephalus",NA,NA,NA,NA,NA,NA,NA,"Halimedineae",NA,NA,NA,NA,NA,NA,NA,NA,NA,NA,NA,NA
"1009",370445,"Genus","Animalia",NA,NA,NA,"Gastropoda","Caenogastropoda","Caenogastropoda incertae sedis","Batillariidae",NA,NA,"Batillaria",NA,NA,NA,"Mollusca",NA,NA,NA,NA,NA,"Cerithioidea",NA,NA,NA,NA,NA,NA,NA,NA,NA,NA
"1010",373299,"Species","Plantae","Viridiplantae","Chlorophyta","Chlorophytina","Ulvophyceae",NA,"Bryopsidales","Halimedaceae",NA,"Udoteeae","Udotea","Udotea conglutinata",NA,NA,NA,NA,NA,NA,"Halimedineae",NA,NA,NA,NA,NA,NA,NA,NA,NA,NA,NA,NA
"1011",373717,"Species","Plantae","Viridiplantae","Chlorophyta","Chlorophytina","Ulvophyceae",NA,"Bryopsidales","Halimedaceae",NA,"Halimedeae","Halimeda","Halimeda monile",NA,NA,NA,NA,NA,NA,"Halimedineae",NA,NA,NA,NA,NA,NA,NA,NA,NA,NA,NA,NA
"1012",374715,"Species","Plantae","Viridiplantae","Tracheophyta","Spermatophytina","Magnoliopsida",NA,"Alismatales","Cymodoceaceae",NA,NA,"Syringodium","Syringodium filiforme","Streptophyta","Lilianae",NA,NA,NA,NA,NA,NA,NA,NA,NA,NA,NA,NA,NA,NA,NA,NA,NA
"1013",374716,"Species","Plantae","Viridiplantae","Tracheophyta","Spermatophytina","Magnoliopsida",NA,"Alismatales","Cymodoceaceae",NA,NA,"Syringodium","Syringodium isoetifolium","Streptophyta","Lilianae",NA,NA,NA,NA,NA,NA,NA,NA,NA,NA,NA,NA,NA,NA,NA,NA,NA
"1014",374720,"Species","Plantae","Viridiplantae","Tracheophyta","Spermatophytina","Magnoliopsida",NA,"Alismatales","Hydrocharitaceae",NA,NA,"Thalassia","Thalassia testudinum","Streptophyta","Lilianae",NA,NA,NA,NA,NA,NA,NA,NA,NA,NA,NA,NA,NA,NA,NA,NA,NA
"1015",374722,"Species","Plantae","Viridiplantae","Tracheophyta","Spermatophytina","Magnoliopsida",NA,"Alismatales","Hydrocharitaceae",NA,NA,"Halophila","Halophila engelmannii","Streptophyta","Lilianae",NA,NA,NA,NA,NA,NA,NA,NA,NA,NA,NA,NA,NA,NA,NA,NA,NA
"1016",377141,"Species","Chromista","Harosa",NA,NA,"Phaeophyceae","Dictyotophycidae","Dictyotales","Dictyotaceae",NA,"Dictyoteae","Canistrocarpus","Canistrocarpus cervicornis","Heterokonta",NA,"Ochrophyta",NA,NA,NA,NA,NA,NA,NA,NA,NA,NA,NA,NA,NA,NA,NA,NA
"1017",381797,"Forma","Plantae","Viridiplantae","Chlorophyta","Chlorophytina","Ulvophyceae",NA,"Bryopsidales","Dichotomosiphonaceae",NA,NA,"Avrainvillea","Avrainvillea nigricans",NA,NA,NA,NA,NA,NA,NA,NA,NA,NA,NA,NA,NA,NA,NA,NA,NA,"Avrainvillea nigricans f. spongiosa",NA
"1018",382003,"Order","Animalia",NA,NA,NA,"Polyplacophora","Neoloricata","Chitonida",NA,NA,NA,NA,NA,NA,NA,"Mollusca",NA,NA,NA,NA,NA,NA,NA,NA,NA,NA,NA,NA,NA,NA,NA,NA
"1019",382214,"superfamily","Animalia",NA,NA,NA,"Gastropoda","Caenogastropoda","Neogastropoda",NA,NA,NA,NA,NA,NA,NA,"Mollusca",NA,NA,NA,NA,NA,"Buccinoidea",NA,NA,NA,NA,NA,NA,NA,NA,NA,NA
"1020",382524,"Forma","Plantae","Viridiplantae","Chlorophyta","Chlorophytina","Ulvophyceae",NA,"Bryopsidales","Halimedaceae",NA,"Udoteeae","Rhipocephalus","Rhipocephalus phoenix",NA,NA,NA,NA,NA,NA,"Halimedineae",NA,NA,NA,NA,NA,NA,NA,NA,NA,NA,"Rhipocephalus phoenix f. brevifolius",NA
"1021",382543,"species","Animalia",NA,NA,NA,"Gastropoda","Caenogastropoda","Neogastropoda","Volutidae","Volutinae","Volutini","Voluta","Voluta polypleura",NA,NA,"Mollusca",NA,NA,NA,NA,NA,"Volutoidea",NA,NA,NA,NA,NA,NA,NA,NA,NA,NA
"1022",382891,"species","Animalia",NA,NA,NA,"Malacostraca","Eumalacostraca","Decapoda","Palinuridae",NA,NA,"Panulirus","Panulirus argus",NA,"Eucarida","Arthropoda","Crustacea","Multicrustacea",NA,"Pleocyemata","Achelata",NA,NA,NA,NA,NA,NA,NA,NA,NA,NA,NA
"1023",382896,"species","Animalia",NA,NA,NA,"Malacostraca","Eumalacostraca","Decapoda","Palinuridae",NA,NA,"Panulirus","Panulirus guttatus",NA,"Eucarida","Arthropoda","Crustacea","Multicrustacea",NA,"Pleocyemata","Achelata",NA,NA,NA,NA,NA,NA,NA,NA,NA,NA,NA
"1024",382899,"species","Animalia",NA,NA,NA,"Malacostraca","Eumalacostraca","Decapoda","Palinuridae",NA,NA,"Panulirus","Panulirus laevicauda",NA,"Eucarida","Arthropoda","Crustacea","Multicrustacea",NA,"Pleocyemata","Achelata",NA,NA,NA,NA,NA,NA,NA,NA,NA,NA,NA
"1025",382909,"species","Animalia",NA,NA,NA,"Malacostraca","Eumalacostraca","Decapoda","Scyllaridae","Arctidinae",NA,"Scyllarides","Scyllarides aequinoctialis",NA,"Eucarida","Arthropoda","Crustacea","Multicrustacea",NA,"Pleocyemata","Achelata",NA,NA,NA,NA,NA,NA,NA,NA,NA,NA,NA
"1026",386549,"Species","Animalia",NA,NA,NA,"Polyplacophora","Neoloricata","Chitonida","Acanthochitonidae","Acanthochitoninae",NA,"Cryptoconchus","Cryptoconchus floridanus",NA,NA,"Mollusca",NA,NA,NA,"Acanthochitonina",NA,"Cryptoplacoidea",NA,NA,NA,NA,NA,NA,NA,NA,NA,NA
"1027",390557,"species","Animalia",NA,NA,NA,"Gastropoda","Caenogastropoda","Littorinimorpha","Cypraeidae","Luriinae","Luriini","Luria","Luria cinerea",NA,NA,"Mollusca",NA,NA,NA,NA,NA,"Cypraeoidea",NA,NA,NA,NA,NA,NA,NA,NA,NA,NA
"1028",394269,"Species","Animalia",NA,NA,NA,"Bivalvia","Autobranchia","Pectinida","Pectinidae","Pectininae","Aequipectinini","Argopecten","Argopecten purpuratus",NA,NA,"Mollusca",NA,NA,"Pteriomorphia",NA,NA,"Pectinoidea",NA,NA,NA,NA,NA,NA,NA,NA,NA,NA
"1029",394864,"Species","Animalia",NA,NA,NA,"Malacostraca","Eumalacostraca","Amphipoda","Caprellidae","Caprellinae",NA,"Caprella","Caprella californica",NA,"Peracarida","Arthropoda","Crustacea","Multicrustacea",NA,"Senticaudata","Corophiida","Caprelloidea","Caprellidira",NA,NA,NA,NA,NA,NA,NA,NA,NA
"1030",395176,"Species","Animalia",NA,NA,NA,"Malacostraca","Eumalacostraca","Decapoda","Penaeidae",NA,NA,"Penaeus","Penaeus aztecus",NA,"Eucarida","Arthropoda","Crustacea","Multicrustacea",NA,"Dendrobranchiata",NA,"Penaeoidea",NA,NA,NA,NA,NA,NA,NA,NA,NA,NA
"1031",396707,"Species","Animalia",NA,NA,NA,"Malacostraca","Eumalacostraca","Decapoda","Porcellanidae",NA,NA,"Petrolisthes","Petrolisthes armatus",NA,"Eucarida","Arthropoda","Crustacea","Multicrustacea",NA,"Pleocyemata","Anomura","Galatheoidea",NA,NA,NA,NA,NA,NA,NA,NA,NA,NA
"1032",396741,"species","Animalia",NA,NA,NA,"Echinoidea","Cidaroidea","Cidaroida","Cidaridae","Cidarinae",NA,"Eucidaris","Eucidaris tribuloides",NA,NA,"Echinodermata","Echinozoa",NA,NA,NA,NA,"Cidaroidea",NA,NA,NA,NA,NA,NA,NA,NA,NA,NA
"1033",397024,"Species","Animalia",NA,NA,NA,"Gastropoda","Heterobranchia",NA,"Pyramidellidae",NA,NA,"Boonea","Boonea bisuturalis",NA,"Pylopulmonata","Mollusca",NA,NA,"Euthyneura",NA,NA,"Pyramidelloidea",NA,"Tectipleura",NA,NA,NA,NA,NA,NA,NA,NA
"1034",397026,"Species","Animalia",NA,NA,NA,"Bivalvia","Autobranchia","Mytilida","Mytilidae","Brachidontinae",NA,"Brachidontes","Brachidontes exustus",NA,NA,"Mollusca",NA,NA,"Pteriomorphia",NA,NA,"Mytiloidea",NA,NA,NA,NA,NA,NA,NA,NA,NA,NA
"1035",397040,"Species","Animalia",NA,NA,NA,"Bivalvia","Autobranchia","Venerida","Veneridae","Venerinae",NA,"Chione","Chione cancellata",NA,"Imparidentia","Mollusca",NA,NA,"Heteroconchia",NA,NA,"Veneroidea",NA,"Euheterodonta",NA,NA,NA,NA,NA,NA,NA,NA
"1036",402646,"species","Animalia",NA,NA,NA,"Teleostei",NA,"Blenniiformes","Chaenopsidae",NA,NA,"Hemiemblemaria","Hemiemblemaria simula",NA,NA,"Chordata","Vertebrata","Actinopteri",NA,NA,NA,NA,NA,NA,NA,NA,"Gnathostomata","Osteichthyes","Actinopterygii",NA,NA,NA
"1037",403903,"Genus","Plantae","Viridiplantae","Tracheophyta","Spermatophytina","Magnoliopsida",NA,"Caryophyllales","Amaranthaceae",NA,NA,"Salicornia",NA,"Streptophyta","Caryophyllanae",NA,NA,NA,NA,NA,NA,NA,NA,NA,NA,NA,NA,NA,NA,NA,NA,NA
"1038",404078,"Species","Animalia",NA,NA,NA,"Demospongiae","Heteroscleromorpha","Poecilosclerida","Tedaniidae",NA,NA,"Tedania","Tedania ignis",NA,NA,"Porifera",NA,NA,NA,NA,NA,NA,NA,NA,NA,NA,NA,NA,NA,NA,NA,NA
"1039",406356,"species","Animalia",NA,NA,NA,"Gastropoda","Caenogastropoda","Neogastropoda","Muricidae","Muricinae",NA,"Calotrophon","Calotrophon ostrearum",NA,NA,"Mollusca",NA,NA,NA,NA,NA,"Muricoidea",NA,NA,NA,NA,NA,NA,NA,NA,NA,NA
"1040",407876,"species","Animalia",NA,NA,NA,"Gastropoda","Caenogastropoda","Neogastropoda","Muricidae","Aspellinae",NA,"Murexsul","Murexsul oxytatus",NA,NA,"Mollusca",NA,NA,NA,NA,NA,"Muricoidea",NA,NA,NA,NA,NA,NA,NA,NA,NA,NA
"1041",408934,"genus","Animalia",NA,NA,NA,"Malacostraca","Hoplocarida","Stomatopoda","Gonodactylidae",NA,NA,"Neogonodactylus",NA,NA,NA,"Arthropoda","Crustacea","Multicrustacea",NA,"Unipeltata",NA,"Gonodactyloidea",NA,NA,NA,NA,NA,NA,NA,NA,NA,NA
"1042",408942,"species","Animalia",NA,NA,NA,"Malacostraca","Hoplocarida","Stomatopoda","Gonodactylidae",NA,NA,"Neogonodactylus","Neogonodactylus curacaoensis",NA,NA,"Arthropoda","Crustacea","Multicrustacea",NA,"Unipeltata",NA,"Gonodactyloidea",NA,NA,NA,NA,NA,NA,NA,NA,NA,NA
"1043",409037,"species","Animalia",NA,NA,NA,"Malacostraca","Hoplocarida","Stomatopoda","Lysiosquillidae",NA,NA,"Lysiosquilla","Lysiosquilla scabricauda",NA,NA,"Arthropoda","Crustacea","Multicrustacea",NA,"Unipeltata",NA,"Lysiosquilloidea",NA,NA,NA,NA,NA,NA,NA,NA,NA,NA
"1044",410856,"species","Animalia",NA,NA,NA,"Gastropoda","Caenogastropoda","Neogastropoda","Muricidae","Coralliophilinae",NA,"Babelomurex","Babelomurex mansfieldi",NA,NA,"Mollusca",NA,NA,NA,NA,NA,"Muricoidea",NA,NA,NA,NA,NA,NA,NA,NA,NA,NA
"1045",411268,"species","Animalia",NA,NA,NA,"Hexacorallia",NA,"Scleractinia","Poritidae",NA,NA,"Porites","Porites divaricata",NA,NA,"Cnidaria","Anthozoa",NA,NA,"Refertina",NA,NA,NA,NA,NA,NA,NA,NA,NA,NA,NA,NA
"1046",411814,"Family","Animalia",NA,NA,NA,"Gastropoda","Caenogastropoda","Neogastropoda","Pseudomelatomidae",NA,NA,NA,NA,NA,NA,"Mollusca",NA,NA,NA,NA,NA,"Conoidea",NA,NA,NA,NA,NA,NA,NA,NA,NA,NA
"1047",413385,"Species","Animalia",NA,NA,NA,"Gastropoda","Vetigastropoda","Trochida","Turbinidae","Prisogasterinae",NA,"Prisogaster","Prisogaster niger",NA,NA,"Mollusca",NA,NA,NA,NA,NA,"Trochoidea",NA,NA,NA,NA,NA,NA,NA,NA,NA,NA
"1048",413389,"species","Animalia",NA,NA,NA,"Gastropoda","Vetigastropoda","Trochida","Turbinidae","Turbininae",NA,"Astralium","Astralium rhodostomum",NA,NA,"Mollusca",NA,NA,NA,NA,NA,"Trochoidea",NA,NA,NA,NA,NA,NA,NA,NA,NA,NA
"1049",413408,"species","Animalia",NA,NA,NA,"Gastropoda","Vetigastropoda","Trochida","Turbinidae","Turbininae",NA,"Lithopoma","Lithopoma caelatum",NA,NA,"Mollusca",NA,NA,NA,NA,NA,"Trochoidea",NA,NA,NA,NA,NA,NA,NA,NA,NA,NA
"1050",413409,"Species","Animalia",NA,NA,NA,"Gastropoda","Vetigastropoda","Trochida","Turbinidae","Turbininae",NA,"Lithopoma","Lithopoma phoebium",NA,NA,"Mollusca",NA,NA,NA,NA,NA,"Trochoidea",NA,NA,NA,NA,NA,NA,NA,NA,NA,NA
"1051",413459,"Genus","Animalia",NA,NA,NA,"Gastropoda","Vetigastropoda","Trochida","Trochidae","Umboniinae",NA,"Lirularia",NA,NA,NA,"Mollusca",NA,NA,NA,NA,NA,"Trochoidea",NA,NA,NA,NA,NA,NA,NA,NA,NA,NA
"1052",413481,"Genus","Animalia",NA,NA,NA,"Gastropoda","Vetigastropoda","Trochida","Areneidae",NA,NA,"Arene",NA,NA,NA,"Mollusca",NA,NA,NA,NA,NA,"Trochoidea",NA,NA,NA,NA,NA,NA,NA,NA,NA,NA
"1053",415424,"Genus","Animalia",NA,NA,NA,"Malacostraca","Eumalacostraca","Amphipoda","Aoridae",NA,NA,"Globosolembos",NA,NA,"Peracarida","Arthropoda","Crustacea","Multicrustacea",NA,"Senticaudata","Corophiida","Aoroidea","Corophiidira",NA,NA,NA,NA,NA,NA,NA,NA,NA
"1054",415649,"Genus","Animalia",NA,NA,NA,"Malacostraca","Eumalacostraca","Decapoda","Mithracidae",NA,NA,"Mithraculus",NA,NA,"Eucarida","Arthropoda","Crustacea","Multicrustacea",NA,"Pleocyemata","Brachyura","Majoidea",NA,NA,"Eubrachyura","Heterotremata",NA,NA,NA,NA,NA,NA
"1055",415843,"genus","Animalia",NA,NA,NA,"Malacostraca","Eumalacostraca","Decapoda","Inachidae",NA,NA,"Podochela",NA,NA,"Eucarida","Arthropoda","Crustacea","Multicrustacea",NA,"Pleocyemata","Brachyura","Majoidea",NA,NA,"Eubrachyura","Heterotremata",NA,NA,NA,NA,NA,NA
"1056",416054,"Genus","Animalia",NA,NA,NA,"Malacostraca","Eumalacostraca","Amphipoda","Pontogeneiidae",NA,NA,"Tethygeneia",NA,NA,"Peracarida","Arthropoda","Crustacea","Multicrustacea",NA,"Senticaudata","Hadziida","Calliopioidea","Hadziidira",NA,NA,NA,NA,NA,NA,NA,NA,NA
"1057",416187,"Species","Plantae","Viridiplantae","Charophyta",NA,"Charophyceae",NA,"Charales","Characeae",NA,NA,"Tolypella","Tolypella nidifica","Streptophyta",NA,NA,NA,NA,NA,"Charineae",NA,NA,NA,NA,NA,NA,NA,NA,NA,NA,NA,NA
"1058",416205,"Species","Plantae","Viridiplantae","Tracheophyta","Spermatophytina","Magnoliopsida",NA,"Saxifragales","Haloragaceae",NA,NA,"Myriophyllum","Myriophyllum spicatum","Streptophyta","Saxifraganae",NA,NA,NA,NA,NA,NA,NA,NA,NA,NA,NA,NA,NA,NA,NA,NA,NA
"1059",416212,"Species","Plantae","Viridiplantae","Tracheophyta","Spermatophytina","Magnoliopsida",NA,"Alismatales","Potamogetonaceae",NA,NA,"Potamogeton","Potamogeton perfoliatus","Streptophyta","Lilianae",NA,NA,NA,NA,NA,NA,NA,NA,NA,NA,NA,NA,NA,NA,NA,NA,NA
"1060",416218,"Species","Plantae","Viridiplantae","Tracheophyta","Spermatophytina","Magnoliopsida",NA,"Alismatales","Ruppiaceae",NA,NA,"Ruppia","Ruppia cirrhosa","Streptophyta","Lilianae",NA,NA,NA,NA,NA,NA,NA,NA,NA,NA,NA,NA,NA,NA,NA,NA,NA
"1061",416222,"Species","Plantae","Viridiplantae","Tracheophyta","Spermatophytina","Magnoliopsida",NA,"Alismatales","Potamogetonaceae",NA,NA,"Zannichellia","Zannichellia palustris","Streptophyta","Lilianae",NA,NA,NA,NA,NA,NA,NA,NA,NA,NA,NA,NA,NA,NA,NA,NA,NA
"1062",417036,"Species","Animalia",NA,NA,NA,NA,NA,"Polycladida","Stylochidae",NA,NA,"Stylochus","Stylochus ellipticus",NA,NA,"Platyhelminthes","Rhabditophora",NA,NA,"Acotylea",NA,"Stylochoidea",NA,NA,NA,NA,NA,NA,NA,NA,NA,NA
"1063",418865,"species","Animalia",NA,NA,NA,"Hexacorallia",NA,"Scleractinia","Meandrinidae",NA,NA,"Dendrogyra","Dendrogyra cylindrus",NA,NA,"Cnidaria","Anthozoa",NA,NA,"Vacatina",NA,NA,NA,NA,NA,NA,NA,NA,NA,NA,NA,NA
"1064",419347,"Species","Animalia",NA,NA,NA,"Gastropoda","Vetigastropoda","Lepetellida","Fissurellidae","Fissurellideinae",NA,"Diodora","Diodora sayi",NA,NA,"Mollusca",NA,NA,NA,NA,NA,"Fissurelloidea",NA,NA,NA,NA,NA,NA,NA,NA,NA,NA
"1065",419449,"species","Animalia",NA,NA,NA,"Gastropoda","Vetigastropoda","Trochida","Tegulidae",NA,NA,"Cittarium","Cittarium pica",NA,NA,"Mollusca",NA,NA,NA,NA,NA,"Trochoidea",NA,NA,NA,NA,NA,NA,NA,NA,NA,NA
"1066",419471,"Species","Animalia",NA,NA,NA,"Gastropoda","Vetigastropoda","Trochida","Areneidae",NA,NA,"Arene","Arene cruentata",NA,NA,"Mollusca",NA,NA,NA,NA,NA,"Trochoidea",NA,NA,NA,NA,NA,NA,NA,NA,NA,NA
"1067",419483,"Species","Animalia",NA,NA,NA,"Gastropoda","Vetigastropoda","Trochida","Phasianellidae",NA,NA,"Eulithidium","Eulithidium affine",NA,NA,"Mollusca",NA,NA,NA,NA,NA,"Trochoidea",NA,NA,NA,NA,NA,NA,NA,NA,NA,NA
"1068",419487,"Species","Animalia",NA,NA,NA,"Gastropoda","Vetigastropoda","Trochida","Phasianellidae",NA,NA,"Eulithidium","Eulithidium thalassicola",NA,NA,"Mollusca",NA,NA,NA,NA,NA,"Trochoidea",NA,NA,NA,NA,NA,NA,NA,NA,NA,NA
"1069",419498,"species","Animalia",NA,NA,NA,"Gastropoda","Vetigastropoda","Trochida","Turbinidae","Turbininae",NA,"Astralium","Astralium phoebium",NA,NA,"Mollusca",NA,NA,NA,NA,NA,"Trochoidea",NA,NA,NA,NA,NA,NA,NA,NA,NA,NA
"1070",419499,"Species","Animalia",NA,NA,NA,"Gastropoda","Vetigastropoda","Trochida","Turbinidae","Turbininae",NA,"Lithopoma","Lithopoma tectum",NA,NA,"Mollusca",NA,NA,NA,NA,NA,"Trochoidea",NA,NA,NA,NA,NA,NA,NA,NA,NA,NA
"1071",419521,"species","Animalia",NA,NA,NA,"Gastropoda","Caenogastropoda","Caenogastropoda incertae sedis","Cerithiidae","Cerithiinae",NA,"Cerithium","Cerithium eburneum",NA,NA,"Mollusca",NA,NA,NA,NA,NA,"Cerithioidea",NA,NA,NA,NA,NA,NA,NA,NA,NA,NA
"1072",419522,"Species","Animalia",NA,NA,NA,"Gastropoda","Caenogastropoda","Caenogastropoda incertae sedis","Cerithiidae","Cerithiinae",NA,"Cerithium","Cerithium lutosum",NA,NA,"Mollusca",NA,NA,NA,NA,NA,"Cerithioidea",NA,NA,NA,NA,NA,NA,NA,NA,NA,NA
"1073",419523,"Species","Animalia",NA,NA,NA,"Gastropoda","Caenogastropoda","Caenogastropoda incertae sedis","Cerithiidae","Cerithiinae",NA,"Cerithium","Cerithium muscarum",NA,NA,"Mollusca",NA,NA,NA,NA,NA,"Cerithioidea",NA,NA,NA,NA,NA,NA,NA,NA,NA,NA
"1074",419538,"Species","Animalia",NA,NA,NA,"Gastropoda","Caenogastropoda","Caenogastropoda incertae sedis","Scaliolidae",NA,NA,"Finella","Finella dubia",NA,NA,"Mollusca",NA,NA,NA,NA,NA,"Cerithioidea",NA,NA,NA,NA,NA,NA,NA,NA,NA,NA
"1075",419546,"Species","Animalia",NA,NA,NA,"Gastropoda","Caenogastropoda","Caenogastropoda incertae sedis","Turritellidae","Turritellinae",NA,"Vermicularia","Vermicularia knorrii",NA,NA,"Mollusca",NA,NA,NA,NA,NA,"Cerithioidea",NA,NA,NA,NA,NA,NA,NA,NA,NA,NA
"1076",419588,"Species","Animalia",NA,NA,NA,"Gastropoda","Caenogastropoda","Littorinimorpha","Caecidae","Caecinae",NA,"Caecum","Caecum floridanum",NA,NA,"Mollusca",NA,NA,NA,NA,NA,"Truncatelloidea",NA,NA,NA,NA,NA,NA,NA,NA,NA,NA
"1077",419645,"Species","Animalia",NA,NA,NA,"Gastropoda","Caenogastropoda","Littorinimorpha","Zebinidae",NA,NA,"Zebina","Zebina browniana",NA,NA,"Mollusca",NA,NA,NA,NA,NA,"Rissooidea",NA,NA,NA,NA,NA,NA,NA,NA,NA,NA
"1078",419695,"species","Animalia",NA,NA,NA,"Gastropoda","Caenogastropoda","Littorinimorpha","Strombidae",NA,NA,"Strombus","Strombus pugilis",NA,NA,"Mollusca",NA,NA,NA,NA,NA,"Stromboidea",NA,NA,NA,NA,NA,NA,NA,NA,NA,NA
"1079",419701,"Species","Animalia",NA,NA,NA,"Gastropoda","Caenogastropoda","Littorinimorpha","Calyptraeidae",NA,NA,"Calyptraea","Calyptraea centralis",NA,NA,"Mollusca",NA,NA,NA,NA,NA,"Calyptraeoidea",NA,NA,NA,NA,NA,NA,NA,NA,NA,NA
"1080",419704,"Species","Animalia",NA,NA,NA,"Gastropoda","Caenogastropoda","Littorinimorpha","Calyptraeidae",NA,NA,"Crepidula","Crepidula maculosa",NA,NA,"Mollusca",NA,NA,NA,NA,NA,"Calyptraeoidea",NA,NA,NA,NA,NA,NA,NA,NA,NA,NA
"1081",419722,"species","Animalia",NA,NA,NA,"Gastropoda","Caenogastropoda","Littorinimorpha","Cypraeidae","Cypraeinae","Mauritiini","Macrocypraea","Macrocypraea cervus",NA,NA,"Mollusca",NA,NA,NA,NA,NA,"Cypraeoidea",NA,NA,NA,NA,NA,NA,NA,NA,NA,NA
"1082",419723,"species","Animalia",NA,NA,NA,"Gastropoda","Caenogastropoda","Littorinimorpha","Cypraeidae","Cypraeinae","Mauritiini","Macrocypraea","Macrocypraea zebra",NA,NA,"Mollusca",NA,NA,NA,NA,NA,"Cypraeoidea",NA,NA,NA,NA,NA,NA,NA,NA,NA,NA
"1083",419806,"Species","Animalia",NA,NA,NA,"Gastropoda","Caenogastropoda","Caenogastropoda incertae sedis","Epitoniidae",NA,NA,"Epitonium","Epitonium candeanum",NA,NA,"Mollusca",NA,NA,NA,NA,NA,"Epitonioidea",NA,NA,NA,NA,NA,NA,NA,NA,NA,NA
"1084",419934,"species","Animalia",NA,NA,NA,"Gastropoda","Caenogastropoda","Neogastropoda","Muricidae","Coralliophilinae",NA,"Coralliophila","Coralliophila galea",NA,NA,"Mollusca",NA,NA,NA,NA,NA,"Muricoidea",NA,NA,NA,NA,NA,NA,NA,NA,NA,NA
"1085",419938,"species","Animalia",NA,NA,NA,"Gastropoda","Caenogastropoda","Neogastropoda","Muricidae","Muricinae",NA,"Chicoreus","Chicoreus dilectus",NA,NA,"Mollusca",NA,NA,NA,NA,NA,"Muricoidea",NA,NA,NA,NA,NA,NA,NA,NA,NA,NA
"1086",419944,"species","Animalia",NA,NA,NA,"Gastropoda","Caenogastropoda","Neogastropoda","Muricidae","Muricinae",NA,"Phyllonotus","Phyllonotus pomum",NA,NA,"Mollusca",NA,NA,NA,NA,NA,"Muricoidea",NA,NA,NA,NA,NA,NA,NA,NA,NA,NA
"1087",419959,"species","Animalia",NA,NA,NA,"Gastropoda","Caenogastropoda","Neogastropoda","Nassariidae","Photinae",NA,"Antillophos","Antillophos candeanus",NA,NA,"Mollusca",NA,NA,NA,NA,NA,"Buccinoidea",NA,NA,NA,NA,NA,NA,NA,NA,NA,NA
"1088",419968,"species","Animalia",NA,NA,NA,"Gastropoda","Caenogastropoda","Neogastropoda","Pisaniidae",NA,NA,"Gemophos","Gemophos auritulus",NA,NA,"Mollusca",NA,NA,NA,NA,NA,"Buccinoidea",NA,NA,NA,NA,NA,NA,NA,NA,NA,NA
"1089",419969,"Species","Animalia",NA,NA,NA,"Gastropoda","Caenogastropoda","Neogastropoda","Pisaniidae",NA,NA,"Gemophos","Gemophos tinctus",NA,NA,"Mollusca",NA,NA,NA,NA,NA,"Buccinoidea",NA,NA,NA,NA,NA,NA,NA,NA,NA,NA
"1090",419972,"species","Animalia",NA,NA,NA,"Gastropoda","Caenogastropoda","Neogastropoda","Pisaniidae",NA,NA,"Hesperisternia","Hesperisternia multangulus",NA,NA,"Mollusca",NA,NA,NA,NA,NA,"Buccinoidea",NA,NA,NA,NA,NA,NA,NA,NA,NA,NA
"1091",419978,"species","Animalia",NA,NA,NA,"Gastropoda","Caenogastropoda","Neogastropoda","Pisaniidae",NA,NA,"Pisania","Pisania pusio",NA,NA,"Mollusca",NA,NA,NA,NA,NA,"Buccinoidea",NA,NA,NA,NA,NA,NA,NA,NA,NA,NA
"1092",420024,"species","Animalia",NA,NA,NA,"Gastropoda","Caenogastropoda","Neogastropoda","Fasciolariidae","Fasciolariinae",NA,"Fasciolaria","Fasciolaria tulipa",NA,NA,"Mollusca",NA,NA,NA,NA,NA,"Buccinoidea",NA,NA,NA,NA,NA,NA,NA,NA,NA,NA
"1093",420044,"species","Animalia",NA,NA,NA,"Gastropoda","Caenogastropoda","Neogastropoda","Fasciolariidae","Peristerniinae",NA,"Leucozonia","Leucozonia nassa",NA,NA,"Mollusca",NA,NA,NA,NA,NA,"Buccinoidea",NA,NA,NA,NA,NA,NA,NA,NA,NA,NA
"1094",420045,"species","Animalia",NA,NA,NA,"Gastropoda","Caenogastropoda","Neogastropoda","Fasciolariidae","Peristerniinae",NA,"Leucozonia","Leucozonia ocellata",NA,NA,"Mollusca",NA,NA,NA,NA,NA,"Buccinoidea",NA,NA,NA,NA,NA,NA,NA,NA,NA,NA
"1095",420051,"species","Animalia",NA,NA,NA,"Gastropoda","Caenogastropoda","Neogastropoda","Fasciolariidae","Fasciolariinae",NA,"Triplofusus","Triplofusus giganteus",NA,NA,"Mollusca",NA,NA,NA,NA,NA,"Buccinoidea",NA,NA,NA,NA,NA,NA,NA,NA,NA,NA
"1096",420079,"species","Animalia",NA,NA,NA,"Gastropoda","Caenogastropoda","Neogastropoda","Vasidae",NA,NA,"Vasum","Vasum muricatum",NA,NA,"Mollusca",NA,NA,NA,NA,NA,"Turbinelloidea",NA,NA,NA,NA,NA,NA,NA,NA,NA,NA
"1097",420126,"species","Animalia",NA,NA,NA,"Gastropoda","Caenogastropoda","Neogastropoda","Olividae","Olivinae",NA,"Oliva","Oliva reticularis",NA,NA,"Mollusca",NA,NA,NA,NA,NA,"Olivoidea",NA,NA,NA,NA,NA,NA,NA,NA,NA,NA
"1098",420149,"Species","Animalia",NA,NA,NA,"Gastropoda","Caenogastropoda","Neogastropoda","Marginellidae","Pruninae",NA,"Prunum","Prunum apicinum",NA,NA,"Mollusca",NA,NA,NA,NA,NA,"Volutoidea",NA,NA,NA,NA,NA,NA,NA,NA,NA,NA
"1099",420208,"species","Animalia",NA,NA,NA,"Gastropoda","Caenogastropoda","Neogastropoda","Conidae",NA,NA,"Conus","Conus daucus",NA,NA,"Mollusca",NA,NA,NA,NA,NA,"Conoidea",NA,NA,NA,NA,NA,NA,NA,NA,NA,NA
"1100",420266,"species","Animalia",NA,NA,NA,"Gastropoda","Caenogastropoda","Neogastropoda","Pseudomelatomidae",NA,NA,"Pyrgospira","Pyrgospira tampaensis",NA,NA,"Mollusca",NA,NA,NA,NA,NA,"Conoidea",NA,NA,NA,NA,NA,NA,NA,NA,NA,NA
"1101",420414,"Species","Animalia",NA,NA,NA,"Gastropoda","Heterobranchia",NA,"Rissoellidae",NA,NA,"Rissoella","Rissoella caribaea",NA,NA,"Mollusca",NA,NA,"Euthyneura",NA,NA,"Rissoelloidea",NA,"Acteonimorpha",NA,NA,NA,NA,NA,NA,NA,NA
"1102",420437,"Species","Animalia",NA,NA,NA,"Gastropoda","Heterobranchia",NA,"Pyramidellidae",NA,NA,"Boonea","Boonea impressa",NA,"Pylopulmonata","Mollusca",NA,NA,"Euthyneura",NA,NA,"Pyramidelloidea",NA,"Tectipleura",NA,NA,NA,NA,NA,NA,NA,NA
"1103",420483,"Species","Animalia",NA,NA,NA,"Gastropoda","Heterobranchia",NA,"Pyramidellidae","Turbonillinae",NA,"Turbonilla","Turbonilla dalli",NA,"Pylopulmonata","Mollusca",NA,NA,"Euthyneura",NA,NA,"Pyramidelloidea",NA,"Tectipleura",NA,NA,NA,NA,NA,NA,NA,NA
"1104",420514,"Species","Animalia",NA,NA,NA,"Gastropoda","Heterobranchia",NA,"Acteonidae",NA,NA,"Japonactaeon","Japonactaeon punctostriatus",NA,NA,"Mollusca",NA,NA,"Euthyneura",NA,NA,"Acteonoidea",NA,"Acteonimorpha",NA,NA,NA,NA,NA,NA,NA,NA
"1105",420524,"Species","Animalia",NA,NA,NA,"Gastropoda","Heterobranchia","Cephalaspidea","Haminoeidae",NA,NA,"Haminoea","Haminoea antillarum",NA,NA,"Mollusca",NA,NA,"Euthyneura",NA,NA,"Haminoeoidea",NA,"Tectipleura",NA,NA,NA,NA,NA,NA,NA,NA
"1106",420526,"Species","Animalia",NA,NA,NA,"Gastropoda","Heterobranchia","Cephalaspidea","Haminoeidae",NA,NA,"Haminoea","Haminoea succinea",NA,NA,"Mollusca",NA,NA,"Euthyneura",NA,NA,"Haminoeoidea",NA,"Tectipleura",NA,NA,NA,NA,NA,NA,NA,NA
"1107",420528,"species","Animalia",NA,NA,NA,"Gastropoda","Heterobranchia","Cephalaspidea","Aglajidae",NA,NA,"Chelidonura","Chelidonura hirundinina",NA,NA,"Mollusca",NA,NA,"Euthyneura",NA,NA,"Philinoidea",NA,"Tectipleura",NA,NA,NA,NA,NA,NA,NA,NA
"1108",420572,"species","Animalia",NA,NA,NA,"Gastropoda","Heterobranchia",NA,"Plakobranchidae",NA,NA,"Elysia","Elysia crispata",NA,"Sacoglossa","Mollusca",NA,NA,"Euthyneura",NA,NA,"Plakobranchoidea",NA,"Tectipleura",NA,NA,NA,NA,NA,NA,NA,NA
"1109",420705,"Species","Animalia",NA,NA,NA,"Bivalvia","Autobranchia","Mytilida","Modiolidae","Modiolinae",NA,"Modiolus","Modiolus americanus",NA,NA,"Mollusca",NA,NA,"Pteriomorphia",NA,NA,"Mytiloidea",NA,NA,NA,NA,NA,NA,NA,NA,NA,NA
"1110",420707,"Species","Animalia",NA,NA,NA,"Bivalvia","Autobranchia","Mytilida","Mytilidae","Crenellinae",NA,"Musculus","Musculus lateralis",NA,NA,"Mollusca",NA,NA,"Pteriomorphia",NA,NA,"Mytiloidea",NA,NA,NA,NA,NA,NA,NA,NA,NA,NA
"1111",420721,"Species","Animalia",NA,NA,NA,"Bivalvia","Autobranchia","Arcida","Arcidae",NA,NA,"Lunarca","Lunarca ovalis",NA,NA,"Mollusca",NA,NA,"Pteriomorphia",NA,NA,"Arcoidea",NA,NA,NA,NA,NA,NA,NA,NA,NA,NA
"1112",420736,"Species","Animalia",NA,NA,NA,"Bivalvia","Autobranchia","Ostreida","Isognomonidae",NA,NA,"Isognomon","Isognomon alatus",NA,NA,"Mollusca",NA,NA,"Pteriomorphia",NA,NA,"Pterioidea",NA,NA,NA,NA,NA,NA,NA,NA,NA,NA
"1113",420742,"species","Animalia",NA,NA,NA,"Bivalvia","Autobranchia","Ostreida","Pinnidae",NA,NA,"Pinna","Pinna carnea",NA,NA,"Mollusca",NA,NA,"Pteriomorphia",NA,NA,"Pinnoidea",NA,NA,NA,NA,NA,NA,NA,NA,NA,NA
"1114",420747,"species","Animalia",NA,NA,NA,"Bivalvia","Autobranchia","Limida","Limidae",NA,NA,"Ctenoides","Ctenoides scaber",NA,NA,"Mollusca",NA,NA,"Pteriomorphia",NA,NA,"Limoidea",NA,NA,NA,NA,NA,NA,NA,NA,NA,NA
"1115",420819,"species","Animalia",NA,NA,NA,"Bivalvia","Autobranchia","Venerida","Chamidae",NA,NA,"Chama","Chama sarda",NA,"Imparidentia","Mollusca",NA,NA,"Heteroconchia",NA,NA,"Chamoidea",NA,"Euheterodonta",NA,NA,NA,NA,NA,NA,NA,NA
"1116",421139,"Species","Animalia",NA,NA,NA,"Thecostraca","Cirripedia","Balanomorpha","Balanidae","Amphibalaninae",NA,"Amphibalanus","Amphibalanus improvisus",NA,"Thoracicalcarea","Arthropoda","Crustacea","Multicrustacea","Thoracica",NA,NA,"Balanoidea",NA,NA,NA,NA,NA,NA,NA,NA,NA,NA
"1117",421442,"Species","Animalia",NA,NA,NA,"Malacostraca","Eumalacostraca","Amphipoda","Amphilochidae",NA,NA,"Apolochus","Apolochus delacaya",NA,"Peracarida","Arthropoda","Crustacea","Multicrustacea",NA,"Amphilochidea","Amphilochida","Amphilochoidea","Amphilochidira",NA,NA,NA,NA,NA,NA,NA,NA,NA
"1118",421444,"Species","Animalia",NA,NA,NA,"Malacostraca","Eumalacostraca","Amphipoda","Amphilochidae",NA,NA,"Hourstonius","Hourstonius laguna",NA,"Peracarida","Arthropoda","Crustacea","Multicrustacea",NA,"Amphilochidea","Amphilochida","Amphilochoidea","Amphilochidira",NA,NA,NA,NA,NA,NA,NA,NA,NA
"1119",421482,"Species","Animalia",NA,NA,NA,"Malacostraca","Eumalacostraca","Amphipoda","Iphimediidae",NA,NA,"Iphimedia","Iphimedia zora",NA,"Peracarida","Arthropoda","Crustacea","Multicrustacea",NA,"Amphilochidea","Amphilochida","Iphimedioidea","Amphilochidira",NA,NA,NA,NA,NA,NA,NA,NA,NA
"1120",421504,"Species","Animalia",NA,NA,NA,"Malacostraca","Eumalacostraca","Amphipoda","Melitidae",NA,NA,"Dulichiella","Dulichiella appendiculata",NA,"Peracarida","Arthropoda","Crustacea","Multicrustacea",NA,"Senticaudata","Hadziida","Hadzioidea","Hadziidira",NA,NA,NA,NA,NA,NA,NA,NA,NA
"1121",421508,"Species","Animalia",NA,NA,NA,"Malacostraca","Eumalacostraca","Amphipoda","Maeridae",NA,NA,"Elasmopus","Elasmopus levis",NA,"Peracarida","Arthropoda","Crustacea","Multicrustacea",NA,"Senticaudata","Hadziida","Hadzioidea","Hadziidira",NA,NA,NA,NA,NA,NA,NA,NA,NA
"1122",421523,"Species","Animalia",NA,NA,NA,"Malacostraca","Eumalacostraca","Amphipoda","Maeridae",NA,NA,"Quadrimaera","Quadrimaera quadrimana",NA,"Peracarida","Arthropoda","Crustacea","Multicrustacea",NA,"Senticaudata","Hadziida","Hadzioidea","Hadziidira",NA,NA,NA,NA,NA,NA,NA,NA,NA
"1123",421562,"Species","Animalia",NA,NA,NA,"Malacostraca","Eumalacostraca","Amphipoda","Aoridae",NA,NA,"Globosolembos","Globosolembos smithi",NA,"Peracarida","Arthropoda","Crustacea","Multicrustacea",NA,"Senticaudata","Corophiida","Aoroidea","Corophiidira",NA,NA,NA,NA,NA,NA,NA,NA,NA
"1124",421577,"Species","Animalia",NA,NA,NA,"Malacostraca","Eumalacostraca","Amphipoda","Corophiidae","Corophiinae","Corophiini","Laticorophium","Laticorophium baconi",NA,"Peracarida","Arthropoda","Crustacea","Multicrustacea",NA,"Senticaudata","Corophiida","Corophioidea","Corophiidira",NA,NA,NA,NA,NA,NA,NA,NA,NA
"1125",421581,"Species","Animalia",NA,NA,NA,"Malacostraca","Eumalacostraca","Amphipoda","Caprellidae","Caprellinae",NA,"Deutella","Deutella incerta",NA,"Peracarida","Arthropoda","Crustacea","Multicrustacea",NA,"Senticaudata","Corophiida","Caprelloidea","Caprellidira",NA,NA,NA,NA,NA,NA,NA,NA,NA
"1126",421589,"Species","Animalia",NA,NA,NA,"Malacostraca","Eumalacostraca","Amphipoda","Ischyroceridae","Ischyrocerinae","Cerapodini","Cerapus","Cerapus cudjoe",NA,"Peracarida","Arthropoda","Crustacea","Multicrustacea",NA,"Senticaudata","Corophiida","Photoidea","Caprellidira",NA,NA,NA,NA,NA,NA,NA,NA,NA
"1127",421664,"species","Animalia",NA,NA,NA,"Malacostraca","Eumalacostraca","Decapoda","Stenopodidae",NA,NA,"Stenopus","Stenopus scutellatus",NA,"Eucarida","Arthropoda","Crustacea","Multicrustacea",NA,"Pleocyemata","Stenopodidea",NA,NA,NA,NA,NA,NA,NA,NA,NA,NA,NA
"1128",421710,"species","Animalia",NA,NA,NA,"Malacostraca","Eumalacostraca","Decapoda","Palaemonidae",NA,NA,"Periclimenes","Periclimenes pedersoni",NA,"Eucarida","Arthropoda","Crustacea","Multicrustacea",NA,"Pleocyemata","Caridea","Palaemonoidea",NA,NA,NA,NA,NA,NA,NA,NA,NA,NA
"1129",421712,"species","Animalia",NA,NA,NA,"Malacostraca","Eumalacostraca","Decapoda","Palaemonidae",NA,NA,"Periclimenes","Periclimenes rathbunae",NA,"Eucarida","Arthropoda","Crustacea","Multicrustacea",NA,"Pleocyemata","Caridea","Palaemonoidea",NA,NA,NA,NA,NA,NA,NA,NA,NA,NA
"1130",421713,"species","Animalia",NA,NA,NA,"Malacostraca","Eumalacostraca","Decapoda","Palaemonidae",NA,NA,"Periclimenes","Periclimenes yucatanicus",NA,"Eucarida","Arthropoda","Crustacea","Multicrustacea",NA,"Pleocyemata","Caridea","Palaemonoidea",NA,NA,NA,NA,NA,NA,NA,NA,NA,NA
"1131",421729,"species","Animalia",NA,NA,NA,"Malacostraca","Eumalacostraca","Decapoda","Alpheidae",NA,NA,"Alpheus","Alpheus armatus",NA,"Eucarida","Arthropoda","Crustacea","Multicrustacea",NA,"Pleocyemata","Caridea","Alpheoidea",NA,NA,NA,NA,NA,NA,NA,NA,NA,NA
"1132",421744,"Species","Animalia",NA,NA,NA,"Malacostraca","Eumalacostraca","Decapoda","Alpheidae",NA,NA,"Alpheus","Alpheus viridari",NA,"Eucarida","Arthropoda","Crustacea","Multicrustacea",NA,"Pleocyemata","Caridea","Alpheoidea",NA,NA,NA,NA,NA,NA,NA,NA,NA,NA
"1133",421780,"species","Animalia",NA,NA,NA,"Malacostraca","Eumalacostraca","Decapoda","Lysmatidae",NA,NA,"Lysmata","Lysmata pederseni",NA,"Eucarida","Arthropoda","Crustacea","Multicrustacea",NA,"Pleocyemata","Caridea","Alpheoidea",NA,NA,NA,NA,NA,NA,NA,NA,NA,NA
"1134",421784,"Species","Animalia",NA,NA,NA,"Malacostraca","Eumalacostraca","Decapoda","Hippolytidae",NA,NA,"Tozeuma","Tozeuma carolinense",NA,"Eucarida","Arthropoda","Crustacea","Multicrustacea",NA,"Pleocyemata","Caridea","Alpheoidea",NA,NA,NA,NA,NA,NA,NA,NA,NA,NA
"1135",421821,"species","Animalia",NA,NA,NA,"Malacostraca","Eumalacostraca","Decapoda","Callichiridae",NA,NA,"Corallianassa","Corallianassa longiventris",NA,"Eucarida","Arthropoda","Crustacea","Multicrustacea",NA,"Pleocyemata","Axiidea",NA,NA,NA,NA,NA,NA,NA,NA,NA,NA,NA
"1136",421875,"species","Animalia",NA,NA,NA,"Malacostraca","Eumalacostraca","Decapoda","Porcellanidae",NA,NA,"Petrolisthes","Petrolisthes galathinus",NA,"Eucarida","Arthropoda","Crustacea","Multicrustacea",NA,"Pleocyemata","Anomura","Galatheoidea",NA,NA,NA,NA,NA,NA,NA,NA,NA,NA
"1137",421957,"species","Animalia",NA,NA,NA,"Malacostraca","Eumalacostraca","Decapoda","Inachoididae","Stenorhynchinae",NA,"Stenorhynchus","Stenorhynchus seticornis",NA,"Eucarida","Arthropoda","Crustacea","Multicrustacea",NA,"Pleocyemata","Brachyura","Majoidea",NA,NA,"Eubrachyura","Heterotremata",NA,NA,NA,NA,NA,NA
"1138",421978,"Species","Animalia",NA,NA,NA,"Malacostraca","Eumalacostraca","Decapoda","Epialtidae","Pisinae",NA,"Macrocoeloma","Macrocoeloma laevigatum",NA,"Eucarida","Arthropoda","Crustacea","Multicrustacea",NA,"Pleocyemata","Brachyura","Majoidea",NA,NA,"Eubrachyura","Heterotremata",NA,NA,NA,NA,NA,NA
"1139",421984,"species","Animalia",NA,NA,NA,"Malacostraca","Eumalacostraca","Decapoda","Mithracidae",NA,NA,"Microphrys","Microphrys bicornutus",NA,"Eucarida","Arthropoda","Crustacea","Multicrustacea",NA,"Pleocyemata","Brachyura","Majoidea",NA,NA,"Eubrachyura","Heterotremata",NA,NA,NA,NA,NA,NA
"1140",421986,"species","Animalia",NA,NA,NA,"Malacostraca","Eumalacostraca","Decapoda","Mithracidae",NA,NA,"Mithraculus","Mithraculus cinctimanus",NA,"Eucarida","Arthropoda","Crustacea","Multicrustacea",NA,"Pleocyemata","Brachyura","Majoidea",NA,NA,"Eubrachyura","Heterotremata",NA,NA,NA,NA,NA,NA
"1141",421987,"species","Animalia",NA,NA,NA,"Malacostraca","Eumalacostraca","Decapoda","Mithracidae",NA,NA,"Mithraculus","Mithraculus coryphe",NA,"Eucarida","Arthropoda","Crustacea","Multicrustacea",NA,"Pleocyemata","Brachyura","Majoidea",NA,NA,"Eubrachyura","Heterotremata",NA,NA,NA,NA,NA,NA
"1142",421988,"Species","Animalia",NA,NA,NA,"Malacostraca","Eumalacostraca","Decapoda","Mithracidae",NA,NA,"Mithraculus","Mithraculus forceps",NA,"Eucarida","Arthropoda","Crustacea","Multicrustacea",NA,"Pleocyemata","Brachyura","Majoidea",NA,NA,"Eubrachyura","Heterotremata",NA,NA,NA,NA,NA,NA
"1143",421990,"species","Animalia",NA,NA,NA,"Malacostraca","Eumalacostraca","Decapoda","Mithracidae",NA,NA,"Mithraculus","Mithraculus sculptus",NA,"Eucarida","Arthropoda","Crustacea","Multicrustacea",NA,"Pleocyemata","Brachyura","Majoidea",NA,NA,"Eubrachyura","Heterotremata",NA,NA,NA,NA,NA,NA
"1144",421993,"species","Animalia",NA,NA,NA,"Malacostraca","Eumalacostraca","Decapoda","Mithracidae",NA,NA,"Mithrax","Mithrax pilosus",NA,"Eucarida","Arthropoda","Crustacea","Multicrustacea",NA,"Pleocyemata","Brachyura","Majoidea",NA,NA,"Eubrachyura","Heterotremata",NA,NA,NA,NA,NA,NA
"1145",421994,"species","Animalia",NA,NA,NA,"Malacostraca","Eumalacostraca","Decapoda","Mithracidae",NA,NA,"Mithrax","Mithrax spinosissimus",NA,"Eucarida","Arthropoda","Crustacea","Multicrustacea",NA,"Pleocyemata","Brachyura","Majoidea",NA,NA,"Eubrachyura","Heterotremata",NA,NA,NA,NA,NA,NA
"1146",421995,"species","Animalia",NA,NA,NA,"Malacostraca","Eumalacostraca","Decapoda","Mithracidae",NA,NA,"Mithrax","Mithrax verrucosus",NA,"Eucarida","Arthropoda","Crustacea","Multicrustacea",NA,"Pleocyemata","Brachyura","Majoidea",NA,NA,"Eubrachyura","Heterotremata",NA,NA,NA,NA,NA,NA
"1147",422051,"species","Animalia",NA,NA,NA,"Malacostraca","Eumalacostraca","Decapoda","Carpiliidae",NA,NA,"Carpilius","Carpilius corallinus",NA,"Eucarida","Arthropoda","Crustacea","Multicrustacea",NA,"Pleocyemata","Brachyura","Carpilioidea",NA,NA,"Eubrachyura","Heterotremata",NA,NA,NA,NA,NA,NA
"1148",422070,"Species","Animalia",NA,NA,NA,"Malacostraca","Eumalacostraca","Decapoda","Menippidae",NA,NA,"Menippe","Menippe mercenaria",NA,"Eucarida","Arthropoda","Crustacea","Multicrustacea",NA,"Pleocyemata","Brachyura","Eriphioidea",NA,NA,"Eubrachyura","Heterotremata",NA,NA,NA,NA,NA,NA
"1149",422075,"Species","Animalia",NA,NA,NA,"Malacostraca","Eumalacostraca","Decapoda","Panopeidae",NA,NA,"Eurypanopeus","Eurypanopeus abbreviatus",NA,"Eucarida","Arthropoda","Crustacea","Multicrustacea",NA,"Pleocyemata","Brachyura","Xanthoidea",NA,NA,"Eubrachyura","Heterotremata",NA,NA,NA,NA,NA,NA
"1150",422081,"Species","Animalia",NA,NA,NA,"Malacostraca","Eumalacostraca","Decapoda","Panopeidae",NA,NA,"Hexapanopeus","Hexapanopeus paulensis",NA,"Eucarida","Arthropoda","Crustacea","Multicrustacea",NA,"Pleocyemata","Brachyura","Xanthoidea",NA,NA,"Eubrachyura","Heterotremata",NA,NA,NA,NA,NA,NA
"1151",422086,"Species","Animalia",NA,NA,NA,"Malacostraca","Eumalacostraca","Decapoda","Panopeidae",NA,NA,"Panopeus","Panopeus occidentalis",NA,"Eucarida","Arthropoda","Crustacea","Multicrustacea",NA,"Pleocyemata","Brachyura","Xanthoidea",NA,NA,"Eubrachyura","Heterotremata",NA,NA,NA,NA,NA,NA
"1152",422097,"species","Animalia",NA,NA,NA,"Malacostraca","Eumalacostraca","Decapoda","Pilumnidae","Pilumninae",NA,"Pilumnus","Pilumnus floridanus",NA,"Eucarida","Arthropoda","Crustacea","Multicrustacea",NA,"Pleocyemata","Brachyura","Pilumnoidea",NA,NA,"Eubrachyura","Heterotremata",NA,NA,NA,NA,NA,NA
"1153",422113,"Species","Animalia",NA,NA,NA,"Malacostraca","Eumalacostraca","Decapoda","Pseudorhombilidae",NA,NA,"Nanoplax","Nanoplax xanthiformis",NA,"Eucarida","Arthropoda","Crustacea","Multicrustacea",NA,"Pleocyemata","Brachyura","Xanthoidea",NA,NA,"Eubrachyura","Heterotremata",NA,NA,NA,NA,NA,NA
"1154",422151,"species","Animalia",NA,NA,NA,"Malacostraca","Eumalacostraca","Decapoda","Pinnotheridae","Pinnotherinae",NA,"Dissodactylus","Dissodactylus crinitichelis",NA,"Eucarida","Arthropoda","Crustacea","Multicrustacea",NA,"Pleocyemata","Brachyura","Pinnotheroidea",NA,NA,"Eubrachyura","Thoracotremata",NA,NA,NA,NA,NA,NA
"1155",422187,"Species","Animalia",NA,NA,NA,"Malacostraca","Eumalacostraca","Decapoda","Grapsidae",NA,NA,"Goniopsis","Goniopsis cruentata",NA,"Eucarida","Arthropoda","Crustacea","Multicrustacea",NA,"Pleocyemata","Brachyura","Grapsoidea",NA,NA,"Eubrachyura","Thoracotremata",NA,NA,NA,NA,NA,NA
"1156",422190,"Species","Animalia",NA,NA,NA,"Malacostraca","Eumalacostraca","Decapoda","Sesarmidae",NA,NA,"Aratus","Aratus pisonii",NA,"Eucarida","Arthropoda","Crustacea","Multicrustacea",NA,"Pleocyemata","Brachyura","Grapsoidea",NA,NA,"Eubrachyura","Thoracotremata",NA,NA,NA,NA,NA,NA
"1157",422371,"Species","Animalia",NA,NA,NA,"Gymnolaemata",NA,"Cheilostomatida","Margarettidae",NA,NA,"Margaretta","Margaretta buski",NA,NA,"Bryozoa",NA,NA,NA,"Flustrina",NA,"Schizoporelloidea",NA,NA,NA,NA,NA,NA,NA,NA,NA,NA
"1158",422489,"Species","Animalia",NA,NA,NA,"Echinoidea","Euechinoidea","Camarodonta","Toxopneustidae",NA,NA,"Lytechinus","Lytechinus williamsi",NA,NA,"Echinodermata","Echinozoa",NA,"Carinacea",NA,"Echinidea","Odontophora",NA,"Echinacea",NA,NA,NA,NA,NA,NA,NA,NA
"1159",422490,"species","Animalia",NA,NA,NA,"Echinoidea","Euechinoidea","Camarodonta","Toxopneustidae",NA,NA,"Tripneustes","Tripneustes ventricosus",NA,NA,"Echinodermata","Echinozoa",NA,"Carinacea",NA,"Echinidea","Odontophora",NA,"Echinacea",NA,NA,NA,NA,NA,NA,NA,NA
"1160",422493,"species","Animalia",NA,NA,NA,"Echinoidea","Euechinoidea","Camarodonta","Echinometridae",NA,NA,"Echinometra","Echinometra viridis",NA,NA,"Echinodermata","Echinozoa",NA,"Carinacea",NA,"Echinidea","Odontophora",NA,"Echinacea",NA,NA,NA,NA,NA,NA,NA,NA
"1161",422499,"species","Animalia",NA,NA,NA,"Echinoidea","Euechinoidea","Clypeasteroida","Clypeasteridae",NA,NA,"Clypeaster","Clypeaster subdepressus",NA,"Luminacea","Echinodermata","Echinozoa",NA,"Irregularia","Clypeasterina",NA,NA,NA,"Neognathostomata",NA,NA,NA,NA,NA,NA,NA,NA
"1162",422675,"Species","Animalia",NA,NA,NA,"Malacostraca","Eumalacostraca","Amphipoda","Aoridae",NA,NA,"Bemlos","Bemlos spinicarpus",NA,"Peracarida","Arthropoda","Crustacea","Multicrustacea",NA,"Senticaudata","Corophiida","Aoroidea","Corophiidira",NA,NA,NA,NA,NA,NA,NA,NA,NA
"1163",422677,"Species","Animalia",NA,NA,NA,"Malacostraca","Eumalacostraca","Amphipoda","Aoridae",NA,NA,"Lembos","Lembos unifasciatus",NA,"Peracarida","Arthropoda","Crustacea","Multicrustacea",NA,"Senticaudata","Corophiida","Aoroidea","Corophiidira",NA,NA,NA,NA,NA,NA,NA,NA,NA
"1164",423106,"Species","Animalia",NA,NA,NA,"Malacostraca","Eumalacostraca","Amphipoda","Ampithoidae",NA,NA,"Ampithoe","Ampithoe lacertosa",NA,"Peracarida","Arthropoda","Crustacea","Multicrustacea",NA,"Senticaudata","Corophiida","Corophioidea","Corophiidira",NA,NA,NA,NA,NA,NA,NA,NA,NA
"1165",423136,"Species","Animalia",NA,NA,NA,"Malacostraca","Eumalacostraca","Amphipoda","Anisogammaridae",NA,NA,"Anisogammarus","Anisogammarus pugettensis",NA,"Peracarida","Arthropoda","Crustacea","Multicrustacea",NA,"Senticaudata","Gammarida","Gammaroidea","Gammaridira",NA,NA,NA,NA,NA,NA,NA,NA,NA
"1166",423256,"Species","Animalia",NA,NA,NA,"Malacostraca","Eumalacostraca","Amphipoda","Caprellidae","Caprellinae",NA,"Caprella","Caprella drepanochir",NA,"Peracarida","Arthropoda","Crustacea","Multicrustacea",NA,"Senticaudata","Corophiida","Caprelloidea","Caprellidira",NA,NA,NA,NA,NA,NA,NA,NA,NA
"1167",424100,"Species","Animalia",NA,NA,NA,NA,NA,"Sipuncula","Sipunculidae",NA,NA,"Sipunculus","Sipunculus phalloides",NA,NA,"Annelida",NA,NA,NA,NA,NA,NA,NA,NA,NA,NA,NA,NA,NA,NA,NA,NA
"1168",429079,"species","Animalia",NA,NA,NA,"Gastropoda","Caenogastropoda","Neogastropoda","Conidae",NA,NA,"Conus","Conus floridanus",NA,NA,"Mollusca",NA,NA,NA,NA,NA,"Conoidea",NA,NA,NA,NA,NA,NA,NA,NA,NA,NA
"1169",430664,"species","Animalia",NA,NA,NA,"Hexacorallia",NA,"Scleractinia","Pocilloporidae",NA,NA,"Madracis","Madracis auretenra",NA,NA,"Cnidaria","Anthozoa",NA,NA,"Vacatina",NA,NA,NA,NA,NA,NA,NA,NA,NA,NA,NA,NA
"1170",430854,"Species","Animalia",NA,NA,NA,"Malacostraca","Eumalacostraca","Amphipoda","Caprellidae","Caprellinae",NA,"Caprella","Caprella kroyeri",NA,"Peracarida","Arthropoda","Crustacea","Multicrustacea",NA,"Senticaudata","Corophiida","Caprelloidea","Caprellidira",NA,NA,NA,NA,NA,NA,NA,NA,NA
"1171",430922,"Species","Animalia",NA,NA,NA,"Malacostraca","Eumalacostraca","Amphipoda","Caprellidae","Caprellinae",NA,"Caprella","Caprella tenuis",NA,"Peracarida","Arthropoda","Crustacea","Multicrustacea",NA,"Senticaudata","Corophiida","Caprelloidea","Caprellidira",NA,NA,NA,NA,NA,NA,NA,NA,NA
"1172",430956,"Species","Animalia",NA,NA,NA,"Malacostraca","Eumalacostraca","Amphipoda","Caprellidae","Caprellinae",NA,"Mayerella","Mayerella banksia",NA,"Peracarida","Arthropoda","Crustacea","Multicrustacea",NA,"Senticaudata","Corophiida","Caprelloidea","Caprellidira",NA,NA,NA,NA,NA,NA,NA,NA,NA
"1173",432297,"species","Animalia",NA,NA,NA,"Gastropoda","Caenogastropoda","Littorinimorpha","Ovulidae","Simniinae",NA,"Cyphoma","Cyphoma gibbosum",NA,NA,"Mollusca",NA,NA,NA,NA,NA,"Cypraeoidea",NA,NA,NA,NA,NA,NA,NA,NA,NA,NA
"1174",439056,"family","Animalia",NA,NA,NA,"Malacostraca","Eumalacostraca","Decapoda","Mithracidae",NA,NA,NA,NA,NA,"Eucarida","Arthropoda","Crustacea","Multicrustacea",NA,"Pleocyemata","Brachyura","Majoidea",NA,NA,"Eubrachyura","Heterotremata",NA,NA,NA,NA,NA,NA
"1175",439295,"Genus","Animalia",NA,NA,NA,"Malacostraca","Eumalacostraca","Decapoda","Epialtidae","Epialtinae",NA,"Taliepus",NA,NA,"Eucarida","Arthropoda","Crustacea","Multicrustacea",NA,"Pleocyemata","Brachyura","Majoidea",NA,NA,"Eubrachyura","Heterotremata",NA,NA,NA,NA,NA,NA
"1176",439869,"Genus","Animalia",NA,NA,NA,"Malacostraca","Eumalacostraca","Decapoda","Varunidae","Cyclograpsinae",NA,"Helograpsus",NA,NA,"Eucarida","Arthropoda","Crustacea","Multicrustacea",NA,"Pleocyemata","Brachyura","Grapsoidea",NA,NA,"Eubrachyura","Thoracotremata",NA,NA,NA,NA,NA,NA
"1177",441005,"Species","Animalia",NA,NA,NA,"Malacostraca","Eumalacostraca","Decapoda","Litocheiridae",NA,NA,"Litocheira","Litocheira bispinosa",NA,"Eucarida","Arthropoda","Crustacea","Multicrustacea",NA,"Pleocyemata","Brachyura","Goneplacoidea",NA,NA,"Eubrachyura","Heterotremata",NA,NA,NA,NA,NA,NA
"1178",441258,"species","Animalia",NA,NA,NA,"Malacostraca","Eumalacostraca","Decapoda","Leucosiidae","Ebaliinae",NA,"Persephona","Persephona punctata",NA,"Eucarida","Arthropoda","Crustacea","Multicrustacea",NA,"Pleocyemata","Brachyura","Leucosioidea",NA,NA,"Eubrachyura","Heterotremata",NA,NA,NA,NA,NA,NA
"1179",441784,"Species","Animalia",NA,NA,NA,"Malacostraca","Eumalacostraca","Decapoda","Hymenosomatidae","Hymenosomatinae",NA,"Halicarcinus","Halicarcinus ovatus",NA,"Eucarida","Arthropoda","Crustacea","Multicrustacea",NA,"Pleocyemata","Brachyura","Hymenosomatoidea",NA,NA,"Eubrachyura","Heterotremata",NA,NA,NA,NA,NA,NA
"1180",442085,"Species","Animalia",NA,NA,NA,"Malacostraca","Eumalacostraca","Decapoda","Majidae","Majinae",NA,"Thersandrus","Thersandrus compressus",NA,"Eucarida","Arthropoda","Crustacea","Multicrustacea",NA,"Pleocyemata","Brachyura","Majoidea",NA,NA,"Eubrachyura","Heterotremata",NA,NA,NA,NA,NA,NA
"1181",446438,"Species","Animalia",NA,NA,NA,"Gastropoda","Caenogastropoda","Caenogastropoda incertae sedis","Batillariidae",NA,NA,"Lampanella","Lampanella minima",NA,NA,"Mollusca",NA,NA,NA,NA,NA,"Cerithioidea",NA,NA,NA,NA,NA,NA,NA,NA,NA,NA
"1182",446893,"Species","Animalia",NA,NA,NA,"Gastropoda","Caenogastropoda","Littorinimorpha","Littorinidae","Lacuninae",NA,"Lacuna","Lacuna turrita",NA,NA,"Mollusca",NA,NA,NA,NA,NA,"Littorinoidea",NA,NA,NA,NA,NA,NA,NA,NA,NA,NA
"1183",450194,"genus","Animalia",NA,NA,NA,"Malacostraca","Eumalacostraca","Decapoda","Mithracidae",NA,NA,"Omalacantha",NA,NA,"Eucarida","Arthropoda","Crustacea","Multicrustacea",NA,"Pleocyemata","Brachyura","Majoidea",NA,NA,"Eubrachyura","Heterotremata",NA,NA,NA,NA,NA,NA
"1184",451838,"species","Animalia",NA,NA,NA,"Malacostraca","Eumalacostraca","Decapoda","Portunidae","Achelouinae",NA,"Achelous","Achelous ordwayi",NA,"Eucarida","Arthropoda","Crustacea","Multicrustacea",NA,"Pleocyemata","Brachyura","Portunoidea",NA,NA,"Eubrachyura","Heterotremata",NA,NA,NA,NA,NA,NA
"1185",458655,"Species","Animalia",NA,NA,NA,"Gastropoda","Patellogastropoda",NA,"Eoacmaeidae",NA,NA,"Eoacmaea","Eoacmaea pustulata",NA,NA,"Mollusca",NA,NA,NA,NA,NA,"Lottioidea",NA,NA,NA,NA,NA,NA,NA,NA,NA,NA
"1186",458661,"species","Animalia",NA,NA,NA,"Gastropoda","Caenogastropoda","Littorinimorpha","Strombidae",NA,NA,"Strombus","Strombus gigas",NA,NA,"Mollusca",NA,NA,NA,NA,NA,"Stromboidea",NA,NA,NA,NA,NA,NA,NA,NA,NA,NA
"1187",468183,"Genus","Animalia",NA,NA,NA,"Malacostraca","Eumalacostraca","Amphipoda","Phoxocephalidae","Phoxocephalinae",NA,"Birubius",NA,NA,"Peracarida","Arthropoda","Crustacea","Multicrustacea",NA,"Amphilochidea","Lysianassida","Haustorioidea","Haustoriidira",NA,NA,NA,NA,NA,NA,NA,NA,NA
"1188",473085,"Species","Animalia",NA,NA,NA,"Gastropoda","Caenogastropoda","Caenogastropoda incertae sedis","Cerithiidae","Bittiinae",NA,"Cacozeliana","Cacozeliana granarium",NA,NA,"Mollusca",NA,NA,NA,NA,NA,"Cerithioidea",NA,NA,NA,NA,NA,NA,NA,NA,NA,NA
"1189",475010,"species","Animalia",NA,NA,NA,"Teleostei",NA,"Gobiiformes","Gobiidae","Gobiinae",NA,"Elacatinus","Elacatinus colini",NA,NA,"Chordata","Vertebrata","Actinopteri",NA,NA,NA,NA,NA,NA,NA,NA,"Gnathostomata","Osteichthyes","Actinopterygii",NA,NA,NA
"1190",475011,"species","Animalia",NA,NA,NA,"Teleostei",NA,"Gobiiformes","Gobiidae","Gobiinae",NA,"Elacatinus","Elacatinus lobeli",NA,NA,"Chordata","Vertebrata","Actinopteri",NA,NA,NA,NA,NA,NA,NA,NA,"Gnathostomata","Osteichthyes","Actinopterygii",NA,NA,NA
"1191",475101,"species","Animalia",NA,NA,NA,"Teleostei",NA,"Perciformes","Epinephelidae",NA,NA,"Hyporthodus","Hyporthodus niveatus",NA,NA,"Chordata","Vertebrata","Actinopteri",NA,"Percoidei",NA,NA,NA,NA,NA,NA,"Gnathostomata","Osteichthyes","Actinopterygii",NA,NA,NA
"1192",476531,"species","Animalia",NA,NA,NA,"Gastropoda","Caenogastropoda","Littorinimorpha","Cymatiidae",NA,NA,"Monoplex","Monoplex parthenopeus",NA,NA,"Mollusca",NA,NA,NA,NA,NA,"Tonnoidea",NA,NA,NA,NA,NA,NA,NA,NA,NA,NA
"1193",484702,"Species","Chromista","Harosa",NA,NA,"Globothalamea","Rotaliana","Rotaliida","Calcarinidae",NA,NA,"Baculogypsina","Baculogypsina sphaerulata","Rhizaria",NA,"Foraminifera",NA,NA,NA,NA,NA,"Calcarinoidea",NA,NA,NA,NA,NA,NA,NA,NA,NA,NA
"1194",488672,"Species","Animalia",NA,NA,NA,"Malacostraca","Eumalacostraca","Amphipoda","Aoridae",NA,NA,"Aora","Aora hircosa",NA,"Peracarida","Arthropoda","Crustacea","Multicrustacea",NA,"Senticaudata","Corophiida","Aoroidea","Corophiidira",NA,NA,NA,NA,NA,NA,NA,NA,NA
"1195",488679,"Genus","Animalia",NA,NA,NA,"Malacostraca","Eumalacostraca","Amphipoda","Aoridae",NA,NA,"Aoroides",NA,NA,"Peracarida","Arthropoda","Crustacea","Multicrustacea",NA,"Senticaudata","Corophiida","Aoroidea","Corophiidira",NA,NA,NA,NA,NA,NA,NA,NA,NA
"1196",489425,"Species","Animalia",NA,NA,NA,"Malacostraca","Eumalacostraca","Amphipoda","Dexaminidae","Dexamininae",NA,"Paradexamine","Paradexamine barnardi",NA,"Peracarida","Arthropoda","Crustacea","Multicrustacea",NA,"Amphilochidea","Lysianassida","Dexaminoidea","Synopiidira",NA,NA,NA,NA,NA,NA,NA,NA,NA
"1197",489427,"Species","Animalia",NA,NA,NA,"Malacostraca","Eumalacostraca","Amphipoda","Dexaminidae","Dexamininae",NA,"Paradexamine","Paradexamine churinga",NA,"Peracarida","Arthropoda","Crustacea","Multicrustacea",NA,"Amphilochidea","Lysianassida","Dexaminoidea","Synopiidira",NA,NA,NA,NA,NA,NA,NA,NA,NA
"1198",491479,"Species","Animalia",NA,NA,NA,"Malacostraca","Eumalacostraca","Amphipoda","Hyalidae","Hyalinae",NA,"Protohyale","Protohyale (Protohyale) frequens",NA,"Peracarida","Arthropoda","Crustacea","Multicrustacea",NA,"Senticaudata","Talitrida","Hyaloidea","Talitridira",NA,NA,NA,NA,NA,NA,"Protohyale (Protohyale)",NA,NA
"1199",491492,"Species","Animalia",NA,NA,NA,"Malacostraca","Eumalacostraca","Amphipoda","Hyalidae","Hyalinae",NA,"Protohyale","Protohyale (Boreohyale) rubra",NA,"Peracarida","Arthropoda","Crustacea","Multicrustacea",NA,"Senticaudata","Talitrida","Hyaloidea","Talitridira",NA,NA,NA,NA,NA,NA,"Protohyale (Boreohyale)",NA,NA
"1200",494468,"species","Animalia",NA,NA,NA,"Gastropoda","Heterobranchia",NA,"Plakobranchidae",NA,NA,"Elysia","Elysia pratensis",NA,"Sacoglossa","Mollusca",NA,NA,"Euthyneura",NA,NA,"Plakobranchoidea",NA,"Tectipleura",NA,NA,NA,NA,NA,NA,NA,NA
"1201",494795,"Species","Plantae","Viridiplantae","Chlorophyta","Chlorophytina","Ulvophyceae",NA,"Dasycladales","Polyphysaceae",NA,NA,"Acetabularia","Acetabularia acetabulum",NA,NA,NA,NA,NA,NA,NA,NA,NA,NA,NA,NA,NA,NA,NA,NA,NA,NA,NA
"1202",495077,"Species","Plantae","Viridiplantae","Tracheophyta","Spermatophytina","Magnoliopsida",NA,"Alismatales","Zosteraceae",NA,NA,"Zostera","Zostera marina","Streptophyta","Lilianae",NA,NA,NA,NA,NA,NA,NA,NA,NA,NA,NA,NA,NA,NA,NA,NA,NA
"1203",495081,"Species","Plantae","Viridiplantae","Tracheophyta","Spermatophytina","Magnoliopsida",NA,"Alismatales","Zosteraceae",NA,NA,"Zostera","Zostera muelleri","Streptophyta","Lilianae",NA,NA,NA,NA,NA,NA,NA,NA,NA,NA,NA,NA,NA,NA,NA,NA,NA
"1204",495082,"Species","Plantae","Viridiplantae","Tracheophyta","Spermatophytina","Magnoliopsida",NA,"Alismatales","Zosteraceae",NA,NA,"Zostera","Zostera noltei","Streptophyta","Lilianae",NA,NA,NA,NA,NA,NA,NA,NA,NA,NA,NA,NA,NA,NA,NA,NA,NA
"1205",505429,"species","Animalia",NA,NA,NA,"Bivalvia","Autobranchia","Limida","Limidae",NA,NA,"Ctenoides","Ctenoides scabra",NA,NA,"Mollusca",NA,NA,"Pteriomorphia",NA,NA,"Limoidea",NA,NA,NA,NA,NA,NA,NA,NA,NA,NA
"1206",505946,"Species","Animalia",NA,NA,NA,"Bivalvia","Autobranchia","Mytilida","Mytilidae","Crenellinae",NA,"Arcuatula","Arcuatula senhousia",NA,NA,"Mollusca",NA,NA,"Pteriomorphia",NA,NA,"Mytiloidea",NA,NA,NA,NA,NA,NA,NA,NA,NA,NA
"1207",505948,"Species","Animalia",NA,NA,NA,"Bivalvia","Autobranchia","Mytilida","Mytilidae","Crenellinae",NA,"Arcuatula","Arcuatula papyria",NA,NA,"Mollusca",NA,NA,"Pteriomorphia",NA,NA,"Mytiloidea",NA,NA,NA,NA,NA,NA,NA,NA,NA,NA
"1208",506596,"Species","Animalia",NA,NA,NA,"Bivalvia","Protobranchia","Nuculida","Nuculidae",NA,NA,"Ennucula","Ennucula niponica",NA,NA,"Mollusca",NA,NA,NA,NA,NA,"Nuculoidea",NA,NA,NA,NA,NA,NA,NA,NA,NA,NA
"1209",506660,"Species","Animalia",NA,NA,NA,"Bivalvia","Protobranchia","Nuculida","Nuculidae",NA,NA,"Nucula","Nucula pisum",NA,NA,"Mollusca",NA,NA,NA,NA,NA,"Nuculoidea",NA,NA,NA,NA,NA,NA,NA,NA,NA,NA
"1210",507129,"Species","Animalia",NA,NA,NA,"Bivalvia","Protobranchia","Solemyida","Solemyidae","Solemyinae",NA,"Solemya","Solemya pusilla",NA,NA,"Mollusca",NA,NA,NA,NA,NA,"Solemyoidea",NA,NA,NA,NA,NA,NA,NA,NA,NA,NA
"1211",507258,"Species","Animalia",NA,NA,NA,"Bivalvia","Autobranchia","Cardiida","Semelidae",NA,NA,"Cumingia","Cumingia mutica",NA,"Imparidentia","Mollusca",NA,NA,"Heteroconchia",NA,NA,"Tellinoidea",NA,"Euheterodonta",NA,NA,NA,NA,NA,NA,NA,NA
"1212",510427,"Species","Animalia",NA,NA,NA,"Gastropoda","Heterobranchia","Cephalaspidea","Bullidae",NA,NA,"Bulla","Bulla gouldiana",NA,NA,"Mollusca",NA,NA,"Euthyneura",NA,NA,"Bulloidea",NA,"Tectipleura",NA,NA,NA,NA,NA,NA,NA,NA
"1213",511367,"Species","Animalia",NA,NA,NA,"Gastropoda","Caenogastropoda","Neogastropoda","Columbellidae",NA,NA,"Anachis","Anachis atkinsoni",NA,NA,"Mollusca",NA,NA,NA,NA,NA,"Buccinoidea",NA,NA,NA,NA,NA,NA,NA,NA,NA,NA
"1214",511520,"Species","Animalia",NA,NA,NA,"Gastropoda","Caenogastropoda","Neogastropoda","Columbellidae",NA,NA,"Mitrella","Mitrella lincolnensis",NA,NA,"Mollusca",NA,NA,NA,NA,NA,"Buccinoidea",NA,NA,NA,NA,NA,NA,NA,NA,NA,NA
"1215",511560,"Species","Animalia",NA,NA,NA,"Gastropoda","Caenogastropoda","Neogastropoda","Columbellidae",NA,NA,"Mitrella","Mitrella tuberosa",NA,NA,"Mollusca",NA,NA,NA,NA,NA,"Buccinoidea",NA,NA,NA,NA,NA,NA,NA,NA,NA,NA
"1216",511707,"Species","Animalia",NA,NA,NA,"Gastropoda","Caenogastropoda","Neogastropoda","Columbellidae",NA,NA,"Alia","Alia unifasciata",NA,NA,"Mollusca",NA,NA,NA,NA,NA,"Buccinoidea",NA,NA,NA,NA,NA,NA,NA,NA,NA,NA
"1217",513255,"species","Animalia",NA,NA,NA,"Echinoidea","Euechinoidea","Echinolampadacea","Mellitidae",NA,NA,"Encope","Encope emarginata",NA,"Luminacea","Echinodermata","Echinozoa",NA,"Irregularia","Scutelloida","Scutelliformes","Scutelloidea",NA,"Neognathostomata",NA,NA,NA,NA,NA,NA,NA,NA
"1218",513432,"species","Animalia",NA,NA,NA,"Echinoidea","Euechinoidea","Camarodonta","Parechinidae",NA,NA,"Paracentrotus","Paracentrotus gaimardi",NA,NA,"Echinodermata","Echinozoa",NA,"Carinacea",NA,"Echinidea",NA,NA,"Echinacea",NA,NA,NA,NA,NA,NA,NA,NA
"1219",514452,"Species","Animalia",NA,NA,NA,"Malacostraca","Eumalacostraca","Decapoda","Palaemonidae",NA,NA,"Palaemon","Palaemon intermedius",NA,"Eucarida","Arthropoda","Crustacea","Multicrustacea",NA,"Pleocyemata","Caridea","Palaemonoidea",NA,NA,NA,NA,NA,NA,NA,NA,NA,NA
"1220",514493,"species","Animalia",NA,NA,NA,"Malacostraca","Eumalacostraca","Decapoda","Palaemonidae",NA,NA,"Ancylomenes","Ancylomenes pedersoni",NA,"Eucarida","Arthropoda","Crustacea","Multicrustacea",NA,"Pleocyemata","Caridea","Palaemonoidea",NA,NA,NA,NA,NA,NA,NA,NA,NA,NA
"1221",514508,"Species","Animalia",NA,NA,NA,"Malacostraca","Eumalacostraca","Decapoda","Palaemonidae",NA,NA,"Cuapetes","Cuapetes americanus",NA,"Eucarida","Arthropoda","Crustacea","Multicrustacea",NA,"Pleocyemata","Caridea","Palaemonoidea",NA,NA,NA,NA,NA,NA,NA,NA,NA,NA
"1222",515262,"Species","Animalia",NA,NA,NA,"Malacostraca","Eumalacostraca","Decapoda","Thoridae",NA,NA,"Heptacarpus","Heptacarpus paludicola",NA,"Eucarida","Arthropoda","Crustacea","Multicrustacea",NA,"Pleocyemata","Caridea","Alpheoidea",NA,NA,NA,NA,NA,NA,NA,NA,NA,NA
"1223",515276,"Species","Animalia",NA,NA,NA,"Malacostraca","Eumalacostraca","Decapoda","Hippolytidae",NA,NA,"Hippolyte","Hippolyte californiensis",NA,"Eucarida","Arthropoda","Crustacea","Multicrustacea",NA,"Pleocyemata","Caridea","Alpheoidea",NA,NA,NA,NA,NA,NA,NA,NA,NA,NA
"1224",515278,"Species","Animalia",NA,NA,NA,"Malacostraca","Eumalacostraca","Decapoda","Hippolytidae",NA,NA,"Hippolyte","Hippolyte clarki",NA,"Eucarida","Arthropoda","Crustacea","Multicrustacea",NA,"Pleocyemata","Caridea","Alpheoidea",NA,NA,NA,NA,NA,NA,NA,NA,NA,NA
"1225",515283,"Species","Animalia",NA,NA,NA,"Malacostraca","Eumalacostraca","Decapoda","Hippolytidae",NA,NA,"Hippolyte","Hippolyte williamsi",NA,"Eucarida","Arthropoda","Crustacea","Multicrustacea",NA,"Pleocyemata","Caridea","Alpheoidea",NA,NA,NA,NA,NA,NA,NA,NA,NA,NA
"1226",531851,"species","Animalia",NA,NA,NA,"Gastropoda","Caenogastropoda","Littorinimorpha","Strombidae",NA,NA,"Lobatus","Lobatus raninus",NA,NA,"Mollusca",NA,NA,NA,NA,NA,"Stromboidea",NA,NA,NA,NA,NA,NA,NA,NA,NA,NA
"1227",532293,"Species","Animalia",NA,NA,NA,"Gastropoda","Heterobranchia","Cephalaspidea","Haminoeidae",NA,NA,"Haminoea","Haminoea petitii",NA,NA,"Mollusca",NA,NA,"Euthyneura",NA,NA,"Haminoeoidea",NA,"Tectipleura",NA,NA,NA,NA,NA,NA,NA,NA
"1228",532716,"Species","Animalia",NA,NA,NA,"Gastropoda","Heterobranchia","Cephalaspidea","Cylichnidae",NA,NA,"Cylichna","Cylichna discus",NA,NA,"Mollusca",NA,NA,"Euthyneura",NA,NA,"Cylichnoidea",NA,"Tectipleura",NA,NA,NA,NA,NA,NA,NA,NA
"1229",532891,"Species","Animalia",NA,NA,NA,"Gastropoda","Caenogastropoda","Neogastropoda","Granulinidae",NA,NA,"Granulina","Granulina ovuliformis",NA,NA,"Mollusca",NA,NA,NA,NA,NA,"Volutoidea",NA,NA,NA,NA,NA,NA,NA,NA,NA,NA
"1230",534565,"Species","Animalia",NA,NA,NA,"Malacostraca","Eumalacostraca","Amphipoda","Maeridae",NA,NA,"Maera","Maera vagans",NA,"Peracarida","Arthropoda","Crustacea","Multicrustacea",NA,"Senticaudata","Hadziida","Hadzioidea","Hadziidira",NA,NA,NA,NA,NA,NA,NA,NA,NA
"1231",547044,"Species","Animalia",NA,NA,NA,"Malacostraca","Eumalacostraca","Amphipoda","Oedicerotidae",NA,NA,"Deflexilodes","Deflexilodes intermedius",NA,"Peracarida","Arthropoda","Crustacea","Multicrustacea",NA,"Amphilochidea","Amphilochida","Oedicerotoidea","Oedicerotidira",NA,NA,NA,NA,NA,NA,NA,NA,NA
"1232",549331,"Genus","Animalia",NA,NA,NA,"Malacostraca","Eumalacostraca","Amphipoda","Pleustidae","Parapleustinae",NA,"Chromopleustes",NA,NA,"Peracarida","Arthropoda","Crustacea","Multicrustacea",NA,"Amphilochidea","Amphilochida","Amphilochoidea","Amphilochidira",NA,NA,NA,NA,NA,NA,NA,NA,NA
"1233",549684,"Species","Animalia",NA,NA,NA,"Malacostraca","Eumalacostraca","Amphipoda","Pleustidae","Parapleustinae",NA,"Trachypleustes","Trachypleustes trevori",NA,"Peracarida","Arthropoda","Crustacea","Multicrustacea",NA,"Amphilochidea","Amphilochida","Amphilochoidea","Amphilochidira",NA,NA,NA,NA,NA,NA,NA,NA,NA
"1234",550331,"Species","Animalia",NA,NA,NA,"Malacostraca","Eumalacostraca","Amphipoda","Pontogeneiidae",NA,NA,"Nasageneia","Nasageneia quinsana",NA,"Peracarida","Arthropoda","Crustacea","Multicrustacea",NA,"Senticaudata","Hadziida","Calliopioidea","Hadziidira",NA,NA,NA,NA,NA,NA,NA,NA,NA
"1235",557888,"species","Animalia",NA,NA,NA,"Malacostraca","Eumalacostraca","Decapoda","Portunidae","Achelouinae",NA,"Achelous","Achelous sebae",NA,"Eucarida","Arthropoda","Crustacea","Multicrustacea",NA,"Pleocyemata","Brachyura","Portunoidea",NA,NA,"Eubrachyura","Heterotremata",NA,NA,NA,NA,NA,NA
"1236",558675,"species","Animalia",NA,NA,NA,"Gastropoda","Heterobranchia","Doridida","Chromodorididae","Chromodoridinae",NA,"Chromodoris","Chromodoris kempfi",NA,"Nudipleura","Mollusca",NA,NA,"Euthyneura",NA,"Doridoidei","Chromodoridoidea",NA,"Ringipleura",NA,NA,NA,NA,NA,NA,NA,NA
"1237",565363,"species","Animalia",NA,NA,NA,"Gastropoda","Caenogastropoda","Littorinimorpha","Strombidae",NA,NA,"Lobatus","Lobatus costatus",NA,NA,"Mollusca",NA,NA,NA,NA,NA,"Stromboidea",NA,NA,NA,NA,NA,NA,NA,NA,NA,NA
"1238",573277,"genus","Bacteria","Negibacteria",NA,NA,"Cyanophyceae","Oscillatoriophycidae","Chroococcales","Geminocystaceae",NA,NA,"Cyanobacterium",NA,NA,NA,"Cyanobacteria",NA,NA,NA,NA,NA,NA,NA,NA,NA,NA,NA,NA,NA,NA,NA,NA
"1239",574096,"Species","Animalia",NA,NA,NA,"Gastropoda","Caenogastropoda","Littorinimorpha","Hydrobiidae","Hydrobiinae",NA,"Ecrobia","Ecrobia truncata",NA,NA,"Mollusca",NA,NA,NA,NA,NA,"Truncatelloidea",NA,NA,NA,NA,NA,NA,NA,NA,NA,NA
"1240",575794,"Genus","Animalia",NA,NA,NA,"Gastropoda","Caenogastropoda","Caenogastropoda incertae sedis","Litiopidae",NA,NA,"Diffalaba",NA,NA,NA,"Mollusca",NA,NA,NA,NA,NA,"Cerithioidea",NA,NA,NA,NA,NA,NA,NA,NA,NA,NA
"1241",579271,"Species","Animalia",NA,NA,NA,"Gastropoda","Vetigastropoda","Trochida","Turbinidae","Turbininae",NA,"Lunella","Lunella undulata",NA,NA,"Mollusca",NA,NA,NA,NA,NA,"Trochoidea",NA,NA,NA,NA,NA,NA,NA,NA,NA,NA
"1242",582489,"species","Animalia",NA,NA,NA,"Bivalvia","Autobranchia","Limida","Limidae",NA,NA,"Lima","Lima scabra",NA,NA,"Mollusca",NA,NA,"Pteriomorphia",NA,NA,"Limoidea",NA,NA,NA,NA,NA,NA,NA,NA,NA,NA
"1243",588573,"Species","Plantae","Viridiplantae","Tracheophyta","Spermatophytina","Magnoliopsida",NA,"Alismatales","Potamogetonaceae",NA,NA,"Stuckenia","Stuckenia pectinata","Streptophyta","Lilianae",NA,NA,NA,NA,NA,NA,NA,NA,NA,NA,NA,NA,NA,NA,NA,NA,NA
"1244",593472,"species","Animalia",NA,NA,NA,"Teleostei",NA,"Blenniiformes","Chaenopsidae",NA,NA,"Emblemariopsis","Emblemariopsis carib",NA,NA,"Chordata","Vertebrata","Actinopteri",NA,NA,NA,NA,NA,NA,NA,NA,"Gnathostomata","Osteichthyes","Actinopterygii",NA,NA,NA
"1245",593554,"species","Animalia",NA,NA,NA,"Teleostei",NA,"Blenniiformes","Chaenopsidae",NA,NA,"Emblemariopsis","Emblemariopsis signifer",NA,NA,"Chordata","Vertebrata","Actinopteri",NA,NA,NA,NA,NA,NA,NA,NA,"Gnathostomata","Osteichthyes","Actinopterygii",NA,NA,NA
"1246",593702,"Species","Plantae","Viridiplantae","Tracheophyta","Spermatophytina","Magnoliopsida",NA,"Alismatales","Zosteraceae",NA,NA,"Zostera","Zostera nigricaulis","Streptophyta","Lilianae",NA,NA,NA,NA,NA,NA,NA,NA,NA,NA,NA,NA,NA,NA,NA,NA,NA
"1247",597380,"species","Animalia",NA,NA,NA,"Gastropoda","Heterobranchia","Doridida","Chromodorididae","Chromodoridinae",NA,"Doriprismatica","Doriprismatica sedna",NA,"Nudipleura","Mollusca",NA,NA,"Euthyneura",NA,"Doridoidei","Chromodoridoidea",NA,"Ringipleura",NA,NA,NA,NA,NA,NA,NA,NA
"1248",598427,"Genus","Animalia",NA,NA,NA,"Gastropoda","Caenogastropoda","Caenogastropoda incertae sedis","Planaxidae","Planaxinae",NA,"Hinea",NA,NA,NA,"Mollusca",NA,NA,NA,NA,NA,"Cerithioidea",NA,NA,NA,NA,NA,NA,NA,NA,NA,NA
"1249",607159,"genus","Animalia",NA,NA,NA,"Gastropoda","Vetigastropoda","Trochida","Tegulidae",NA,NA,"Agathistoma",NA,NA,NA,"Mollusca",NA,NA,NA,NA,NA,"Trochoidea",NA,NA,NA,NA,NA,NA,NA,NA,NA,NA
"1250",626404,"Species","Plantae","Viridiplantae","Tracheophyta","Spermatophytina","Magnoliopsida",NA,"Alismatales","Cymodoceaceae",NA,NA,"Halodule","Halodule pinifolia","Streptophyta","Lilianae",NA,NA,NA,NA,NA,NA,NA,NA,NA,NA,NA,NA,NA,NA,NA,NA,NA
"1251",709212,"species","Animalia",NA,NA,NA,"Gastropoda","Caenogastropoda","Neogastropoda","Muricidae","Coralliophilinae",NA,"Coralliophila","Coralliophila salebrosa",NA,NA,"Mollusca",NA,NA,NA,NA,NA,"Muricoidea",NA,NA,NA,NA,NA,NA,NA,NA,NA,NA
"1252",712341,"genus","Animalia",NA,NA,NA,"Teleostei",NA,"Gobiiformes","Gobiidae","Gobiinae",NA,"Tigrigobius",NA,NA,NA,"Chordata","Vertebrata","Actinopteri",NA,NA,NA,NA,NA,NA,NA,NA,"Gnathostomata","Osteichthyes","Actinopterygii",NA,NA,NA
"1253",712604,"species","Animalia",NA,NA,NA,"Teleostei",NA,"Perciformes","Serranidae",NA,NA,"Hypoplectrus","Hypoplectrus floridae",NA,NA,"Chordata","Vertebrata","Actinopteri",NA,"Percoidei",NA,NA,NA,NA,NA,NA,"Gnathostomata","Osteichthyes","Actinopterygii",NA,NA,NA
"1254",712606,"species","Animalia",NA,NA,NA,"Teleostei",NA,"Perciformes","Serranidae",NA,NA,"Hypoplectrus","Hypoplectrus randallorum",NA,NA,"Chordata","Vertebrata","Actinopteri",NA,"Percoidei",NA,NA,NA,NA,NA,NA,"Gnathostomata","Osteichthyes","Actinopterygii",NA,NA,NA
"1255",714225,"species","Animalia",NA,NA,NA,"Gastropoda","Caenogastropoda","Neogastropoda","Muricidae","Rapaninae",NA,"Vasula","Vasula deltoidea",NA,NA,"Mollusca",NA,NA,NA,NA,NA,"Muricoidea",NA,NA,NA,NA,NA,NA,NA,NA,NA,NA
"1256",715680,"Species","Animalia",NA,NA,NA,"Gastropoda","Caenogastropoda","Caenogastropoda incertae sedis","Litiopidae",NA,NA,"Alaba","Alaba monile",NA,NA,"Mollusca",NA,NA,NA,NA,NA,"Cerithioidea",NA,NA,NA,NA,NA,NA,NA,NA,NA,NA
"1257",715997,"Species","Plantae","Viridiplantae","Tracheophyta","Spermatophytina","Magnoliopsida",NA,"Alismatales","Potamogetonaceae",NA,NA,"Zannichellia","Zannichellia major","Streptophyta","Lilianae",NA,NA,NA,NA,NA,NA,NA,NA,NA,NA,NA,NA,NA,NA,NA,NA,NA
"1258",718691,"Genus","Animalia",NA,NA,NA,"Hexacorallia",NA,"Scleractinia","Faviidae","Faviinae",NA,"Favia",NA,NA,NA,"Cnidaria","Anthozoa",NA,NA,"Vacatina",NA,NA,NA,NA,NA,NA,NA,NA,NA,NA,NA,NA
"1259",718718,"species","Animalia",NA,NA,NA,"Hexacorallia",NA,"Scleractinia","Faviidae","Faviinae",NA,"Pseudodiploria","Pseudodiploria strigosa",NA,NA,"Cnidaria","Anthozoa",NA,NA,"Vacatina",NA,NA,NA,NA,NA,NA,NA,NA,NA,NA,NA,NA
"1260",719478,"Parvorder","Animalia",NA,NA,NA,"Malacostraca","Eumalacostraca","Amphipoda",NA,NA,NA,NA,NA,NA,"Peracarida","Arthropoda","Crustacea","Multicrustacea",NA,"Senticaudata","Corophiida",NA,"Caprellidira",NA,NA,NA,NA,NA,NA,NA,NA,NA
"1261",732238,"species","Animalia",NA,NA,NA,"Holothuroidea","Actinopoda","Holothuriida","Holothuriidae",NA,NA,"Holothuria","Holothuria grisea",NA,NA,"Echinodermata","Echinozoa",NA,NA,NA,NA,NA,NA,NA,NA,NA,NA,NA,NA,NA,NA,NA
"1262",732363,"species","Animalia",NA,NA,NA,"Holothuroidea","Actinopoda","Holothuriida","Holothuriidae",NA,NA,"Holothuria","Holothuria mexicana",NA,NA,"Echinodermata","Echinozoa",NA,NA,NA,NA,NA,NA,NA,NA,NA,NA,NA,NA,NA,NA,NA
"1263",738272,"Suborder","Animalia",NA,NA,NA,"Arachnida","Acari","Trombidiformes",NA,NA,NA,NA,NA,NA,NA,"Arthropoda","Chelicerata",NA,NA,"Hydrachnidia",NA,NA,NA,NA,NA,NA,NA,NA,NA,NA,NA,NA
"1264",742232,"Species","Animalia",NA,NA,NA,"Polychaeta","Errantia","Eunicida","Eunicidae",NA,NA,"Lysidice","Lysidice unicornis",NA,NA,"Annelida",NA,NA,NA,NA,NA,NA,NA,NA,NA,NA,NA,NA,NA,NA,NA,NA
"1265",754174,"Subclass","Animalia",NA,NA,NA,"Polychaeta","Errantia",NA,NA,NA,NA,NA,NA,NA,NA,"Annelida",NA,NA,NA,NA,NA,NA,NA,NA,NA,NA,NA,NA,NA,NA,NA,NA
"1266",758259,"genus","Animalia",NA,NA,NA,"Hexacorallia",NA,"Scleractinia","Merulinidae",NA,NA,"Orbicella",NA,NA,NA,"Cnidaria","Anthozoa",NA,NA,"Vacatina",NA,NA,NA,NA,NA,NA,NA,NA,NA,NA,NA,NA
"1267",758260,"species","Animalia",NA,NA,NA,"Hexacorallia",NA,"Scleractinia","Merulinidae",NA,NA,"Orbicella","Orbicella annularis",NA,NA,"Cnidaria","Anthozoa",NA,NA,"Vacatina",NA,NA,NA,NA,NA,NA,NA,NA,NA,NA,NA,NA
"1268",758261,"species","Animalia",NA,NA,NA,"Hexacorallia",NA,"Scleractinia","Merulinidae",NA,NA,"Orbicella","Orbicella faveolata",NA,NA,"Cnidaria","Anthozoa",NA,NA,"Vacatina",NA,NA,NA,NA,NA,NA,NA,NA,NA,NA,NA,NA
"1269",758262,"species","Animalia",NA,NA,NA,"Hexacorallia",NA,"Scleractinia","Merulinidae",NA,NA,"Orbicella","Orbicella franksi",NA,NA,"Cnidaria","Anthozoa",NA,NA,"Vacatina",NA,NA,NA,NA,NA,NA,NA,NA,NA,NA,NA,NA
"1270",760885,"Species","Animalia",NA,NA,NA,"Gastropoda","Caenogastropoda","Neogastropoda","Columbellidae",NA,NA,"Mitrella","Mitrella aurantiaca",NA,NA,"Mollusca",NA,NA,NA,NA,NA,"Buccinoidea",NA,NA,NA,NA,NA,NA,NA,NA,NA,NA
"1271",766775,"Species","Animalia",NA,NA,NA,"Gastropoda","Caenogastropoda","Littorinimorpha","Eatoniellidae",NA,NA,"Eatoniella","Eatoniella afronigra",NA,NA,"Mollusca",NA,NA,NA,NA,NA,"Cingulopsoidea",NA,NA,NA,NA,NA,NA,NA,NA,NA,NA
"1272",798770,"Family","Animalia",NA,NA,NA,"Malacostraca","Eumalacostraca","Tanaidacea","Tanaididae",NA,NA,NA,NA,NA,"Peracarida","Arthropoda","Crustacea","Multicrustacea",NA,"Tanaidomorpha",NA,"Tanaidoidea",NA,NA,NA,NA,NA,NA,NA,NA,NA,NA
"1273",818380,"Genus","Animalia",NA,NA,NA,"Gastropoda","Caenogastropoda","Littorinimorpha","Assimineidae","Ekadantinae",NA,"Metassiminea",NA,NA,NA,"Mollusca",NA,NA,NA,NA,NA,"Truncatelloidea",NA,NA,NA,NA,NA,NA,NA,NA,NA,NA
"1274",826653,"genus","Animalia",NA,NA,NA,"Teleostei",NA,"Blenniiformes","Labrisomidae",NA,NA,"Gobioclinus",NA,NA,NA,"Chordata","Vertebrata","Actinopteri",NA,NA,NA,NA,NA,NA,NA,NA,"Gnathostomata","Osteichthyes","Actinopterygii",NA,NA,NA
"1275",827203,"species","Animalia",NA,NA,NA,"Gastropoda","Caenogastropoda","Neogastropoda","Muricidae","Coralliophilinae",NA,"Coralliophila","Coralliophila abbreviata",NA,NA,"Mollusca",NA,NA,NA,NA,NA,"Muricoidea",NA,NA,NA,NA,NA,NA,NA,NA,NA,NA
"1276",828326,"species","Animalia",NA,NA,NA,"Hexacorallia",NA,"Scleractinia","Faviidae","Faviinae",NA,"Pseudodiploria","Pseudodiploria clivosa",NA,NA,"Cnidaria","Anthozoa",NA,NA,"Vacatina",NA,NA,NA,NA,NA,NA,NA,NA,NA,NA,NA,NA
"1277",835177,"species","Animalia",NA,NA,NA,"Teleostei",NA,"Gobiiformes","Gobiidae","Gobiinae",NA,"Elacatinus","Elacatinus cayman",NA,NA,"Chordata","Vertebrata","Actinopteri",NA,NA,NA,NA,NA,NA,NA,NA,"Gnathostomata","Osteichthyes","Actinopterygii",NA,NA,NA
"1278",835178,"species","Animalia",NA,NA,NA,"Teleostei",NA,"Gobiiformes","Gobiidae","Gobiinae",NA,"Elacatinus","Elacatinus centralis",NA,NA,"Chordata","Vertebrata","Actinopteri",NA,NA,NA,NA,NA,NA,NA,NA,"Gnathostomata","Osteichthyes","Actinopterygii",NA,NA,NA
"1279",845921,"Species","Animalia",NA,NA,NA,"Gastropoda","Caenogastropoda","Littorinimorpha","Assimineidae","Assimineinae",NA,"Angustassiminea","Angustassiminea californica",NA,NA,"Mollusca",NA,NA,NA,NA,NA,"Truncatelloidea",NA,NA,NA,NA,NA,NA,NA,NA,NA,NA
"1280",865834,"Species","Animalia",NA,NA,NA,"Gastropoda","Neritimorpha","Cycloneritida","Neritidae","Neritininae",NA,"Vitta","Vitta virginea",NA,NA,"Mollusca",NA,NA,NA,NA,NA,"Neritoidea",NA,NA,NA,NA,NA,NA,NA,NA,NA,NA
"1281",871477,"Species","Animalia",NA,NA,NA,"Gastropoda","Vetigastropoda","Trochida","Trochidae","Cantharidinae",NA,"Komaitrochus","Komaitrochus pulcher",NA,NA,"Mollusca",NA,NA,NA,NA,NA,"Trochoidea",NA,NA,NA,NA,NA,NA,NA,NA,NA,NA
"1282",877061,"Species","Animalia",NA,NA,NA,"Gastropoda","Caenogastropoda","Neogastropoda","Nassariidae","Nassariinae",NA,"Phrontis","Phrontis vibex",NA,NA,"Mollusca",NA,NA,NA,NA,NA,"Buccinoidea",NA,NA,NA,NA,NA,NA,NA,NA,NA,NA
"1283",877869,"Species","Animalia",NA,NA,NA,"Malacostraca","Eumalacostraca","Decapoda","Cancridae","Cancrinae",NA,"Romaleon","Romaleon setosum",NA,"Eucarida","Arthropoda","Crustacea","Multicrustacea",NA,"Pleocyemata","Brachyura","Cancroidea",NA,NA,"Eubrachyura","Heterotremata",NA,NA,NA,NA,NA,NA
"1284",878513,"Species","Animalia",NA,NA,NA,"Bivalvia","Autobranchia","Cardiida","Tellinidae","Tellininae",NA,"Ameritella","Ameritella mitchelli",NA,"Imparidentia","Mollusca",NA,NA,"Heteroconchia",NA,NA,"Tellinoidea",NA,"Euheterodonta",NA,NA,NA,NA,NA,NA,NA,NA
"1285",878753,"species","Animalia",NA,NA,NA,"Malacostraca","Eumalacostraca","Decapoda","Mithracidae",NA,NA,"Omalacantha","Omalacantha bicornuta",NA,"Eucarida","Arthropoda","Crustacea","Multicrustacea",NA,"Pleocyemata","Brachyura","Majoidea",NA,NA,"Eubrachyura","Heterotremata",NA,NA,NA,NA,NA,NA
"1286",878834,"genus","Animalia",NA,NA,NA,NA,NA,"Polycladida","Pseudocerotidae",NA,NA,"Phrikoceros",NA,NA,NA,"Platyhelminthes","Rhabditophora",NA,NA,"Cotylea",NA,NA,NA,NA,NA,NA,NA,NA,NA,NA,NA,NA
"1287",880005,"Species","Animalia",NA,NA,NA,"Bivalvia","Autobranchia","Cardiida","Tellinidae","Macominae",NA,"Austromacoma","Austromacoma constricta",NA,"Imparidentia","Mollusca",NA,NA,"Heteroconchia",NA,NA,"Tellinoidea",NA,"Euheterodonta",NA,NA,NA,NA,NA,NA,NA,NA
"1288",880865,"Species","Animalia",NA,NA,NA,"Malacostraca","Eumalacostraca","Tanaidacea","Leptocheliidae","Leptocheliinae",NA,"Chondrochelia","Chondrochelia dubia",NA,"Peracarida","Arthropoda","Crustacea","Multicrustacea",NA,"Tanaidomorpha",NA,"Paratanaoidea",NA,NA,NA,NA,NA,NA,NA,NA,NA,NA
"1289",888530,"Species","Animalia",NA,NA,NA,"Teleostei",NA,"Esociformes","Esocidae",NA,NA,"Esox","Esox niger",NA,NA,"Chordata","Vertebrata","Actinopteri",NA,NA,NA,NA,NA,NA,NA,NA,"Gnathostomata","Osteichthyes","Actinopterygii",NA,NA,NA
"1290",889755,"Species","Animalia",NA,NA,NA,"Polychaeta","Errantia","Phyllodocida","Nereididae","Namanereidinae",NA,"Namanereis","Namanereis augeneri",NA,NA,"Annelida",NA,NA,NA,"Nereidiformia",NA,NA,NA,NA,NA,NA,NA,NA,NA,NA,NA,NA
"1291",893242,"species","Animalia",NA,NA,NA,"Hexacorallia",NA,"Scleractinia","Meandrinidae",NA,NA,"Dichocoenia","Dichocoenia stokesi",NA,NA,"Cnidaria","Anthozoa",NA,NA,"Vacatina",NA,NA,NA,NA,NA,NA,NA,NA,NA,NA,NA,NA
"1292",932398,"Species","Animalia",NA,NA,NA,"Malacostraca","Eumalacostraca","Decapoda","Palaemonidae",NA,NA,"Palaemon","Palaemon mundusnovus",NA,"Eucarida","Arthropoda","Crustacea","Multicrustacea",NA,"Pleocyemata","Caridea","Palaemonoidea",NA,NA,NA,NA,NA,NA,NA,NA,NA,NA
"1293",932401,"Species","Animalia",NA,NA,NA,"Malacostraca","Eumalacostraca","Decapoda","Palaemonidae",NA,NA,"Palaemon","Palaemon pugio",NA,"Eucarida","Arthropoda","Crustacea","Multicrustacea",NA,"Pleocyemata","Caridea","Palaemonoidea",NA,NA,NA,NA,NA,NA,NA,NA,NA,NA
"1294",932406,"Species","Animalia",NA,NA,NA,"Malacostraca","Eumalacostraca","Decapoda","Palaemonidae",NA,NA,"Palaemon","Palaemon vulgaris",NA,"Eucarida","Arthropoda","Crustacea","Multicrustacea",NA,"Pleocyemata","Caridea","Palaemonoidea",NA,NA,NA,NA,NA,NA,NA,NA,NA,NA
"1295",987079,"species","Animalia",NA,NA,NA,"Malacostraca","Eumalacostraca","Decapoda","Mithracidae",NA,NA,"Maguimithrax","Maguimithrax spinosissimus",NA,"Eucarida","Arthropoda","Crustacea","Multicrustacea",NA,"Pleocyemata","Brachyura","Majoidea",NA,NA,"Eubrachyura","Heterotremata",NA,NA,NA,NA,NA,NA
"1296",989022,"Order","Animalia",NA,NA,NA,"Hexapoda","Insecta","Lepidoptera",NA,NA,NA,NA,NA,NA,NA,"Arthropoda","Crustacea","Allotriocarida","Pterygota",NA,NA,NA,NA,NA,NA,NA,NA,NA,NA,NA,NA,NA
"1297",993098,"species","Animalia",NA,NA,NA,"Teleostei",NA,"Blenniiformes","Labrisomidae",NA,NA,"Gobioclinus","Gobioclinus bucciferus",NA,NA,"Chordata","Vertebrata","Actinopteri",NA,NA,NA,NA,NA,NA,NA,NA,"Gnathostomata","Osteichthyes","Actinopterygii",NA,NA,NA
"1298",993099,"species","Animalia",NA,NA,NA,"Teleostei",NA,"Blenniiformes","Labrisomidae",NA,NA,"Gobioclinus","Gobioclinus gobio",NA,NA,"Chordata","Vertebrata","Actinopteri",NA,NA,NA,NA,NA,NA,NA,NA,"Gnathostomata","Osteichthyes","Actinopterygii",NA,NA,NA
"1299",993100,"species","Animalia",NA,NA,NA,"Teleostei",NA,"Blenniiformes","Labrisomidae",NA,NA,"Gobioclinus","Gobioclinus guppyi",NA,NA,"Chordata","Vertebrata","Actinopteri",NA,NA,NA,NA,NA,NA,NA,NA,"Gnathostomata","Osteichthyes","Actinopterygii",NA,NA,NA
"1300",999984,"Species","Chromista","Harosa",NA,NA,"Globothalamea","Textulariana","Textulariida","Olgiidae",NA,NA,"Olgita","Olgita pacifica","Rhizaria",NA,"Foraminifera",NA,NA,NA,"Textulariina",NA,"Textularioidea",NA,NA,NA,NA,NA,NA,NA,NA,NA,NA
"1301",1013581,"species","Animalia",NA,NA,NA,"Teleostei",NA,"Gobiiformes","Gobiidae","Gobiinae",NA,"Tigrigobius","Tigrigobius dilepis",NA,NA,"Chordata","Vertebrata","Actinopteri",NA,NA,NA,NA,NA,NA,NA,NA,"Gnathostomata","Osteichthyes","Actinopterygii",NA,NA,NA
"1302",1013785,"species","Animalia",NA,NA,NA,"Teleostei",NA,"Gobiiformes","Gobiidae","Gobiinae",NA,"Tigrigobius","Tigrigobius saucrus",NA,NA,"Chordata","Vertebrata","Actinopteri",NA,NA,NA,NA,NA,NA,NA,NA,"Gnathostomata","Osteichthyes","Actinopterygii",NA,NA,NA
"1303",1016103,"species","Animalia",NA,NA,NA,"Teleostei",NA,"Gobiiformes","Gobiidae","Gobiinae",NA,"Tigrigobius","Tigrigobius macrodon",NA,NA,"Chordata","Vertebrata","Actinopteri",NA,NA,NA,NA,NA,NA,NA,NA,"Gnathostomata","Osteichthyes","Actinopterygii",NA,NA,NA
"1304",1018630,"species","Animalia",NA,NA,NA,"Teleostei",NA,"Blenniiformes","Labrisomidae",NA,NA,"Gobioclinus","Gobioclinus kalisherae",NA,NA,"Chordata","Vertebrata","Actinopteri",NA,NA,NA,NA,NA,NA,NA,NA,"Gnathostomata","Osteichthyes","Actinopterygii",NA,NA,NA
"1305",1019959,"Species","Animalia",NA,NA,NA,"Teleostei",NA,"Centrarchiformes","Terapontidae",NA,NA,"Bidyanus","Bidyanus bidyanus",NA,NA,"Chordata","Vertebrata","Actinopteri",NA,NA,NA,NA,NA,NA,NA,NA,"Gnathostomata","Osteichthyes","Actinopterygii",NA,NA,NA
"1306",1021254,"species","Animalia",NA,NA,NA,"Teleostei",NA,"Eupercaria incertae sedis","Haemulidae","Haemulinae",NA,"Haemulon","Haemulon vittatum",NA,NA,"Chordata","Vertebrata","Actinopteri",NA,NA,NA,NA,NA,NA,NA,NA,"Gnathostomata","Osteichthyes","Actinopterygii",NA,NA,NA
"1307",1021260,"species","Animalia",NA,NA,NA,"Teleostei",NA,"Ovalentaria incertae sedis","Pomacentridae",NA,NA,"Stegastes","Stegastes xanthurus",NA,NA,"Chordata","Vertebrata","Actinopteri",NA,NA,NA,NA,NA,NA,NA,NA,"Gnathostomata","Osteichthyes","Actinopterygii",NA,NA,NA
"1308",1023582,"species","Animalia",NA,NA,NA,"Gastropoda","Caenogastropoda","Littorinimorpha","Cymatiidae",NA,NA,"Monoplex","Monoplex martinianus",NA,NA,"Mollusca",NA,NA,NA,NA,NA,"Tonnoidea",NA,NA,NA,NA,NA,NA,NA,NA,NA,NA
"1309",1027144,"Species","Animalia",NA,NA,NA,"Gastropoda","Caenogastropoda","Caenogastropoda incertae sedis","Litiopidae",NA,NA,"Alaba","Alaba picta",NA,NA,"Mollusca",NA,NA,NA,NA,NA,"Cerithioidea",NA,NA,NA,NA,NA,NA,NA,NA,NA,NA
"1310",1042856,"species","Animalia",NA,NA,NA,"Elasmobranchii","Neoselachii","Myliobatiformes","Dasyatidae",NA,NA,"Hypanus","Hypanus americanus",NA,NA,"Chordata","Vertebrata",NA,"Batoidea",NA,NA,NA,NA,NA,NA,NA,"Gnathostomata","Chondrichthyes",NA,NA,NA,NA
"1311",1042858,"species","Animalia",NA,NA,NA,"Elasmobranchii","Neoselachii","Myliobatiformes","Dasyatidae",NA,NA,"Hypanus","Hypanus guttatus",NA,NA,"Chordata","Vertebrata",NA,"Batoidea",NA,NA,NA,NA,NA,NA,NA,"Gnathostomata","Chondrichthyes",NA,NA,NA,NA
"1312",1054108,"family","Animalia",NA,NA,NA,"Gastropoda","Caenogastropoda","Neogastropoda","Pisaniidae",NA,NA,NA,NA,NA,NA,"Mollusca",NA,NA,NA,NA,NA,"Buccinoidea",NA,NA,NA,NA,NA,NA,NA,NA,NA,NA
"1313",1054953,"Species","Animalia",NA,NA,NA,"Malacostraca","Eumalacostraca","Isopoda","Anthuridae",NA,NA,"Caenanthura","Caenanthura koreana",NA,"Peracarida","Arthropoda","Crustacea","Multicrustacea",NA,"Cymothoida",NA,"Anthuroidea",NA,NA,NA,NA,NA,NA,NA,NA,NA,NA
"1314",1055679,"Infraorder","Animalia",NA,NA,NA,"Malacostraca","Eumalacostraca","Amphipoda",NA,NA,NA,NA,NA,NA,"Peracarida","Arthropoda","Crustacea","Multicrustacea",NA,"Amphilochidea","Amphilochida",NA,NA,NA,NA,NA,NA,NA,NA,NA,NA,NA
"1315",1058953,"Order","Animalia",NA,NA,NA,"Gastropoda","Heterobranchia","Aplysiida",NA,NA,NA,NA,NA,NA,NA,"Mollusca",NA,NA,"Euthyneura",NA,NA,NA,NA,"Tectipleura",NA,NA,NA,NA,NA,NA,NA,NA
"1316",1059699,"species","Animalia",NA,NA,NA,"Malacostraca","Eumalacostraca","Decapoda","Palinuridae",NA,NA,"Panulirus","Panulirus meripurpuratus",NA,"Eucarida","Arthropoda","Crustacea","Multicrustacea",NA,"Pleocyemata","Achelata",NA,NA,NA,NA,NA,NA,NA,NA,NA,NA,NA
"1317",1075023,"species","Animalia",NA,NA,NA,"Gastropoda","Caenogastropoda","Littorinimorpha","Cypraeidae","Erosariinae",NA,"Naria","Naria acicularis",NA,NA,"Mollusca",NA,NA,NA,NA,NA,"Cypraeoidea",NA,NA,NA,NA,NA,NA,NA,NA,NA,NA
"1318",1258708,"species","Animalia",NA,NA,NA,"Malacostraca","Eumalacostraca","Decapoda","Mithracidae",NA,NA,"Amphithrax","Amphithrax aculeatus",NA,"Eucarida","Arthropoda","Crustacea","Multicrustacea",NA,"Pleocyemata","Brachyura","Majoidea",NA,NA,"Eubrachyura","Heterotremata",NA,NA,NA,NA,NA,NA
"1319",1258715,"Species","Animalia",NA,NA,NA,"Malacostraca","Eumalacostraca","Decapoda","Mithracidae",NA,NA,"Amphithrax","Amphithrax hemphilli",NA,"Eucarida","Arthropoda","Crustacea","Multicrustacea",NA,"Pleocyemata","Brachyura","Majoidea",NA,NA,"Eubrachyura","Heterotremata",NA,NA,NA,NA,NA,NA
"1320",1258717,"species","Animalia",NA,NA,NA,"Malacostraca","Eumalacostraca","Decapoda","Mithracidae",NA,NA,"Amphithrax","Amphithrax pilosus",NA,"Eucarida","Arthropoda","Crustacea","Multicrustacea",NA,"Pleocyemata","Brachyura","Majoidea",NA,NA,"Eubrachyura","Heterotremata",NA,NA,NA,NA,NA,NA
"1321",1288085,"Species","Animalia",NA,NA,NA,"Gastropoda","Heterobranchia",NA,"Lymnaeidae","Amphipepleinae","Peregrianini","Ampullaceana","Ampullaceana balthica",NA,"Hygrophila","Mollusca",NA,NA,"Euthyneura",NA,NA,"Lymnaeoidea",NA,"Tectipleura",NA,NA,NA,NA,NA,NA,NA,NA
"1322",1327608,"Species","Plantae","Biliphyta","Rhodophyta","Eurhodophytina","Florideophyceae","Rhodymeniophycidae","Gracilariales","Gracilariaceae","Gracilarioideae","Gracilarieae","Crassiphycus","Crassiphycus usneoides",NA,NA,NA,NA,NA,NA,NA,NA,NA,NA,NA,NA,NA,NA,NA,NA,NA,NA,NA
"1323",1335417,"species","Animalia",NA,NA,NA,"Gastropoda","Caenogastropoda","Neogastropoda","Muricidae","Ergalataxinae",NA,"Claremontiella","Claremontiella nodulosa",NA,NA,"Mollusca",NA,NA,NA,NA,NA,"Muricoidea",NA,NA,NA,NA,NA,NA,NA,NA,NA,NA
"1324",1370122,"species","Animalia",NA,NA,NA,"Hexacorallia",NA,"Scleractinia","Faviidae","Mussinae",NA,"Mycetophyllia","Mycetophyllia lamarckana",NA,NA,"Cnidaria","Anthozoa",NA,NA,"Vacatina",NA,NA,NA,NA,NA,NA,NA,NA,NA,NA,NA,NA
"1325",1374250,"Species","Animalia",NA,NA,NA,"Gastropoda","Heterobranchia","Cephalaspidea","Haminoeidae",NA,NA,"Haloa","Haloa japonica",NA,NA,"Mollusca",NA,NA,"Euthyneura",NA,NA,"Haminoeoidea",NA,"Tectipleura",NA,NA,NA,NA,NA,NA,NA,NA
"1326",1379887,"Species","Plantae","Biliphyta","Rhodophyta","Eurhodophytina","Florideophyceae","Rhodymeniophycidae","Gracilariales","Gracilariaceae","Gracilarioideae","Gracilarieae","Agarophyton","Agarophyton chilense",NA,NA,NA,NA,NA,NA,NA,NA,NA,NA,NA,NA,NA,NA,NA,NA,NA,NA,NA
"1327",1389965,"species","Animalia",NA,NA,NA,"Teleostei",NA,"Eupercaria incertae sedis","Sciaenidae",NA,NA,"Eques","Eques lanceolatus",NA,NA,"Chordata","Vertebrata","Actinopteri",NA,NA,NA,NA,NA,NA,NA,NA,"Gnathostomata","Osteichthyes","Actinopterygii",NA,NA,NA
"1328",1429769,"species","Animalia",NA,NA,NA,"Gastropoda","Caenogastropoda","Littorinimorpha","Strombidae",NA,NA,"Aliger","Aliger gigas",NA,NA,"Mollusca",NA,NA,NA,NA,NA,"Stromboidea",NA,NA,NA,NA,NA,NA,NA,NA,NA,NA
"1329",1429775,"species","Animalia",NA,NA,NA,"Gastropoda","Caenogastropoda","Littorinimorpha","Strombidae",NA,NA,"Macrostrombus","Macrostrombus costatus",NA,NA,"Mollusca",NA,NA,NA,NA,NA,"Stromboidea",NA,NA,NA,NA,NA,NA,NA,NA,NA,NA
"1330",1472329,"species","Animalia",NA,NA,NA,"Gastropoda","Caenogastropoda","Littorinimorpha","Bursidae",NA,NA,"Lampasopsis","Lampasopsis thomae",NA,NA,"Mollusca",NA,NA,NA,NA,NA,"Tonnoidea",NA,NA,NA,NA,NA,NA,NA,NA,NA,NA
"1331",1473917,"Species","Plantae","Viridiplantae","Tracheophyta","Spermatophytina","Magnoliopsida",NA,"Alismatales","Cymodoceaceae",NA,NA,"Oceana","Oceana serrulata","Streptophyta","Lilianae",NA,NA,NA,NA,NA,NA,NA,NA,NA,NA,NA,NA,NA,NA,NA,NA,NA
"1332",1493601,"species","Animalia",NA,NA,NA,"Teleostei",NA,"Eupercaria incertae sedis","Haemulidae","Haemulinae",NA,"Haemulon","Haemulon atlanticus",NA,NA,"Chordata","Vertebrata","Actinopteri",NA,NA,NA,NA,NA,NA,NA,NA,"Gnathostomata","Osteichthyes","Actinopterygii",NA,NA,NA
"1333",1493649,"species","Animalia",NA,NA,NA,"Elasmobranchii","Neoselachii","Myliobatiformes","Dasyatidae",NA,NA,"Hypanus","Hypanus berthalutzae",NA,NA,"Chordata","Vertebrata",NA,"Batoidea",NA,NA,NA,NA,NA,NA,NA,"Gnathostomata","Chondrichthyes",NA,NA,NA,NA
"1334",1493910,"species","Animalia",NA,NA,NA,"Teleostei",NA,"Eupercaria incertae sedis","Haemulidae","Haemulinae",NA,"Orthopristis","Orthopristis scapularis",NA,NA,"Chordata","Vertebrata","Actinopteri",NA,NA,NA,NA,NA,NA,NA,NA,"Gnathostomata","Osteichthyes","Actinopterygii",NA,NA,NA
"1335",1497938,"Species","Animalia",NA,NA,NA,"Gastropoda","Caenogastropoda","Neogastropoda","Nassariidae","Nassariinae",NA,"Phrontis","Phrontis tiarula",NA,NA,"Mollusca",NA,NA,NA,NA,NA,"Buccinoidea",NA,NA,NA,NA,NA,NA,NA,NA,NA,NA
"1336",1507449,"species","Animalia",NA,NA,NA,"Teleostei",NA,"Eupercaria incertae sedis","Haemulidae","Haemulinae",NA,"Paranisotremus","Paranisotremus moricandi",NA,NA,"Chordata","Vertebrata","Actinopteri",NA,NA,NA,NA,NA,NA,NA,NA,"Gnathostomata","Osteichthyes","Actinopterygii",NA,NA,NA
"1337",1507464,"species","Animalia",NA,NA,NA,"Malacostraca","Eumalacostraca","Decapoda","Mithracidae",NA,NA,"Mithrax","Mithrax forceps",NA,"Eucarida","Arthropoda","Crustacea","Multicrustacea",NA,"Pleocyemata","Brachyura","Majoidea",NA,NA,"Eubrachyura","Heterotremata",NA,NA,NA,NA,NA,NA
"1338",1533045,"Species","Plantae","Viridiplantae","Tracheophyta","Spermatophytina","Magnoliopsida",NA,"Alismatales","Cymodoceaceae",NA,NA,"Halodule","Halodule emarginata","Streptophyta","Lilianae",NA,NA,NA,NA,NA,NA,NA,NA,NA,NA,NA,NA,NA,NA,NA,NA,NA
"1339",1541252,"species","Animalia",NA,NA,NA,"Malacostraca","Eumalacostraca","Decapoda","Thoridae",NA,NA,"Thor","Thor dicaprio",NA,"Eucarida","Arthropoda","Crustacea","Multicrustacea",NA,"Pleocyemata","Caridea","Alpheoidea",NA,NA,NA,NA,NA,NA,NA,NA,NA,NA
"1340",1548543,"species","Animalia",NA,NA,NA,"Gastropoda","Vetigastropoda","Trochida","Tegulidae",NA,NA,"Agathistoma","Agathistoma viridulum",NA,NA,"Mollusca",NA,NA,NA,NA,NA,"Trochoidea",NA,NA,NA,NA,NA,NA,NA,NA,NA,NA
"1341",1557229,"species","Animalia",NA,NA,NA,"Gastropoda","Vetigastropoda","Trochida","Tegulidae",NA,NA,"Agathistoma","Agathistoma fasciatum",NA,NA,"Mollusca",NA,NA,NA,NA,NA,"Trochoidea",NA,NA,NA,NA,NA,NA,NA,NA,NA,NA
"1342",1577312,"species","Animalia",NA,NA,NA,"Teleostei",NA,"Tetraodontiformes","Ostraciidae",NA,NA,"Acanthostracion","Acanthostracion polygonium",NA,NA,"Chordata","Vertebrata","Actinopteri",NA,NA,NA,NA,NA,NA,NA,NA,"Gnathostomata","Osteichthyes","Actinopterygii",NA,NA,NA
"1343",1577330,"species","Animalia",NA,NA,NA,"Teleostei",NA,"Eupercaria incertae sedis","Haemulidae","Haemulinae",NA,"Brachygenys","Brachygenys chrysargyreum",NA,NA,"Chordata","Vertebrata","Actinopteri",NA,NA,NA,NA,NA,NA,NA,NA,"Gnathostomata","Osteichthyes","Actinopterygii",NA,NA,NA
"1344",1579720,"species","Animalia",NA,NA,NA,"Malacostraca","Hoplocarida","Stomatopoda","Lysiosquillidae",NA,NA,"Lysiosquilla","Lysiosquilla glabriuscula",NA,NA,"Arthropoda","Crustacea","Multicrustacea",NA,"Unipeltata",NA,"Lysiosquilloidea",NA,NA,NA,NA,NA,NA,NA,NA,NA,NA
"1345",1623786,"species","Animalia",NA,NA,NA,"Teleostei",NA,"Ovalentaria incertae sedis","Pomacentridae",NA,NA,"Azurina","Azurina multilineata",NA,NA,"Chordata","Vertebrata","Actinopteri",NA,NA,NA,NA,NA,NA,NA,NA,"Gnathostomata","Osteichthyes","Actinopterygii",NA,NA,NA
"1346",1660764,"Species","Bacteria","Negibacteria",NA,NA,"Cyanophyceae","Oscillatoriophycidae","Oscillatoriales","Microcoleaceae",NA,NA,"Dapis","Dapis pleousa",NA,NA,"Cyanobacteria",NA,NA,NA,NA,NA,NA,NA,NA,NA,NA,NA,NA,NA,NA,NA,NA
"1347",1667999,"species","Animalia",NA,NA,NA,"Teleostei",NA,"Eupercaria incertae sedis","Sciaenidae",NA,NA,"Pareques","Pareques lineatus",NA,NA,"Chordata","Vertebrata","Actinopteri",NA,NA,NA,NA,NA,NA,NA,NA,"Gnathostomata","Osteichthyes","Actinopterygii",NA,NA,NA
"1348",1736039,"species","Animalia",NA,NA,NA,"Gastropoda","Caenogastropoda","Neogastropoda","Vasidae",NA,NA,"Volutella","Volutella muricata",NA,NA,"Mollusca",NA,NA,NA,NA,NA,"Turbinelloidea",NA,NA,NA,NA,NA,NA,NA,NA,NA,NA
